May 07 19:10:36 kiseki-storage-1 systemd[1]: Started Kiseki Storage Server (node 1, nvme).
May 07 19:10:36 kiseki-storage-1 kiseki-server[9223]: 2026-05-07T19:10:36.007678Z  INFO kiseki_server: kiseki-server starting data_addr=0.0.0.0:9100 advisory_addr=0.0.0.0:9101
May 07 19:10:36 kiseki-storage-1 kiseki-server[9223]: 2026-05-07T19:10:36.007856Z  WARN kiseki_server::runtime: advisory gRPC listening (PLAINTEXT — development only) addr=0.0.0.0:9101
May 07 19:10:36 kiseki-storage-1 kiseki-server[9223]: 2026-05-07T19:10:36.008016Z  INFO run_advisory_stream_server{addr=0.0.0.0:9102}: kiseki_advisory::stream: advisory TCP stream server listening addr=0.0.0.0:9102
May 07 19:10:36 kiseki-storage-1 kiseki-server[9223]: 2026-05-07T19:10:36.008955Z  INFO kiseki_server::runtime: system disk detected media_type=Nvme total_gb=49 soft_limit_gb=24 budget_gb=20
May 07 19:10:36 kiseki-storage-1 kiseki-server[9223]: 2026-05-07T19:10:36.008970Z  INFO kiseki_server::runtime: node identity configured node_id=1 peers=3 raft_addr=Some(10.0.0.10:9300)
May 07 19:10:36 kiseki-storage-1 kiseki-server[9223]: 2026-05-07T19:10:36.038280Z  INFO kiseki_server::runtime: key store at-rest identity source="file"
May 07 19:10:36 kiseki-storage-1 kiseki-server[9223]: 2026-05-07T19:10:36.038424Z  INFO fjall::db: Creating database at /var/lib/kiseki/keys/epochs
May 07 19:10:36 kiseki-storage-1 kiseki-server[9223]: 2026-05-07T19:10:36.043370Z  INFO lsm_tree::tree::ingest: Finished ingestion writer
May 07 19:10:36 kiseki-storage-1 kiseki-server[9223]: 2026-05-07T19:10:36.047457Z  INFO lsm_tree::tree::ingest: Finished ingestion writer
May 07 19:10:36 kiseki-storage-1 kiseki-server[9223]: 2026-05-07T19:10:36.049684Z  INFO kiseki_server::runtime: key manager: persistent (fjall) ready epoch=1
May 07 19:10:36 kiseki-storage-1 kiseki-server[9223]: 2026-05-07T19:10:36.052051Z  INFO kiseki_server::runtime: small object store: persistent (redb) path=/var/lib/kiseki
May 07 19:10:36 kiseki-storage-1 kiseki-server[9223]: 2026-05-07T19:10:36.052260Z  INFO kiseki_log::raft_shard_store: Raft runtime threads=64
May 07 19:10:36 kiseki-storage-1 kiseki-server[9223]: 2026-05-07T19:10:36.054687Z  INFO kiseki_log::raft_shard_store: Raft RPC listener spawned (multiplexed, ADR-041) addr=10.0.0.10:9300
May 07 19:10:36 kiseki-storage-1 kiseki-server[9223]: 2026-05-07T19:10:36.054802Z  WARN kiseki_raft::tcp_transport: Raft RPC listener started (plaintext — dev mode, multiplexed) addr=10.0.0.10:9300
May 07 19:10:36 kiseki-storage-1 kiseki-server[9223]: 2026-05-07T19:10:36.054885Z  INFO fjall::db: Creating database at /var/lib/kiseki/raft/shard-00000000-0000-0000-0000-000000000001
May 07 19:10:36 kiseki-storage-1 kiseki-server[9223]: 2026-05-07T19:10:36.059170Z  INFO lsm_tree::tree::ingest: Finished ingestion writer
May 07 19:10:36 kiseki-storage-1 kiseki-server[9223]: 2026-05-07T19:10:36.062754Z  INFO lsm_tree::tree::ingest: Finished ingestion writer
May 07 19:10:36 kiseki-storage-1 kiseki-server[9223]: 2026-05-07T19:10:36.063819Z  INFO openraft::storage::helper: get_initial_state: vote: <T0-N1:->, last_purged_log_id: None, last_applied: None, committed: None, last_log_id: None
May 07 19:10:36 kiseki-storage-1 kiseki-server[9223]: 2026-05-07T19:10:36.063836Z  INFO openraft::storage::helper: load membership from log: [0..0)
May 07 19:10:36 kiseki-storage-1 kiseki-server[9223]: 2026-05-07T19:10:36.063845Z  INFO openraft::storage::helper: load key log ids from (None,None]
May 07 19:10:36 kiseki-storage-1 kiseki-server[9223]: 2026-05-07T19:10:36.072883Z  INFO openraft::engine::engine_impl: startup begin: state: RaftState { vote: Leased { data: Vote { leader_id: LeaderId { term: 0, node_id: 1 }, committed: false }, last_update: Some(TokioInstant(Instant { tv_sec: 57, tv_nsec: 402870698 })), lease: 0ns, lease_enabled: true }, log_ids: LogIdList { purged: None, key_log_ids: [] }, membership_state: MembershipState { committed: EffectiveMembership { log_id: None, membership: Membership { configs: [], nodes: {} }, voter_ids: {} }, effective: EffectiveMembership { log_id: None, membership: Membership { configs: [], nodes: {} }, voter_ids: {} } }, snapshot_meta: SnapshotMeta { last_log_id: None, last_membership: StoredMembership { log_id: None, membership: Membership { configs: [], nodes: {} } }, snapshot_id: "" }, last_inflight_id: 0, server_state: Learner, io_state: IOState { building_snapshot: false, log_progress: IOProgress { accepted: Some(Vote(UncommittedVote { leader_id: LeaderId { term: 0, node_id: 1 } })), submitted: Some(Vote(UncommittedVote { leader_id: LeaderId { term: 0, node_id: 1 } })), flushed: Some(Vote(UncommittedVote { leader_id: LeaderId { term: 0, node_id: 1 } })), id: "1", name: "LogIO" }, apply_progress: IOProgress { accepted: None, submitted: None, flushed: None, id: "1", name: "Apply" }, snapshot: IOProgress { accepted: None, submitted: None, flushed: None, id: "1", name: "Snapshot" }, cluster_committed: MonotonicIncrease { value: None }, purged: None }, purge_upto: None, progress_id_gen: SharedIdGenerator { next_id: 1 } }, is_leader: false, is_voter: false
May 07 19:10:36 kiseki-storage-1 kiseki-server[9223]: 2026-05-07T19:10:36.072926Z  INFO openraft::engine::engine_impl: startup done, id=1, target_state: Learner
May 07 19:10:36 kiseki-storage-1 kiseki-server[9223]: 2026-05-07T19:10:36.072924Z  INFO kiseki_log::raft_shard_store: shard registered with Raft RPC listener shard_id=00000000-0000-0000-0000-000000000001
May 07 19:10:36 kiseki-storage-1 kiseki-server[9223]: 2026-05-07T19:10:36.073037Z  INFO openraft::core::raft_core: received RaftMsg::Initialize: openraft::core::raft_core::RaftCore<_, _, _, _>::handle_api_msg, members: {1: KisekiNode { addr: "10.0.0.10:9300", topology: None }, 2: KisekiNode { addr: "10.0.0.11:9300", topology: None }, 3: KisekiNode { addr: "10.0.0.12:9300", topology: None }}
May 07 19:10:36 kiseki-storage-1 kiseki-server[9223]: 2026-05-07T19:10:36.073057Z  INFO openraft::engine::handler::server_state_handler: id=1 becomes leader
May 07 19:10:36 kiseki-storage-1 kiseki-server[9223]: 2026-05-07T19:10:36.073064Z  INFO openraft::engine::engine_impl: openraft::engine::engine_impl::Engine<_, _>::elect: new candidate: {<T1-N1:->@19:10:36.073061, last_log_id:T0-N1.0 progress:{1: false, 2: false, 3: false}}
May 07 19:10:36 kiseki-storage-1 kiseki-server[9223]: 2026-05-07T19:10:36.073100Z  INFO openraft::engine::handler::vote_handler: vote is changing from <T0-N1:Q> to <T1-N1:->
May 07 19:10:36 kiseki-storage-1 kiseki-server[9223]: 2026-05-07T19:10:36.073105Z  INFO openraft::engine::handler::server_state_handler: id=1 steps down from leader
May 07 19:10:36 kiseki-storage-1 kiseki-server[9223]: 2026-05-07T19:10:36.073723Z  INFO kiseki_log::raft_shard_store: shard membership initialized shard_id=00000000-0000-0000-0000-000000000001
May 07 19:10:36 kiseki-storage-1 kiseki-server[9223]: 2026-05-07T19:10:36.073736Z  INFO kiseki_server::runtime: log store: Raft node_id=1 peers=3
May 07 19:10:36 kiseki-storage-1 kiseki-server[9223]: 2026-05-07T19:10:36.073905Z  INFO fjall::db: Creating database at /var/lib/kiseki/raft/cluster_control
May 07 19:10:36 kiseki-storage-1 kiseki-server[9223]: 2026-05-07T19:10:36.073973Z  INFO openraft::core::raft_core: received Notification::VoteResponse: openraft::core::raft_core::RaftCore<_, _, _, _>::handle_notification, now: 19:10:36.073972, resp: {<T1-N1:->, last_log:None}
May 07 19:10:36 kiseki-storage-1 kiseki-server[9223]: 2026-05-07T19:10:36.073993Z  INFO openraft::engine::engine_impl: openraft::engine::engine_impl::Engine<_, _>::handle_vote_resp: resp: {<T1-N1:->, last_log:None}, target: 1, my_vote: <T1-N1:->, my_last_log_id: T0-N1.0
May 07 19:10:36 kiseki-storage-1 kiseki-server[9223]: 2026-05-07T19:10:36.074001Z  INFO openraft::proposer::candidate: openraft::proposer::candidate::Candidate<_, _>::grant_by: voting: {<T1-N1:->@19:10:36.073061, last_log_id:T0-N1.0 progress:{1: true, 2: false, 3: false}}
May 07 19:10:36 kiseki-storage-1 kiseki-server[9223]: 2026-05-07T19:10:36.074787Z ERROR openraft::core::raft_core: while requesting vote, error: Unreachable node: std::io::error::Error: Connection refused (os error 111), target: 2
May 07 19:10:36 kiseki-storage-1 kiseki-server[9223]: 2026-05-07T19:10:36.074792Z ERROR openraft::core::raft_core: while requesting vote, error: Unreachable node: std::io::error::Error: Connection refused (os error 111), target: 3
May 07 19:10:36 kiseki-storage-1 kiseki-server[9223]: 2026-05-07T19:10:36.078410Z  INFO lsm_tree::tree::ingest: Finished ingestion writer
May 07 19:10:36 kiseki-storage-1 kiseki-server[9223]: 2026-05-07T19:10:36.082216Z  INFO lsm_tree::tree::ingest: Finished ingestion writer
May 07 19:10:36 kiseki-storage-1 kiseki-server[9223]: 2026-05-07T19:10:36.083290Z  INFO openraft::storage::helper: get_initial_state: vote: <T0-N1:->, last_purged_log_id: None, last_applied: None, committed: None, last_log_id: None
May 07 19:10:36 kiseki-storage-1 kiseki-server[9223]: 2026-05-07T19:10:36.083309Z  INFO openraft::storage::helper: load membership from log: [0..0)
May 07 19:10:36 kiseki-storage-1 kiseki-server[9223]: 2026-05-07T19:10:36.083322Z  INFO openraft::storage::helper: load key log ids from (None,None]
May 07 19:10:36 kiseki-storage-1 kiseki-server[9223]: 2026-05-07T19:10:36.083426Z  INFO openraft::engine::engine_impl: startup begin: state: RaftState { vote: Leased { data: Vote { leader_id: LeaderId { term: 0, node_id: 1 }, committed: false }, last_update: Some(TokioInstant(Instant { tv_sec: 57, tv_nsec: 422347963 })), lease: 0ns, lease_enabled: true }, log_ids: LogIdList { purged: None, key_log_ids: [] }, membership_state: MembershipState { committed: EffectiveMembership { log_id: None, membership: Membership { configs: [], nodes: {} }, voter_ids: {} }, effective: EffectiveMembership { log_id: None, membership: Membership { configs: [], nodes: {} }, voter_ids: {} } }, snapshot_meta: SnapshotMeta { last_log_id: None, last_membership: StoredMembership { log_id: None, membership: Membership { configs: [], nodes: {} } }, snapshot_id: "" }, last_inflight_id: 0, server_state: Learner, io_state: IOState { building_snapshot: false, log_progress: IOProgress { accepted: Some(Vote(UncommittedVote { leader_id: LeaderId { term: 0, node_id: 1 } })), submitted: Some(Vote(UncommittedVote { leader_id: LeaderId { term: 0, node_id: 1 } })), flushed: Some(Vote(UncommittedVote { leader_id: LeaderId { term: 0, node_id: 1 } })), id: "1", name: "LogIO" }, apply_progress: IOProgress { accepted: None, submitted: None, flushed: None, id: "1", name: "Apply" }, snapshot: IOProgress { accepted: None, submitted: None, flushed: None, id: "1", name: "Snapshot" }, cluster_committed: MonotonicIncrease { value: None }, purged: None }, purge_upto: None, progress_id_gen: SharedIdGenerator { next_id: 1 } }, is_leader: false, is_voter: false
May 07 19:10:36 kiseki-storage-1 kiseki-server[9223]: 2026-05-07T19:10:36.083465Z  INFO openraft::engine::engine_impl: startup done, id=1, target_state: Learner
May 07 19:10:36 kiseki-storage-1 kiseki-server[9223]: 2026-05-07T19:10:36.083490Z  INFO openraft::core::raft_core: received RaftMsg::Initialize: openraft::core::raft_core::RaftCore<_, _, _, _>::handle_api_msg, members: {1: KisekiNode { addr: "10.0.0.10:9300", topology: None }, 2: KisekiNode { addr: "10.0.0.11:9300", topology: None }, 3: KisekiNode { addr: "10.0.0.12:9300", topology: None }}
May 07 19:10:36 kiseki-storage-1 kiseki-server[9223]: 2026-05-07T19:10:36.083508Z  INFO openraft::engine::handler::server_state_handler: id=1 becomes leader
May 07 19:10:36 kiseki-storage-1 kiseki-server[9223]: 2026-05-07T19:10:36.083514Z  INFO openraft::engine::engine_impl: openraft::engine::engine_impl::Engine<_, _>::elect: new candidate: {<T1-N1:->@19:10:36.083512, last_log_id:T0-N1.0 progress:{1: false, 2: false, 3: false}}
May 07 19:10:36 kiseki-storage-1 kiseki-server[9223]: 2026-05-07T19:10:36.083542Z  INFO openraft::engine::handler::vote_handler: vote is changing from <T0-N1:Q> to <T1-N1:->
May 07 19:10:36 kiseki-storage-1 kiseki-server[9223]: 2026-05-07T19:10:36.083547Z  INFO openraft::engine::handler::server_state_handler: id=1 steps down from leader
May 07 19:10:36 kiseki-storage-1 kiseki-server[9223]: 2026-05-07T19:10:36.084136Z  INFO kiseki_server::runtime: control-plane Raft group: up (ADR-033 §4) node_id=1 peers=3
May 07 19:10:36 kiseki-storage-1 kiseki-server[9223]: 2026-05-07T19:10:36.084179Z  INFO kiseki_server::runtime: bootstrap: shard created for tenant shard=00000000-0000-0000-0000-000000000001 tenant=00000000-0000-0000-0000-000000000001
May 07 19:10:36 kiseki-storage-1 kiseki-server[9223]: 2026-05-07T19:10:36.084191Z  INFO kiseki_server::runtime: audit log: in-memory events=0
May 07 19:10:36 kiseki-storage-1 kiseki-server[9223]: 2026-05-07T19:10:36.084572Z  INFO openraft::core::raft_core: received Notification::VoteResponse: openraft::core::raft_core::RaftCore<_, _, _, _>::handle_notification, now: 19:10:36.084570, resp: {<T1-N1:->, last_log:None}
May 07 19:10:36 kiseki-storage-1 kiseki-server[9223]: 2026-05-07T19:10:36.084588Z  INFO openraft::engine::engine_impl: openraft::engine::engine_impl::Engine<_, _>::handle_vote_resp: resp: {<T1-N1:->, last_log:None}, target: 1, my_vote: <T1-N1:->, my_last_log_id: T0-N1.0
May 07 19:10:36 kiseki-storage-1 kiseki-server[9223]: 2026-05-07T19:10:36.084593Z  INFO openraft::proposer::candidate: openraft::proposer::candidate::Candidate<_, _>::grant_by: voting: {<T1-N1:->@19:10:36.083512, last_log_id:T0-N1.0 progress:{1: true, 2: false, 3: false}}
May 07 19:10:36 kiseki-storage-1 kiseki-server[9223]: 2026-05-07T19:10:36.084806Z ERROR openraft::core::raft_core: while requesting vote, error: Unreachable node: std::io::error::Error: Connection refused (os error 111), target: 3
May 07 19:10:36 kiseki-storage-1 kiseki-server[9223]: 2026-05-07T19:10:36.084814Z ERROR openraft::core::raft_core: while requesting vote, error: Unreachable node: std::io::error::Error: Connection refused (os error 111), target: 2
May 07 19:10:36 kiseki-storage-1 kiseki-server[9223]: 2026-05-07T19:10:36.086516Z  INFO fjall::db: Creating database at /var/lib/kiseki/chunks/meta
May 07 19:10:36 kiseki-storage-1 kiseki-server[9223]: 2026-05-07T19:10:36.090815Z  INFO lsm_tree::tree::ingest: Finished ingestion writer
May 07 19:10:36 kiseki-storage-1 kiseki-server[9223]: 2026-05-07T19:10:36.095341Z  INFO lsm_tree::tree::ingest: Finished ingestion writer
May 07 19:10:36 kiseki-storage-1 kiseki-server[9223]: 2026-05-07T19:10:36.096561Z  INFO kiseki_server::runtime: chunk store: persistent (raw block, group commit) path=/var/lib/kiseki flush_interval_ms=100
May 07 19:10:36 kiseki-storage-1 kiseki-server[9223]: 2026-05-07T19:10:36.096590Z  INFO kiseki_server::runtime: fabric peer registered for cross-node chunks peer_id=2 fabric_addr="10.0.0.11:9100"
May 07 19:10:36 kiseki-storage-1 kiseki-server[9223]: 2026-05-07T19:10:36.096601Z  INFO kiseki_server::runtime: fabric peer registered for cross-node chunks peer_id=3 fabric_addr="10.0.0.12:9100"
May 07 19:10:36 kiseki-storage-1 kiseki-server[9223]: 2026-05-07T19:10:36.096605Z  INFO kiseki_server::runtime: cross-node chunk replication enabled (Phase 16a) peers=2
May 07 19:10:36 kiseki-storage-1 kiseki-server[9223]: 2026-05-07T19:10:36.096607Z  INFO kiseki_server::runtime: cluster durability defaults cluster_size=3 copies=3 min_acks=2 strategy=Replication { copies: 3 }
May 07 19:10:36 kiseki-storage-1 kiseki-server[9223]: 2026-05-07T19:10:36.096616Z  INFO kiseki_server::runtime: scrub scheduler: spawned (orphan + under-replication, 10-min cadence, drain-on-shutdown)
May 07 19:10:36 kiseki-storage-1 kiseki-server[9223]: 2026-05-07T19:10:36.096619Z  INFO kiseki_server::runtime: raw block devices configured devices=8
May 07 19:10:36 kiseki-storage-1 kiseki-server[9223]: 2026-05-07T19:10:36.096674Z  INFO kiseki_server::runtime: raw device detected device="/dev/disk/by-id/google-local-nvme-ssd-0"
May 07 19:10:36 kiseki-storage-1 kiseki-server[9223]: 2026-05-07T19:10:36.096682Z  INFO kiseki_server::runtime: raw device detected device="/dev/disk/by-id/google-local-nvme-ssd-1"
May 07 19:10:36 kiseki-storage-1 kiseki-server[9223]: 2026-05-07T19:10:36.096688Z  INFO kiseki_server::runtime: raw device detected device="/dev/disk/by-id/google-local-nvme-ssd-2"
May 07 19:10:36 kiseki-storage-1 kiseki-server[9223]: 2026-05-07T19:10:36.096693Z  INFO kiseki_server::runtime: raw device detected device="/dev/disk/by-id/google-local-nvme-ssd-3"
May 07 19:10:36 kiseki-storage-1 kiseki-server[9223]: 2026-05-07T19:10:36.096697Z  INFO kiseki_server::runtime: raw device detected device="/dev/disk/by-id/google-local-nvme-ssd-4"
May 07 19:10:36 kiseki-storage-1 kiseki-server[9223]: 2026-05-07T19:10:36.096702Z  INFO kiseki_server::runtime: raw device detected device="/dev/disk/by-id/google-local-nvme-ssd-5"
May 07 19:10:36 kiseki-storage-1 kiseki-server[9223]: 2026-05-07T19:10:36.096706Z  INFO kiseki_server::runtime: raw device detected device="/dev/disk/by-id/google-local-nvme-ssd-6"
May 07 19:10:36 kiseki-storage-1 kiseki-server[9223]: 2026-05-07T19:10:36.096710Z  INFO kiseki_server::runtime: raw device detected device="/dev/disk/by-id/google-local-nvme-ssd-7"
May 07 19:10:36 kiseki-storage-1 kiseki-server[9223]: 2026-05-07T19:10:36.096774Z  INFO fjall::db: Creating database at /var/lib/kiseki/metadata/compositions
May 07 19:10:36 kiseki-storage-1 kiseki-server[9223]: 2026-05-07T19:10:36.097681Z  INFO kiseki_chunk_cluster::scrub_scheduler: scrub scheduler: shutdown received, draining
May 07 19:10:36 kiseki-storage-1 kiseki-server[9223]: 2026-05-07T19:10:36.101177Z  INFO lsm_tree::tree::ingest: Finished ingestion writer
May 07 19:10:36 kiseki-storage-1 kiseki-server[9223]: 2026-05-07T19:10:36.105156Z  INFO lsm_tree::tree::ingest: Finished ingestion writer
May 07 19:10:36 kiseki-storage-1 kiseki-server[9223]: 2026-05-07T19:10:36.108319Z  INFO lsm_tree::tree::ingest: Finished ingestion writer
May 07 19:10:36 kiseki-storage-1 kiseki-server[9223]: 2026-05-07T19:10:36.112664Z  INFO lsm_tree::tree::ingest: Finished ingestion writer
May 07 19:10:36 kiseki-storage-1 kiseki-server[9223]: 2026-05-07T19:10:36.114257Z  INFO kiseki_server::runtime: composition store: persistent (fjall, eventual durability) path=/var/lib/kiseki/metadata/compositions interval_ms=100
May 07 19:10:36 kiseki-storage-1 kiseki-server[9223]: 2026-05-07T19:10:36.116556Z  INFO kiseki_server::runtime: view store: persistent (redb-backed, ADR-040) path=/var/lib/kiseki/metadata/views.redb
May 07 19:10:36 kiseki-storage-1 kiseki-server[9223]: 2026-05-07T19:10:36.117078Z  INFO kiseki_server::runtime: bootstrap: namespace 'default' + view installed (Raft seed node)
May 07 19:10:36 kiseki-storage-1 kiseki-server[9223]: 2026-05-07T19:10:36.117106Z  INFO kiseki_server::runtime: inline write path disabled in multi-node cluster — small writes go through fabric (Phase 16a)
May 07 19:10:36 kiseki-storage-1 kiseki-server[9223]: 2026-05-07T19:10:36.117114Z  INFO kiseki_server::runtime: fsync hook: composition store (fjall) registered
May 07 19:10:36 kiseki-storage-1 kiseki-server[9223]: 2026-05-07T19:10:36.117117Z  INFO kiseki_server::runtime: fsync hook: chunk-store device registered
May 07 19:10:36 kiseki-storage-1 kiseki-server[9223]: 2026-05-07T19:10:36.117170Z  WARN kiseki::nfs::security: NFS path is PLAINTEXT — fh4s and data are observable on the network. Mitigations: VPC isolation, firewall ingress restrictions. Compliance: this configuration violates I-PN7-default and is acceptable only with documented compensating controls.
May 07 19:10:36 kiseki-storage-1 kiseki-server[9223]: 2026-05-07T19:10:36.117182Z  INFO kiseki_server::runtime: NFS transport posture mode=Plaintext layout_ttl_seconds=60
May 07 19:10:36 kiseki-storage-1 kiseki-server[9223]: 2026-05-07T19:10:36.117246Z  WARN kiseki_gateway::s3_server: S3 HTTP gateway listening (PLAINTEXT — development only) addr=0.0.0.0:9000
May 07 19:10:36 kiseki-storage-1 kiseki-server[9223]: 2026-05-07T19:10:36.117301Z  INFO kiseki_gateway::nfs_server: NFS server listening (NFSv3 + NFSv4.2) addr=0.0.0.0:2049
May 07 19:10:36 kiseki-storage-1 kiseki-server[9223]: 2026-05-07T19:10:36.117302Z  INFO kiseki_server::runtime: portmapper listening (NFS3 + MOUNT3 → NFS port) addr=0.0.0.0:111 advertised_nfs_port=2049
May 07 19:10:36 kiseki-storage-1 kiseki-server[9223]: 2026-05-07T19:10:36.117355Z  INFO kiseki_server::runtime: pNFS DS listener spawned addr=0.0.0.0:2052
May 07 19:10:36 kiseki-storage-1 kiseki-server[9223]: 2026-05-07T19:10:36.117352Z  INFO kiseki_server::metrics: metrics + admin UI server listening addr=0.0.0.0:9090
May 07 19:10:36 kiseki-storage-1 kiseki-server[9223]: 2026-05-07T19:10:36.117364Z  INFO kiseki_server::runtime: composition hydrator spawned (Phase 16f — followers consume create-deltas)
May 07 19:10:36 kiseki-storage-1 kiseki-server[9223]: 2026-05-07T19:10:36.117378Z  INFO kiseki_server::runtime: backup: disabled (set KISEKI_BACKUP_BACKEND=fs|s3 to enable)
May 07 19:10:36 kiseki-storage-1 kiseki-server[9223]: 2026-05-07T19:10:36.117382Z  INFO kiseki_server::runtime: control plane: in-process (ControlService on data-path gRPC)
May 07 19:10:36 kiseki-storage-1 kiseki-server[9223]: 2026-05-07T19:10:36.117398Z  INFO kiseki_gateway::pnfs_ds_server: pNFS DS listening addr=0.0.0.0:2052 tls=false
May 07 19:10:36 kiseki-storage-1 kiseki-server[9223]: 2026-05-07T19:10:36.119621Z  INFO kiseki_server::runtime: tuning store: persistent (redb) path=/var/lib/kiseki/tuning
May 07 19:10:36 kiseki-storage-1 kiseki-server[9223]: 2026-05-07T19:10:36.119723Z  WARN kiseki_server::runtime: data-path gRPC listening (PLAINTEXT — development only) addr=0.0.0.0:9100
May 07 19:10:36 kiseki-storage-1 kiseki-server[9223]: 2026-05-07T19:10:36.119756Z  WARN kiseki_server::runtime: ClusterChunkService: NO SAN interceptor (plaintext development mode — cross-node fabric is not protected against tenant certs)
May 07 19:10:36 kiseki-storage-1 kiseki-server[9223]: 2026-05-07T19:10:36.119778Z  INFO kiseki_server::runtime: [transport.native] available bindings (in priority order):
May 07 19:10:36 kiseki-storage-1 kiseki-server[9223]: 2026-05-07T19:10:36.119784Z  INFO kiseki_server::runtime:   1. tcp-framed       (latency_class=Low, addr=0.0.0.0:9101)
May 07 19:10:36 kiseki-storage-1 kiseki-server[9223]: 2026-05-07T19:10:36.119786Z  INFO kiseki_server::runtime:   2. grpc-h2          (latency_class=Standard, addr=0.0.0.0:9100)
May 07 19:10:36 kiseki-storage-1 kiseki-server[9223]: 2026-05-07T19:10:36.119789Z  INFO kiseki_server::runtime: [transport.native] override available via KISEKI_NATIVE_TRANSPORT={grpc|tcp|ibverbs|libfabric|auto}
May 07 19:10:36 kiseki-storage-1 kiseki-server[9223]: 2026-05-07T19:10:36.119806Z  INFO kiseki_server::runtime: TCP-framed native binding registered (ADR-042 §2.2) addr=0.0.0.0:9101 require_tls=false
May 07 19:10:36 kiseki-storage-1 kiseki-server[9223]: 2026-05-07T19:10:36.119812Z  INFO kiseki_server::runtime: gRPC native binding registered on shared data_addr (ADR-042 §2.1) require_tls=false
May 07 19:10:36 kiseki-storage-1 kiseki-server[9223]: 2026-05-07T19:10:36.119851Z ERROR kiseki_server::runtime: TCP-framed native binding listener exited error=Address already in use (os error 98)
May 07 19:10:38 kiseki-storage-1 kiseki-server[9223]: 2026-05-07T19:10:38.317340Z  INFO openraft::core::raft_core: election timeout expired, triggering election
May 07 19:10:38 kiseki-storage-1 kiseki-server[9223]: 2026-05-07T19:10:38.317364Z  INFO openraft::core::raft_core: trigger election
May 07 19:10:38 kiseki-storage-1 kiseki-server[9223]: 2026-05-07T19:10:38.317373Z  INFO openraft::engine::engine_impl: openraft::engine::engine_impl::Engine<_, _>::elect: new candidate: {<T2-N1:->@19:10:38.317367, last_log_id:T0-N1.0 progress:{1: false, 2: false, 3: false}}
May 07 19:10:38 kiseki-storage-1 kiseki-server[9223]: 2026-05-07T19:10:38.317431Z  INFO openraft::engine::handler::vote_handler: vote is changing from <T1-N1:-> to <T2-N1:->
May 07 19:10:38 kiseki-storage-1 kiseki-server[9223]: 2026-05-07T19:10:38.318156Z  INFO openraft::core::raft_core: received Notification::VoteResponse: openraft::core::raft_core::RaftCore<_, _, _, _>::handle_notification, now: 19:10:38.318154, resp: {<T2-N1:->, last_log:None}
May 07 19:10:38 kiseki-storage-1 kiseki-server[9223]: 2026-05-07T19:10:38.318167Z  INFO openraft::engine::engine_impl: openraft::engine::engine_impl::Engine<_, _>::handle_vote_resp: resp: {<T2-N1:->, last_log:None}, target: 1, my_vote: <T2-N1:->, my_last_log_id: T0-N1.0
May 07 19:10:38 kiseki-storage-1 kiseki-server[9223]: 2026-05-07T19:10:38.318172Z  INFO openraft::proposer::candidate: openraft::proposer::candidate::Candidate<_, _>::grant_by: voting: {<T2-N1:->@19:10:38.317367, last_log_id:T0-N1.0 progress:{1: true, 2: false, 3: false}}
May 07 19:10:38 kiseki-storage-1 kiseki-server[9223]: 2026-05-07T19:10:38.318513Z ERROR openraft::core::raft_core: while requesting vote, error: Unreachable node: std::io::error::Error: Connection refused (os error 111), target: 2
May 07 19:10:38 kiseki-storage-1 kiseki-server[9223]: 2026-05-07T19:10:38.318511Z ERROR openraft::core::raft_core: while requesting vote, error: Unreachable node: std::io::error::Error: Connection refused (os error 111), target: 3
May 07 19:10:39 kiseki-storage-1 kiseki-server[9223]: 2026-05-07T19:10:39.086881Z  INFO openraft::core::raft_core: election timeout expired, triggering election
May 07 19:10:39 kiseki-storage-1 kiseki-server[9223]: 2026-05-07T19:10:39.086901Z  INFO openraft::core::raft_core: trigger election
May 07 19:10:39 kiseki-storage-1 kiseki-server[9223]: 2026-05-07T19:10:39.086912Z  INFO openraft::engine::engine_impl: openraft::engine::engine_impl::Engine<_, _>::elect: new candidate: {<T2-N1:->@19:10:39.086905, last_log_id:T0-N1.0 progress:{1: false, 2: false, 3: false}}
May 07 19:10:39 kiseki-storage-1 kiseki-server[9223]: 2026-05-07T19:10:39.086927Z  INFO openraft::engine::handler::vote_handler: vote is changing from <T1-N1:-> to <T2-N1:->
May 07 19:10:39 kiseki-storage-1 kiseki-server[9223]: 2026-05-07T19:10:39.087733Z  INFO openraft::core::raft_core: received Notification::VoteResponse: openraft::core::raft_core::RaftCore<_, _, _, _>::handle_notification, now: 19:10:39.087732, resp: {<T2-N1:->, last_log:None}
May 07 19:10:39 kiseki-storage-1 kiseki-server[9223]: 2026-05-07T19:10:39.087745Z  INFO openraft::engine::engine_impl: openraft::engine::engine_impl::Engine<_, _>::handle_vote_resp: resp: {<T2-N1:->, last_log:None}, target: 1, my_vote: <T2-N1:->, my_last_log_id: T0-N1.0
May 07 19:10:39 kiseki-storage-1 kiseki-server[9223]: 2026-05-07T19:10:39.087750Z  INFO openraft::proposer::candidate: openraft::proposer::candidate::Candidate<_, _>::grant_by: voting: {<T2-N1:->@19:10:39.086905, last_log_id:T0-N1.0 progress:{1: true, 2: false, 3: false}}
May 07 19:10:39 kiseki-storage-1 kiseki-server[9223]: 2026-05-07T19:10:39.088052Z ERROR openraft::core::raft_core: while requesting vote, error: Unreachable node: std::io::error::Error: Connection refused (os error 111), target: 2
May 07 19:10:39 kiseki-storage-1 kiseki-server[9223]: 2026-05-07T19:10:39.088048Z ERROR openraft::core::raft_core: while requesting vote, error: Unreachable node: std::io::error::Error: Connection refused (os error 111), target: 3
May 07 19:10:40 kiseki-storage-1 kiseki-server[9223]: 2026-05-07T19:10:40.569994Z  INFO openraft::core::raft_core: election timeout expired, triggering election
May 07 19:10:40 kiseki-storage-1 kiseki-server[9223]: 2026-05-07T19:10:40.570015Z  INFO openraft::core::raft_core: trigger election
May 07 19:10:40 kiseki-storage-1 kiseki-server[9223]: 2026-05-07T19:10:40.570025Z  INFO openraft::engine::engine_impl: openraft::engine::engine_impl::Engine<_, _>::elect: new candidate: {<T3-N1:->@19:10:40.570019, last_log_id:T0-N1.0 progress:{1: false, 2: false, 3: false}}
May 07 19:10:40 kiseki-storage-1 kiseki-server[9223]: 2026-05-07T19:10:40.570048Z  INFO openraft::engine::handler::vote_handler: vote is changing from <T2-N1:-> to <T3-N1:->
May 07 19:10:40 kiseki-storage-1 kiseki-server[9223]: 2026-05-07T19:10:40.570849Z  INFO openraft::core::raft_core: received Notification::VoteResponse: openraft::core::raft_core::RaftCore<_, _, _, _>::handle_notification, now: 19:10:40.570847, resp: {<T3-N1:->, last_log:None}
May 07 19:10:40 kiseki-storage-1 kiseki-server[9223]: 2026-05-07T19:10:40.570860Z  INFO openraft::engine::engine_impl: openraft::engine::engine_impl::Engine<_, _>::handle_vote_resp: resp: {<T3-N1:->, last_log:None}, target: 1, my_vote: <T3-N1:->, my_last_log_id: T0-N1.0
May 07 19:10:40 kiseki-storage-1 kiseki-server[9223]: 2026-05-07T19:10:40.570865Z  INFO openraft::proposer::candidate: openraft::proposer::candidate::Candidate<_, _>::grant_by: voting: {<T3-N1:->@19:10:40.570019, last_log_id:T0-N1.0 progress:{1: true, 2: false, 3: false}}
May 07 19:10:40 kiseki-storage-1 kiseki-server[9223]: 2026-05-07T19:10:40.571168Z ERROR openraft::core::raft_core: while requesting vote, error: Unreachable node: std::io::error::Error: Connection refused (os error 111), target: 3
May 07 19:10:40 kiseki-storage-1 kiseki-server[9223]: 2026-05-07T19:10:40.571196Z ERROR openraft::core::raft_core: while requesting vote, error: Unreachable node: std::io::error::Error: Connection refused (os error 111), target: 2
May 07 19:10:42 kiseki-storage-1 kiseki-server[9223]: 2026-05-07T19:10:42.092111Z  INFO openraft::core::raft_core: election timeout expired, triggering election
May 07 19:10:42 kiseki-storage-1 kiseki-server[9223]: 2026-05-07T19:10:42.092140Z  INFO openraft::core::raft_core: trigger election
May 07 19:10:42 kiseki-storage-1 kiseki-server[9223]: 2026-05-07T19:10:42.092150Z  INFO openraft::engine::engine_impl: openraft::engine::engine_impl::Engine<_, _>::elect: new candidate: {<T3-N1:->@19:10:42.092143, last_log_id:T0-N1.0 progress:{1: false, 2: false, 3: false}}
May 07 19:10:42 kiseki-storage-1 kiseki-server[9223]: 2026-05-07T19:10:42.092173Z  INFO openraft::engine::handler::vote_handler: vote is changing from <T2-N1:-> to <T3-N1:->
May 07 19:10:42 kiseki-storage-1 kiseki-server[9223]: 2026-05-07T19:10:42.092882Z  INFO openraft::core::raft_core: received Notification::VoteResponse: openraft::core::raft_core::RaftCore<_, _, _, _>::handle_notification, now: 19:10:42.092880, resp: {<T3-N1:->, last_log:None}
May 07 19:10:42 kiseki-storage-1 kiseki-server[9223]: 2026-05-07T19:10:42.092893Z  INFO openraft::engine::engine_impl: openraft::engine::engine_impl::Engine<_, _>::handle_vote_resp: resp: {<T3-N1:->, last_log:None}, target: 1, my_vote: <T3-N1:->, my_last_log_id: T0-N1.0
May 07 19:10:42 kiseki-storage-1 kiseki-server[9223]: 2026-05-07T19:10:42.092898Z  INFO openraft::proposer::candidate: openraft::proposer::candidate::Candidate<_, _>::grant_by: voting: {<T3-N1:->@19:10:42.092143, last_log_id:T0-N1.0 progress:{1: true, 2: false, 3: false}}
May 07 19:10:42 kiseki-storage-1 kiseki-server[9223]: 2026-05-07T19:10:42.093167Z ERROR openraft::core::raft_core: while requesting vote, error: Unreachable node: std::io::error::Error: Connection refused (os error 111), target: 3
May 07 19:10:42 kiseki-storage-1 kiseki-server[9223]: 2026-05-07T19:10:42.093186Z ERROR openraft::core::raft_core: while requesting vote, error: Unreachable node: std::io::error::Error: Connection refused (os error 111), target: 2
May 07 19:10:42 kiseki-storage-1 kiseki-server[9223]: 2026-05-07T19:10:42.822731Z  INFO openraft::core::raft_core: election timeout expired, triggering election
May 07 19:10:42 kiseki-storage-1 kiseki-server[9223]: 2026-05-07T19:10:42.822751Z  INFO openraft::core::raft_core: trigger election
May 07 19:10:42 kiseki-storage-1 kiseki-server[9223]: 2026-05-07T19:10:42.822760Z  INFO openraft::engine::engine_impl: openraft::engine::engine_impl::Engine<_, _>::elect: new candidate: {<T4-N1:->@19:10:42.822755, last_log_id:T0-N1.0 progress:{1: false, 2: false, 3: false}}
May 07 19:10:42 kiseki-storage-1 kiseki-server[9223]: 2026-05-07T19:10:42.822783Z  INFO openraft::engine::handler::vote_handler: vote is changing from <T3-N1:-> to <T4-N1:->
May 07 19:10:42 kiseki-storage-1 kiseki-server[9223]: 2026-05-07T19:10:42.823531Z  INFO openraft::core::raft_core: received Notification::VoteResponse: openraft::core::raft_core::RaftCore<_, _, _, _>::handle_notification, now: 19:10:42.823530, resp: {<T4-N1:->, last_log:None}
May 07 19:10:42 kiseki-storage-1 kiseki-server[9223]: 2026-05-07T19:10:42.823543Z  INFO openraft::engine::engine_impl: openraft::engine::engine_impl::Engine<_, _>::handle_vote_resp: resp: {<T4-N1:->, last_log:None}, target: 1, my_vote: <T4-N1:->, my_last_log_id: T0-N1.0
May 07 19:10:42 kiseki-storage-1 kiseki-server[9223]: 2026-05-07T19:10:42.823548Z  INFO openraft::proposer::candidate: openraft::proposer::candidate::Candidate<_, _>::grant_by: voting: {<T4-N1:->@19:10:42.822755, last_log_id:T0-N1.0 progress:{1: true, 2: false, 3: false}}
May 07 19:10:42 kiseki-storage-1 kiseki-server[9223]: 2026-05-07T19:10:42.823828Z ERROR openraft::core::raft_core: while requesting vote, error: Unreachable node: std::io::error::Error: Connection refused (os error 111), target: 2
May 07 19:10:42 kiseki-storage-1 kiseki-server[9223]: 2026-05-07T19:10:42.823839Z ERROR openraft::core::raft_core: while requesting vote, error: Unreachable node: std::io::error::Error: Connection refused (os error 111), target: 3
May 07 19:10:45 kiseki-storage-1 kiseki-server[9223]: 2026-05-07T19:10:45.075553Z  INFO openraft::core::raft_core: election timeout expired, triggering election
May 07 19:10:45 kiseki-storage-1 kiseki-server[9223]: 2026-05-07T19:10:45.075576Z  INFO openraft::core::raft_core: trigger election
May 07 19:10:45 kiseki-storage-1 kiseki-server[9223]: 2026-05-07T19:10:45.075586Z  INFO openraft::engine::engine_impl: openraft::engine::engine_impl::Engine<_, _>::elect: new candidate: {<T5-N1:->@19:10:45.075580, last_log_id:T0-N1.0 progress:{1: false, 2: false, 3: false}}
May 07 19:10:45 kiseki-storage-1 kiseki-server[9223]: 2026-05-07T19:10:45.075610Z  INFO openraft::engine::handler::vote_handler: vote is changing from <T4-N1:-> to <T5-N1:->
May 07 19:10:45 kiseki-storage-1 kiseki-server[9223]: 2026-05-07T19:10:45.076516Z  INFO openraft::core::raft_core: received Notification::VoteResponse: openraft::core::raft_core::RaftCore<_, _, _, _>::handle_notification, now: 19:10:45.076514, resp: {<T5-N1:->, last_log:None}
May 07 19:10:45 kiseki-storage-1 kiseki-server[9223]: 2026-05-07T19:10:45.076527Z  INFO openraft::engine::engine_impl: openraft::engine::engine_impl::Engine<_, _>::handle_vote_resp: resp: {<T5-N1:->, last_log:None}, target: 1, my_vote: <T5-N1:->, my_last_log_id: T0-N1.0
May 07 19:10:45 kiseki-storage-1 kiseki-server[9223]: 2026-05-07T19:10:45.076533Z  INFO openraft::proposer::candidate: openraft::proposer::candidate::Candidate<_, _>::grant_by: voting: {<T5-N1:->@19:10:45.075580, last_log_id:T0-N1.0 progress:{1: true, 2: false, 3: false}}
May 07 19:10:45 kiseki-storage-1 kiseki-server[9223]: 2026-05-07T19:10:45.076958Z ERROR openraft::core::raft_core: while requesting vote, error: Unreachable node: std::io::error::Error: Connection refused (os error 111), target: 2
May 07 19:10:45 kiseki-storage-1 kiseki-server[9223]: 2026-05-07T19:10:45.076954Z ERROR openraft::core::raft_core: while requesting vote, error: Unreachable node: std::io::error::Error: Connection refused (os error 111), target: 3
May 07 19:10:45 kiseki-storage-1 kiseki-server[9223]: 2026-05-07T19:10:45.096011Z  INFO openraft::core::raft_core: election timeout expired, triggering election
May 07 19:10:45 kiseki-storage-1 kiseki-server[9223]: 2026-05-07T19:10:45.096025Z  INFO openraft::core::raft_core: trigger election
May 07 19:10:45 kiseki-storage-1 kiseki-server[9223]: 2026-05-07T19:10:45.096035Z  INFO openraft::engine::engine_impl: openraft::engine::engine_impl::Engine<_, _>::elect: new candidate: {<T4-N1:->@19:10:45.096029, last_log_id:T0-N1.0 progress:{1: false, 2: false, 3: false}}
May 07 19:10:45 kiseki-storage-1 kiseki-server[9223]: 2026-05-07T19:10:45.096054Z  INFO openraft::engine::handler::vote_handler: vote is changing from <T3-N1:-> to <T4-N1:->
May 07 19:10:45 kiseki-storage-1 kiseki-server[9223]: 2026-05-07T19:10:45.096743Z  INFO openraft::core::raft_core: received Notification::VoteResponse: openraft::core::raft_core::RaftCore<_, _, _, _>::handle_notification, now: 19:10:45.096742, resp: {<T4-N1:->, last_log:None}
May 07 19:10:45 kiseki-storage-1 kiseki-server[9223]: 2026-05-07T19:10:45.096754Z  INFO openraft::engine::engine_impl: openraft::engine::engine_impl::Engine<_, _>::handle_vote_resp: resp: {<T4-N1:->, last_log:None}, target: 1, my_vote: <T4-N1:->, my_last_log_id: T0-N1.0
May 07 19:10:45 kiseki-storage-1 kiseki-server[9223]: 2026-05-07T19:10:45.096759Z  INFO openraft::proposer::candidate: openraft::proposer::candidate::Candidate<_, _>::grant_by: voting: {<T4-N1:->@19:10:45.096029, last_log_id:T0-N1.0 progress:{1: true, 2: false, 3: false}}
May 07 19:10:45 kiseki-storage-1 kiseki-server[9223]: 2026-05-07T19:10:45.096965Z ERROR openraft::core::raft_core: while requesting vote, error: Unreachable node: std::io::error::Error: Connection refused (os error 111), target: 3
May 07 19:10:45 kiseki-storage-1 kiseki-server[9223]: 2026-05-07T19:10:45.096993Z ERROR openraft::core::raft_core: while requesting vote, error: Unreachable node: std::io::error::Error: Connection refused (os error 111), target: 2
May 07 19:10:47 kiseki-storage-1 kiseki-server[9223]: 2026-05-07T19:10:47.328705Z  INFO openraft::core::raft_core: election timeout expired, triggering election
May 07 19:10:47 kiseki-storage-1 kiseki-server[9223]: 2026-05-07T19:10:47.328727Z  INFO openraft::core::raft_core: trigger election
May 07 19:10:47 kiseki-storage-1 kiseki-server[9223]: 2026-05-07T19:10:47.328739Z  INFO openraft::engine::engine_impl: openraft::engine::engine_impl::Engine<_, _>::elect: new candidate: {<T6-N1:->@19:10:47.328731, last_log_id:T0-N1.0 progress:{1: false, 2: false, 3: false}}
May 07 19:10:47 kiseki-storage-1 kiseki-server[9223]: 2026-05-07T19:10:47.328762Z  INFO openraft::engine::handler::vote_handler: vote is changing from <T5-N1:-> to <T6-N1:->
May 07 19:10:47 kiseki-storage-1 kiseki-server[9223]: 2026-05-07T19:10:47.329551Z  INFO openraft::core::raft_core: received Notification::VoteResponse: openraft::core::raft_core::RaftCore<_, _, _, _>::handle_notification, now: 19:10:47.329550, resp: {<T6-N1:->, last_log:None}
May 07 19:10:47 kiseki-storage-1 kiseki-server[9223]: 2026-05-07T19:10:47.329563Z  INFO openraft::engine::engine_impl: openraft::engine::engine_impl::Engine<_, _>::handle_vote_resp: resp: {<T6-N1:->, last_log:None}, target: 1, my_vote: <T6-N1:->, my_last_log_id: T0-N1.0
May 07 19:10:47 kiseki-storage-1 kiseki-server[9223]: 2026-05-07T19:10:47.329568Z  INFO openraft::proposer::candidate: openraft::proposer::candidate::Candidate<_, _>::grant_by: voting: {<T6-N1:->@19:10:47.328731, last_log_id:T0-N1.0 progress:{1: true, 2: false, 3: false}}
May 07 19:10:47 kiseki-storage-1 kiseki-server[9223]: 2026-05-07T19:10:47.329833Z ERROR openraft::core::raft_core: while requesting vote, error: Unreachable node: std::io::error::Error: Connection refused (os error 111), target: 3
May 07 19:10:47 kiseki-storage-1 kiseki-server[9223]: 2026-05-07T19:10:47.329852Z ERROR openraft::core::raft_core: while requesting vote, error: Unreachable node: std::io::error::Error: Connection refused (os error 111), target: 2
May 07 19:10:48 kiseki-storage-1 kiseki-server[9223]: 2026-05-07T19:10:48.099500Z  INFO openraft::core::raft_core: election timeout expired, triggering election
May 07 19:10:48 kiseki-storage-1 kiseki-server[9223]: 2026-05-07T19:10:48.099521Z  INFO openraft::core::raft_core: trigger election
May 07 19:10:48 kiseki-storage-1 kiseki-server[9223]: 2026-05-07T19:10:48.099531Z  INFO openraft::engine::engine_impl: openraft::engine::engine_impl::Engine<_, _>::elect: new candidate: {<T5-N1:->@19:10:48.099524, last_log_id:T0-N1.0 progress:{1: false, 2: false, 3: false}}
May 07 19:10:48 kiseki-storage-1 kiseki-server[9223]: 2026-05-07T19:10:48.099545Z  INFO openraft::engine::handler::vote_handler: vote is changing from <T4-N1:-> to <T5-N1:->
May 07 19:10:48 kiseki-storage-1 kiseki-server[9223]: 2026-05-07T19:10:48.100304Z  INFO openraft::core::raft_core: received Notification::VoteResponse: openraft::core::raft_core::RaftCore<_, _, _, _>::handle_notification, now: 19:10:48.100303, resp: {<T5-N1:->, last_log:None}
May 07 19:10:48 kiseki-storage-1 kiseki-server[9223]: 2026-05-07T19:10:48.100315Z  INFO openraft::engine::engine_impl: openraft::engine::engine_impl::Engine<_, _>::handle_vote_resp: resp: {<T5-N1:->, last_log:None}, target: 1, my_vote: <T5-N1:->, my_last_log_id: T0-N1.0
May 07 19:10:48 kiseki-storage-1 kiseki-server[9223]: 2026-05-07T19:10:48.100320Z  INFO openraft::proposer::candidate: openraft::proposer::candidate::Candidate<_, _>::grant_by: voting: {<T5-N1:->@19:10:48.099524, last_log_id:T0-N1.0 progress:{1: true, 2: false, 3: false}}
May 07 19:10:48 kiseki-storage-1 kiseki-server[9223]: 2026-05-07T19:10:48.100589Z ERROR openraft::core::raft_core: while requesting vote, error: Unreachable node: std::io::error::Error: Connection refused (os error 111), target: 2
May 07 19:10:48 kiseki-storage-1 kiseki-server[9223]: 2026-05-07T19:10:48.100599Z ERROR openraft::core::raft_core: while requesting vote, error: Unreachable node: std::io::error::Error: Connection refused (os error 111), target: 3
May 07 19:10:49 kiseki-storage-1 kiseki-server[9223]: 2026-05-07T19:10:49.582267Z  INFO openraft::core::raft_core: election timeout expired, triggering election
May 07 19:10:49 kiseki-storage-1 kiseki-server[9223]: 2026-05-07T19:10:49.582289Z  INFO openraft::core::raft_core: trigger election
May 07 19:10:49 kiseki-storage-1 kiseki-server[9223]: 2026-05-07T19:10:49.582300Z  INFO openraft::engine::engine_impl: openraft::engine::engine_impl::Engine<_, _>::elect: new candidate: {<T7-N1:->@19:10:49.582292, last_log_id:T0-N1.0 progress:{1: false, 2: false, 3: false}}
May 07 19:10:49 kiseki-storage-1 kiseki-server[9223]: 2026-05-07T19:10:49.582322Z  INFO openraft::engine::handler::vote_handler: vote is changing from <T6-N1:-> to <T7-N1:->
May 07 19:10:49 kiseki-storage-1 kiseki-server[9223]: 2026-05-07T19:10:49.583134Z  INFO openraft::core::raft_core: received Notification::VoteResponse: openraft::core::raft_core::RaftCore<_, _, _, _>::handle_notification, now: 19:10:49.583133, resp: {<T7-N1:->, last_log:None}
May 07 19:10:49 kiseki-storage-1 kiseki-server[9223]: 2026-05-07T19:10:49.583145Z  INFO openraft::engine::engine_impl: openraft::engine::engine_impl::Engine<_, _>::handle_vote_resp: resp: {<T7-N1:->, last_log:None}, target: 1, my_vote: <T7-N1:->, my_last_log_id: T0-N1.0
May 07 19:10:49 kiseki-storage-1 kiseki-server[9223]: 2026-05-07T19:10:49.583151Z  INFO openraft::proposer::candidate: openraft::proposer::candidate::Candidate<_, _>::grant_by: voting: {<T7-N1:->@19:10:49.582292, last_log_id:T0-N1.0 progress:{1: true, 2: false, 3: false}}
May 07 19:10:49 kiseki-storage-1 kiseki-server[9223]: 2026-05-07T19:10:49.583470Z ERROR openraft::core::raft_core: while requesting vote, error: Unreachable node: std::io::error::Error: Connection refused (os error 111), target: 3
May 07 19:10:49 kiseki-storage-1 kiseki-server[9223]: 2026-05-07T19:10:49.583479Z ERROR openraft::core::raft_core: while requesting vote, error: Unreachable node: std::io::error::Error: Connection refused (os error 111), target: 2
May 07 19:10:51 kiseki-storage-1 kiseki-server[9223]: 2026-05-07T19:10:51.103459Z  INFO openraft::core::raft_core: election timeout expired, triggering election
May 07 19:10:51 kiseki-storage-1 kiseki-server[9223]: 2026-05-07T19:10:51.103481Z  INFO openraft::core::raft_core: trigger election
May 07 19:10:51 kiseki-storage-1 kiseki-server[9223]: 2026-05-07T19:10:51.103492Z  INFO openraft::engine::engine_impl: openraft::engine::engine_impl::Engine<_, _>::elect: new candidate: {<T6-N1:->@19:10:51.103485, last_log_id:T0-N1.0 progress:{1: false, 2: false, 3: false}}
May 07 19:10:51 kiseki-storage-1 kiseki-server[9223]: 2026-05-07T19:10:51.103514Z  INFO openraft::engine::handler::vote_handler: vote is changing from <T5-N1:-> to <T6-N1:->
May 07 19:10:51 kiseki-storage-1 kiseki-server[9223]: 2026-05-07T19:10:51.104190Z  INFO openraft::core::raft_core: received Notification::VoteResponse: openraft::core::raft_core::RaftCore<_, _, _, _>::handle_notification, now: 19:10:51.104189, resp: {<T6-N1:->, last_log:None}
May 07 19:10:51 kiseki-storage-1 kiseki-server[9223]: 2026-05-07T19:10:51.104202Z  INFO openraft::engine::engine_impl: openraft::engine::engine_impl::Engine<_, _>::handle_vote_resp: resp: {<T6-N1:->, last_log:None}, target: 1, my_vote: <T6-N1:->, my_last_log_id: T0-N1.0
May 07 19:10:51 kiseki-storage-1 kiseki-server[9223]: 2026-05-07T19:10:51.104207Z  INFO openraft::proposer::candidate: openraft::proposer::candidate::Candidate<_, _>::grant_by: voting: {<T6-N1:->@19:10:51.103485, last_log_id:T0-N1.0 progress:{1: true, 2: false, 3: false}}
May 07 19:10:51 kiseki-storage-1 kiseki-server[9223]: 2026-05-07T19:10:51.104520Z ERROR openraft::core::raft_core: while requesting vote, error: Unreachable node: std::io::error::Error: Connection refused (os error 111), target: 3
May 07 19:10:51 kiseki-storage-1 kiseki-server[9223]: 2026-05-07T19:10:51.104549Z ERROR openraft::core::raft_core: while requesting vote, error: Unreachable node: std::io::error::Error: Connection refused (os error 111), target: 2
May 07 19:10:51 kiseki-storage-1 kiseki-server[9223]: 2026-05-07T19:10:51.835057Z  INFO openraft::core::raft_core: election timeout expired, triggering election
May 07 19:10:51 kiseki-storage-1 kiseki-server[9223]: 2026-05-07T19:10:51.835077Z  INFO openraft::core::raft_core: trigger election
May 07 19:10:51 kiseki-storage-1 kiseki-server[9223]: 2026-05-07T19:10:51.835088Z  INFO openraft::engine::engine_impl: openraft::engine::engine_impl::Engine<_, _>::elect: new candidate: {<T8-N1:->@19:10:51.835081, last_log_id:T0-N1.0 progress:{1: false, 2: false, 3: false}}
May 07 19:10:51 kiseki-storage-1 kiseki-server[9223]: 2026-05-07T19:10:51.835102Z  INFO openraft::engine::handler::vote_handler: vote is changing from <T7-N1:-> to <T8-N1:->
May 07 19:10:51 kiseki-storage-1 kiseki-server[9223]: 2026-05-07T19:10:51.835879Z  INFO openraft::core::raft_core: received Notification::VoteResponse: openraft::core::raft_core::RaftCore<_, _, _, _>::handle_notification, now: 19:10:51.835878, resp: {<T8-N1:->, last_log:None}
May 07 19:10:51 kiseki-storage-1 kiseki-server[9223]: 2026-05-07T19:10:51.835890Z  INFO openraft::engine::engine_impl: openraft::engine::engine_impl::Engine<_, _>::handle_vote_resp: resp: {<T8-N1:->, last_log:None}, target: 1, my_vote: <T8-N1:->, my_last_log_id: T0-N1.0
May 07 19:10:51 kiseki-storage-1 kiseki-server[9223]: 2026-05-07T19:10:51.835895Z  INFO openraft::proposer::candidate: openraft::proposer::candidate::Candidate<_, _>::grant_by: voting: {<T8-N1:->@19:10:51.835081, last_log_id:T0-N1.0 progress:{1: true, 2: false, 3: false}}
May 07 19:10:51 kiseki-storage-1 kiseki-server[9223]: 2026-05-07T19:10:51.836167Z ERROR openraft::core::raft_core: while requesting vote, error: Unreachable node: std::io::error::Error: Connection refused (os error 111), target: 2
May 07 19:10:51 kiseki-storage-1 kiseki-server[9223]: 2026-05-07T19:10:51.836185Z ERROR openraft::core::raft_core: while requesting vote, error: Unreachable node: std::io::error::Error: Connection refused (os error 111), target: 3
May 07 19:10:54 kiseki-storage-1 kiseki-server[9223]: 2026-05-07T19:10:54.087664Z  INFO openraft::core::raft_core: election timeout expired, triggering election
May 07 19:10:54 kiseki-storage-1 kiseki-server[9223]: 2026-05-07T19:10:54.087685Z  INFO openraft::core::raft_core: trigger election
May 07 19:10:54 kiseki-storage-1 kiseki-server[9223]: 2026-05-07T19:10:54.087695Z  INFO openraft::engine::engine_impl: openraft::engine::engine_impl::Engine<_, _>::elect: new candidate: {<T9-N1:->@19:10:54.087688, last_log_id:T0-N1.0 progress:{1: false, 2: false, 3: false}}
May 07 19:10:54 kiseki-storage-1 kiseki-server[9223]: 2026-05-07T19:10:54.087717Z  INFO openraft::engine::handler::vote_handler: vote is changing from <T8-N1:-> to <T9-N1:->
May 07 19:10:54 kiseki-storage-1 kiseki-server[9223]: 2026-05-07T19:10:54.088426Z  INFO openraft::core::raft_core: received Notification::VoteResponse: openraft::core::raft_core::RaftCore<_, _, _, _>::handle_notification, now: 19:10:54.088425, resp: {<T9-N1:->, last_log:None}
May 07 19:10:54 kiseki-storage-1 kiseki-server[9223]: 2026-05-07T19:10:54.088438Z  INFO openraft::engine::engine_impl: openraft::engine::engine_impl::Engine<_, _>::handle_vote_resp: resp: {<T9-N1:->, last_log:None}, target: 1, my_vote: <T9-N1:->, my_last_log_id: T0-N1.0
May 07 19:10:54 kiseki-storage-1 kiseki-server[9223]: 2026-05-07T19:10:54.088443Z  INFO openraft::proposer::candidate: openraft::proposer::candidate::Candidate<_, _>::grant_by: voting: {<T9-N1:->@19:10:54.087688, last_log_id:T0-N1.0 progress:{1: true, 2: false, 3: false}}
May 07 19:10:54 kiseki-storage-1 kiseki-server[9223]: 2026-05-07T19:10:54.088741Z ERROR openraft::core::raft_core: while requesting vote, error: Unreachable node: std::io::error::Error: Connection refused (os error 111), target: 2
May 07 19:10:54 kiseki-storage-1 kiseki-server[9223]: 2026-05-07T19:10:54.088754Z ERROR openraft::core::raft_core: while requesting vote, error: Unreachable node: std::io::error::Error: Connection refused (os error 111), target: 3
May 07 19:10:54 kiseki-storage-1 kiseki-server[9223]: 2026-05-07T19:10:54.107890Z  INFO openraft::core::raft_core: election timeout expired, triggering election
May 07 19:10:54 kiseki-storage-1 kiseki-server[9223]: 2026-05-07T19:10:54.107904Z  INFO openraft::core::raft_core: trigger election
May 07 19:10:54 kiseki-storage-1 kiseki-server[9223]: 2026-05-07T19:10:54.107914Z  INFO openraft::engine::engine_impl: openraft::engine::engine_impl::Engine<_, _>::elect: new candidate: {<T7-N1:->@19:10:54.107908, last_log_id:T0-N1.0 progress:{1: false, 2: false, 3: false}}
May 07 19:10:54 kiseki-storage-1 kiseki-server[9223]: 2026-05-07T19:10:54.107932Z  INFO openraft::engine::handler::vote_handler: vote is changing from <T6-N1:-> to <T7-N1:->
May 07 19:10:54 kiseki-storage-1 kiseki-server[9223]: 2026-05-07T19:10:54.108666Z  INFO openraft::core::raft_core: received Notification::VoteResponse: openraft::core::raft_core::RaftCore<_, _, _, _>::handle_notification, now: 19:10:54.108665, resp: {<T7-N1:->, last_log:None}
May 07 19:10:54 kiseki-storage-1 kiseki-server[9223]: 2026-05-07T19:10:54.108677Z  INFO openraft::engine::engine_impl: openraft::engine::engine_impl::Engine<_, _>::handle_vote_resp: resp: {<T7-N1:->, last_log:None}, target: 1, my_vote: <T7-N1:->, my_last_log_id: T0-N1.0
May 07 19:10:54 kiseki-storage-1 kiseki-server[9223]: 2026-05-07T19:10:54.108682Z  INFO openraft::proposer::candidate: openraft::proposer::candidate::Candidate<_, _>::grant_by: voting: {<T7-N1:->@19:10:54.107908, last_log_id:T0-N1.0 progress:{1: true, 2: false, 3: false}}
May 07 19:10:54 kiseki-storage-1 kiseki-server[9223]: 2026-05-07T19:10:54.108913Z ERROR openraft::core::raft_core: while requesting vote, error: Unreachable node: std::io::error::Error: Connection refused (os error 111), target: 2
May 07 19:10:54 kiseki-storage-1 kiseki-server[9223]: 2026-05-07T19:10:54.108920Z ERROR openraft::core::raft_core: while requesting vote, error: Unreachable node: std::io::error::Error: Connection refused (os error 111), target: 3
May 07 19:10:56 kiseki-storage-1 kiseki-server[9223]: 2026-05-07T19:10:56.341218Z  INFO openraft::core::raft_core: election timeout expired, triggering election
May 07 19:10:56 kiseki-storage-1 kiseki-server[9223]: 2026-05-07T19:10:56.341241Z  INFO openraft::core::raft_core: trigger election
May 07 19:10:56 kiseki-storage-1 kiseki-server[9223]: 2026-05-07T19:10:56.341252Z  INFO openraft::engine::engine_impl: openraft::engine::engine_impl::Engine<_, _>::elect: new candidate: {<T10-N1:->@19:10:56.341245, last_log_id:T0-N1.0 progress:{1: false, 2: false, 3: false}}
May 07 19:10:56 kiseki-storage-1 kiseki-server[9223]: 2026-05-07T19:10:56.341275Z  INFO openraft::engine::handler::vote_handler: vote is changing from <T9-N1:-> to <T10-N1:->
May 07 19:10:56 kiseki-storage-1 kiseki-server[9223]: 2026-05-07T19:10:56.342089Z  INFO openraft::core::raft_core: received Notification::VoteResponse: openraft::core::raft_core::RaftCore<_, _, _, _>::handle_notification, now: 19:10:56.342088, resp: {<T10-N1:->, last_log:None}
May 07 19:10:56 kiseki-storage-1 kiseki-server[9223]: 2026-05-07T19:10:56.342100Z  INFO openraft::engine::engine_impl: openraft::engine::engine_impl::Engine<_, _>::handle_vote_resp: resp: {<T10-N1:->, last_log:None}, target: 1, my_vote: <T10-N1:->, my_last_log_id: T0-N1.0
May 07 19:10:56 kiseki-storage-1 kiseki-server[9223]: 2026-05-07T19:10:56.342106Z  INFO openraft::proposer::candidate: openraft::proposer::candidate::Candidate<_, _>::grant_by: voting: {<T10-N1:->@19:10:56.341245, last_log_id:T0-N1.0 progress:{1: true, 2: false, 3: false}}
May 07 19:10:56 kiseki-storage-1 kiseki-server[9223]: 2026-05-07T19:10:56.342432Z ERROR openraft::core::raft_core: while requesting vote, error: Unreachable node: std::io::error::Error: Connection refused (os error 111), target: 2
May 07 19:10:56 kiseki-storage-1 kiseki-server[9223]: 2026-05-07T19:10:56.343912Z  INFO openraft::core::raft_core: received Notification::VoteResponse: openraft::core::raft_core::RaftCore<_, _, _, _>::handle_notification, now: 19:10:56.343908, resp: {<T10-N1:->, last_log:None}
May 07 19:10:56 kiseki-storage-1 kiseki-server[9223]: 2026-05-07T19:10:56.343961Z  INFO openraft::engine::engine_impl: openraft::engine::engine_impl::Engine<_, _>::handle_vote_resp: resp: {<T10-N1:->, last_log:None}, target: 3, my_vote: <T10-N1:->, my_last_log_id: T0-N1.0
May 07 19:10:56 kiseki-storage-1 kiseki-server[9223]: 2026-05-07T19:10:56.343967Z  INFO openraft::proposer::candidate: openraft::proposer::candidate::Candidate<_, _>::grant_by: voting: {<T10-N1:->@19:10:56.341245, last_log_id:T0-N1.0 progress:{1: true, 3: true, 2: false}}
May 07 19:10:56 kiseki-storage-1 kiseki-server[9223]: 2026-05-07T19:10:56.343975Z  INFO openraft::engine::engine_impl: a quorum granted my vote
May 07 19:10:56 kiseki-storage-1 kiseki-server[9223]: 2026-05-07T19:10:56.343984Z  INFO openraft::engine::engine_impl: openraft::engine::engine_impl::Engine<_, _>::establish_leader
May 07 19:10:56 kiseki-storage-1 kiseki-server[9223]: 2026-05-07T19:10:56.343995Z  INFO openraft::engine::handler::vote_handler: vote is changing from <T10-N1:-> to <T10-N1:Q>
May 07 19:10:56 kiseki-storage-1 kiseki-server[9223]: 2026-05-07T19:10:56.343999Z  INFO openraft::engine::handler::server_state_handler: id=1 becomes leader
May 07 19:10:56 kiseki-storage-1 kiseki-server[9223]: 2026-05-07T19:10:56.345268Z  WARN openraft::replication: ReplicationCore recv RPCError: Unreachable node: std::io::error::Error: Connection refused (os error 111), when:(stream-replication); sending error to RaftCore
May 07 19:10:56 kiseki-storage-1 kiseki-server[9223]: 2026-05-07T19:10:56.345287Z  WARN openraft::engine::handler::replication_handler: update progress error: Unreachable node: std::io::error::Error: Connection refused (os error 111)
May 07 19:10:56 kiseki-storage-1 kiseki-server[9223]: 2026-05-07T19:10:56.546294Z  WARN openraft::replication: ReplicationCore recv RPCError: Unreachable node: std::io::error::Error: Connection refused (os error 111), when:(stream-replication); sending error to RaftCore
May 07 19:10:56 kiseki-storage-1 kiseki-server[9223]: 2026-05-07T19:10:56.546333Z  WARN openraft::engine::handler::replication_handler: update progress error: Unreachable node: std::io::error::Error: Connection refused (os error 111)
May 07 19:10:56 kiseki-storage-1 kiseki-server[9223]: 2026-05-07T19:10:56.747129Z  WARN openraft::replication: ReplicationCore recv RPCError: Unreachable node: std::io::error::Error: Connection refused (os error 111), when:(stream-replication); sending error to RaftCore
May 07 19:10:56 kiseki-storage-1 kiseki-server[9223]: 2026-05-07T19:10:56.947916Z  WARN openraft::replication: ReplicationCore recv RPCError: Unreachable node: std::io::error::Error: Connection refused (os error 111), when:(stream-replication); sending error to RaftCore
May 07 19:10:56 kiseki-storage-1 kiseki-server[9223]: 2026-05-07T19:10:56.947951Z  WARN openraft::engine::handler::replication_handler: update progress error: Unreachable node: std::io::error::Error: Connection refused (os error 111)
May 07 19:10:57 kiseki-storage-1 kiseki-server[9223]: 2026-05-07T19:10:57.092556Z  WARN openraft::core::heartbeat::worker: HeartbeatWorker(id=1, target=2) failed to send a heartbeat: Ok(Err(Unreachable(Unreachable { source: BoxedErrorSource { inner: std::io::error::Error: Connection refused (os error 111) } })))
May 07 19:10:57 kiseki-storage-1 kiseki-server[9223]: 2026-05-07T19:10:57.113146Z  INFO openraft::core::raft_core: election timeout expired, triggering election
May 07 19:10:57 kiseki-storage-1 kiseki-server[9223]: 2026-05-07T19:10:57.113160Z  INFO openraft::core::raft_core: trigger election
May 07 19:10:57 kiseki-storage-1 kiseki-server[9223]: 2026-05-07T19:10:57.113169Z  INFO openraft::engine::engine_impl: openraft::engine::engine_impl::Engine<_, _>::elect: new candidate: {<T8-N1:->@19:10:57.113163, last_log_id:T0-N1.0 progress:{1: false, 2: false, 3: false}}
May 07 19:10:57 kiseki-storage-1 kiseki-server[9223]: 2026-05-07T19:10:57.113186Z  INFO openraft::engine::handler::vote_handler: vote is changing from <T7-N1:-> to <T8-N1:->
May 07 19:10:57 kiseki-storage-1 kiseki-server[9223]: 2026-05-07T19:10:57.113902Z  INFO openraft::core::raft_core: received Notification::VoteResponse: openraft::core::raft_core::RaftCore<_, _, _, _>::handle_notification, now: 19:10:57.113901, resp: {<T8-N1:->, last_log:None}
May 07 19:10:57 kiseki-storage-1 kiseki-server[9223]: 2026-05-07T19:10:57.113913Z  INFO openraft::engine::engine_impl: openraft::engine::engine_impl::Engine<_, _>::handle_vote_resp: resp: {<T8-N1:->, last_log:None}, target: 1, my_vote: <T8-N1:->, my_last_log_id: T0-N1.0
May 07 19:10:57 kiseki-storage-1 kiseki-server[9223]: 2026-05-07T19:10:57.113918Z  INFO openraft::proposer::candidate: openraft::proposer::candidate::Candidate<_, _>::grant_by: voting: {<T8-N1:->@19:10:57.113163, last_log_id:T0-N1.0 progress:{1: true, 2: false, 3: false}}
May 07 19:10:57 kiseki-storage-1 kiseki-server[9223]: 2026-05-07T19:10:57.114135Z ERROR openraft::core::raft_core: while requesting vote, error: Unreachable node: std::io::error::Error: Connection refused (os error 111), target: 2
May 07 19:10:57 kiseki-storage-1 kiseki-server[9223]: 2026-05-07T19:10:57.115515Z  INFO openraft::core::raft_core: received Notification::VoteResponse: openraft::core::raft_core::RaftCore<_, _, _, _>::handle_notification, now: 19:10:57.115514, resp: {<T8-N1:->, last_log:None}
May 07 19:10:57 kiseki-storage-1 kiseki-server[9223]: 2026-05-07T19:10:57.115524Z  INFO openraft::engine::engine_impl: openraft::engine::engine_impl::Engine<_, _>::handle_vote_resp: resp: {<T8-N1:->, last_log:None}, target: 3, my_vote: <T8-N1:->, my_last_log_id: T0-N1.0
May 07 19:10:57 kiseki-storage-1 kiseki-server[9223]: 2026-05-07T19:10:57.115528Z  INFO openraft::proposer::candidate: openraft::proposer::candidate::Candidate<_, _>::grant_by: voting: {<T8-N1:->@19:10:57.113163, last_log_id:T0-N1.0 progress:{1: true, 3: true, 2: false}}
May 07 19:10:57 kiseki-storage-1 kiseki-server[9223]: 2026-05-07T19:10:57.115533Z  INFO openraft::engine::engine_impl: a quorum granted my vote
May 07 19:10:57 kiseki-storage-1 kiseki-server[9223]: 2026-05-07T19:10:57.115536Z  INFO openraft::engine::engine_impl: openraft::engine::engine_impl::Engine<_, _>::establish_leader
May 07 19:10:57 kiseki-storage-1 kiseki-server[9223]: 2026-05-07T19:10:57.115544Z  INFO openraft::engine::handler::vote_handler: vote is changing from <T8-N1:-> to <T8-N1:Q>
May 07 19:10:57 kiseki-storage-1 kiseki-server[9223]: 2026-05-07T19:10:57.115547Z  INFO openraft::engine::handler::server_state_handler: id=1 becomes leader
May 07 19:10:57 kiseki-storage-1 kiseki-server[9223]: 2026-05-07T19:10:57.116889Z  WARN openraft::replication: ReplicationCore recv RPCError: Unreachable node: std::io::error::Error: Connection refused (os error 111), when:(stream-replication); sending error to RaftCore
May 07 19:10:57 kiseki-storage-1 kiseki-server[9223]: 2026-05-07T19:10:57.116912Z  WARN openraft::engine::handler::replication_handler: update progress error: Unreachable node: std::io::error::Error: Connection refused (os error 111)
May 07 19:10:57 kiseki-storage-1 kiseki-server[9223]: 2026-05-07T19:10:57.149534Z  WARN openraft::replication: ReplicationCore recv RPCError: Unreachable node: std::io::error::Error: Connection refused (os error 111), when:(stream-replication); sending error to RaftCore
May 07 19:10:57 kiseki-storage-1 kiseki-server[9223]: 2026-05-07T19:10:57.149562Z  WARN openraft::engine::handler::replication_handler: update progress error: Unreachable node: std::io::error::Error: Connection refused (os error 111)
May 07 19:10:57 kiseki-storage-1 kiseki-server[9223]: 2026-05-07T19:10:57.208360Z  INFO kiseki_server::runtime: control-plane: bootstrap namespace seeded attempts=106
May 07 19:10:57 kiseki-storage-1 kiseki-server[9223]: 2026-05-07T19:10:57.317768Z  WARN openraft::replication: ReplicationCore recv RPCError: Unreachable node: std::io::error::Error: Connection refused (os error 111), when:(stream-replication); sending error to RaftCore
May 07 19:10:57 kiseki-storage-1 kiseki-server[9223]: 2026-05-07T19:10:57.317795Z  WARN openraft::engine::handler::replication_handler: update progress error: Unreachable node: std::io::error::Error: Connection refused (os error 111)
May 07 19:10:57 kiseki-storage-1 kiseki-server[9223]: 2026-05-07T19:10:57.351057Z  WARN openraft::replication: ReplicationCore recv RPCError: Unreachable node: std::io::error::Error: Connection refused (os error 111), when:(stream-replication); sending error to RaftCore
May 07 19:10:57 kiseki-storage-1 kiseki-server[9223]: 2026-05-07T19:10:57.351079Z  WARN openraft::engine::handler::replication_handler: update progress error: Unreachable node: std::io::error::Error: Connection refused (os error 111)
May 07 19:10:57 kiseki-storage-1 kiseki-server[9223]: 2026-05-07T19:10:57.519584Z  WARN openraft::replication: ReplicationCore recv RPCError: Unreachable node: std::io::error::Error: Connection refused (os error 111), when:(stream-replication); sending error to RaftCore
May 07 19:10:57 kiseki-storage-1 kiseki-server[9223]: 2026-05-07T19:10:57.551904Z  WARN openraft::replication: ReplicationCore recv RPCError: Unreachable node: std::io::error::Error: Connection refused (os error 111), when:(stream-replication); sending error to RaftCore
May 07 19:10:57 kiseki-storage-1 kiseki-server[9223]: 2026-05-07T19:10:57.551928Z  WARN openraft::engine::handler::replication_handler: update progress error: Unreachable node: std::io::error::Error: Connection refused (os error 111)
May 07 19:10:57 kiseki-storage-1 kiseki-server[9223]: 2026-05-07T19:10:57.721451Z  WARN openraft::replication: ReplicationCore recv RPCError: Unreachable node: std::io::error::Error: Connection refused (os error 111), when:(stream-replication); sending error to RaftCore
May 07 19:10:57 kiseki-storage-1 kiseki-server[9223]: 2026-05-07T19:10:57.721485Z  WARN openraft::engine::handler::replication_handler: update progress error: Unreachable node: std::io::error::Error: Connection refused (os error 111)
May 07 19:10:57 kiseki-storage-1 kiseki-server[9223]: 2026-05-07T19:10:57.752825Z  WARN openraft::replication: ReplicationCore recv RPCError: Unreachable node: std::io::error::Error: Connection refused (os error 111), when:(stream-replication); sending error to RaftCore
May 07 19:10:57 kiseki-storage-1 kiseki-server[9223]: 2026-05-07T19:10:57.752849Z  WARN openraft::engine::handler::replication_handler: update progress error: Unreachable node: std::io::error::Error: Connection refused (os error 111)
May 07 19:10:57 kiseki-storage-1 kiseki-server[9223]: 2026-05-07T19:10:57.843263Z  WARN openraft::core::heartbeat::worker: HeartbeatWorker(id=1, target=2) failed to send a heartbeat: Ok(Err(Unreachable(Unreachable { source: BoxedErrorSource { inner: std::io::error::Error: Connection refused (os error 111) } })))
May 07 19:10:57 kiseki-storage-1 kiseki-server[9223]: 2026-05-07T19:10:57.863940Z  WARN openraft::core::heartbeat::worker: HeartbeatWorker(id=1, target=2) failed to send a heartbeat: Ok(Err(Unreachable(Unreachable { source: BoxedErrorSource { inner: std::io::error::Error: Connection refused (os error 111) } })))
May 07 19:10:57 kiseki-storage-1 kiseki-server[9223]: 2026-05-07T19:10:57.922665Z  WARN openraft::replication: ReplicationCore recv RPCError: Unreachable node: std::io::error::Error: Connection refused (os error 111), when:(stream-replication); sending error to RaftCore
May 07 19:10:57 kiseki-storage-1 kiseki-server[9223]: 2026-05-07T19:10:57.922694Z  WARN openraft::engine::handler::replication_handler: update progress error: Unreachable node: std::io::error::Error: Connection refused (os error 111)
May 07 19:10:57 kiseki-storage-1 kiseki-server[9223]: 2026-05-07T19:10:57.954096Z  WARN openraft::replication: ReplicationCore recv RPCError: Unreachable node: std::io::error::Error: Connection refused (os error 111), when:(stream-replication); sending error to RaftCore
May 07 19:10:57 kiseki-storage-1 kiseki-server[9223]: 2026-05-07T19:10:57.954123Z  WARN openraft::engine::handler::replication_handler: update progress error: Unreachable node: std::io::error::Error: Connection refused (os error 111)
May 07 19:10:58 kiseki-storage-1 kiseki-server[9223]: 2026-05-07T19:10:58.124599Z  WARN openraft::replication: ReplicationCore recv RPCError: Unreachable node: std::io::error::Error: Connection refused (os error 111), when:(stream-replication); sending error to RaftCore
May 07 19:10:58 kiseki-storage-1 kiseki-server[9223]: 2026-05-07T19:10:58.124631Z  WARN openraft::engine::handler::replication_handler: update progress error: Unreachable node: std::io::error::Error: Connection refused (os error 111)
May 07 19:10:58 kiseki-storage-1 kiseki-server[9223]: 2026-05-07T19:10:58.155009Z  WARN openraft::replication: ReplicationCore recv RPCError: Unreachable node: std::io::error::Error: Connection refused (os error 111), when:(stream-replication); sending error to RaftCore
May 07 19:10:58 kiseki-storage-1 kiseki-server[9223]: 2026-05-07T19:10:58.155033Z  WARN openraft::engine::handler::replication_handler: update progress error: Unreachable node: std::io::error::Error: Connection refused (os error 111)
May 07 19:10:58 kiseki-storage-1 kiseki-server[9223]: 2026-05-07T19:10:58.326552Z  WARN openraft::replication: ReplicationCore recv RPCError: Unreachable node: std::io::error::Error: Connection refused (os error 111), when:(stream-replication); sending error to RaftCore
May 07 19:10:58 kiseki-storage-1 kiseki-server[9223]: 2026-05-07T19:10:58.326584Z  WARN openraft::engine::handler::replication_handler: update progress error: Unreachable node: std::io::error::Error: Connection refused (os error 111)
May 07 19:10:58 kiseki-storage-1 kiseki-server[9223]: 2026-05-07T19:10:58.355898Z  WARN openraft::replication: ReplicationCore recv RPCError: Unreachable node: std::io::error::Error: Connection refused (os error 111), when:(stream-replication); sending error to RaftCore
May 07 19:10:58 kiseki-storage-1 kiseki-server[9223]: 2026-05-07T19:10:58.355922Z  WARN openraft::engine::handler::replication_handler: update progress error: Unreachable node: std::io::error::Error: Connection refused (os error 111)
May 07 19:10:58 kiseki-storage-1 kiseki-server[9223]: 2026-05-07T19:10:58.528352Z  WARN openraft::replication: ReplicationCore recv RPCError: Unreachable node: std::io::error::Error: Connection refused (os error 111), when:(stream-replication); sending error to RaftCore
May 07 19:10:58 kiseki-storage-1 kiseki-server[9223]: 2026-05-07T19:10:58.528385Z  WARN openraft::engine::handler::replication_handler: update progress error: Unreachable node: std::io::error::Error: Connection refused (os error 111)
May 07 19:10:58 kiseki-storage-1 kiseki-server[9223]: 2026-05-07T19:10:58.556699Z  WARN openraft::replication: ReplicationCore recv RPCError: Unreachable node: std::io::error::Error: Connection refused (os error 111), when:(stream-replication); sending error to RaftCore
May 07 19:10:58 kiseki-storage-1 kiseki-server[9223]: 2026-05-07T19:10:58.556722Z  WARN openraft::engine::handler::replication_handler: update progress error: Unreachable node: std::io::error::Error: Connection refused (os error 111)
May 07 19:10:58 kiseki-storage-1 kiseki-server[9223]: 2026-05-07T19:10:58.594198Z  WARN openraft::core::heartbeat::worker: HeartbeatWorker(id=1, target=2) failed to send a heartbeat: Ok(Err(Unreachable(Unreachable { source: BoxedErrorSource { inner: std::io::error::Error: Connection refused (os error 111) } })))
May 07 19:10:58 kiseki-storage-1 kiseki-server[9223]: 2026-05-07T19:10:58.614778Z  WARN openraft::core::heartbeat::worker: HeartbeatWorker(id=1, target=2) failed to send a heartbeat: Ok(Err(Unreachable(Unreachable { source: BoxedErrorSource { inner: std::io::error::Error: Connection refused (os error 111) } })))
May 07 19:10:58 kiseki-storage-1 kiseki-server[9223]: 2026-05-07T19:10:58.730598Z  WARN openraft::replication: ReplicationCore recv RPCError: Unreachable node: std::io::error::Error: Connection refused (os error 111), when:(stream-replication); sending error to RaftCore
May 07 19:10:58 kiseki-storage-1 kiseki-server[9223]: 2026-05-07T19:10:58.730630Z  WARN openraft::engine::handler::replication_handler: update progress error: Unreachable node: std::io::error::Error: Connection refused (os error 111)
May 07 19:10:58 kiseki-storage-1 kiseki-server[9223]: 2026-05-07T19:10:58.757954Z  WARN openraft::replication: ReplicationCore recv RPCError: Unreachable node: std::io::error::Error: Connection refused (os error 111), when:(stream-replication); sending error to RaftCore
May 07 19:10:58 kiseki-storage-1 kiseki-server[9223]: 2026-05-07T19:10:58.757984Z  WARN openraft::engine::handler::replication_handler: update progress error: Unreachable node: std::io::error::Error: Connection refused (os error 111)
May 07 19:10:58 kiseki-storage-1 kiseki-server[9223]: 2026-05-07T19:10:58.932479Z  WARN openraft::replication: ReplicationCore recv RPCError: Unreachable node: std::io::error::Error: Connection refused (os error 111), when:(stream-replication); sending error to RaftCore
May 07 19:10:58 kiseki-storage-1 kiseki-server[9223]: 2026-05-07T19:10:58.932510Z  WARN openraft::engine::handler::replication_handler: update progress error: Unreachable node: std::io::error::Error: Connection refused (os error 111)
May 07 19:10:58 kiseki-storage-1 kiseki-server[9223]: 2026-05-07T19:10:58.958835Z  WARN openraft::replication: ReplicationCore recv RPCError: Unreachable node: std::io::error::Error: Connection refused (os error 111), when:(stream-replication); sending error to RaftCore
May 07 19:10:58 kiseki-storage-1 kiseki-server[9223]: 2026-05-07T19:10:58.958859Z  WARN openraft::engine::handler::replication_handler: update progress error: Unreachable node: std::io::error::Error: Connection refused (os error 111)
May 07 19:10:59 kiseki-storage-1 kiseki-server[9223]: 2026-05-07T19:10:59.134387Z  WARN openraft::replication: ReplicationCore recv RPCError: Unreachable node: std::io::error::Error: Connection refused (os error 111), when:(stream-replication); sending error to RaftCore
May 07 19:10:59 kiseki-storage-1 kiseki-server[9223]: 2026-05-07T19:10:59.134417Z  WARN openraft::engine::handler::replication_handler: update progress error: Unreachable node: std::io::error::Error: Connection refused (os error 111)
May 07 19:10:59 kiseki-storage-1 kiseki-server[9223]: 2026-05-07T19:10:59.159789Z  WARN openraft::replication: ReplicationCore recv RPCError: Unreachable node: std::io::error::Error: Connection refused (os error 111), when:(stream-replication); sending error to RaftCore
May 07 19:10:59 kiseki-storage-1 kiseki-server[9223]: 2026-05-07T19:10:59.159813Z  WARN openraft::engine::handler::replication_handler: update progress error: Unreachable node: std::io::error::Error: Connection refused (os error 111)
May 07 19:10:59 kiseki-storage-1 kiseki-server[9223]: 2026-05-07T19:10:59.336361Z  WARN openraft::replication: ReplicationCore recv RPCError: Unreachable node: std::io::error::Error: Connection refused (os error 111), when:(stream-replication); sending error to RaftCore
May 07 19:10:59 kiseki-storage-1 kiseki-server[9223]: 2026-05-07T19:10:59.336395Z  WARN openraft::engine::handler::replication_handler: update progress error: Unreachable node: std::io::error::Error: Connection refused (os error 111)
May 07 19:10:59 kiseki-storage-1 kiseki-server[9223]: 2026-05-07T19:10:59.344750Z  WARN openraft::core::heartbeat::worker: HeartbeatWorker(id=1, target=2) failed to send a heartbeat: Ok(Err(Unreachable(Unreachable { source: BoxedErrorSource { inner: std::io::error::Error: Connection refused (os error 111) } })))
May 07 19:10:59 kiseki-storage-1 kiseki-server[9223]: 2026-05-07T19:10:59.361424Z  WARN openraft::replication: ReplicationCore recv RPCError: Unreachable node: std::io::error::Error: Connection refused (os error 111), when:(stream-replication); sending error to RaftCore
May 07 19:10:59 kiseki-storage-1 kiseki-server[9223]: 2026-05-07T19:10:59.361445Z  WARN openraft::engine::handler::replication_handler: update progress error: Unreachable node: std::io::error::Error: Connection refused (os error 111)
May 07 19:10:59 kiseki-storage-1 kiseki-server[9223]: 2026-05-07T19:10:59.365735Z  WARN openraft::core::heartbeat::worker: HeartbeatWorker(id=1, target=2) failed to send a heartbeat: Ok(Err(Unreachable(Unreachable { source: BoxedErrorSource { inner: std::io::error::Error: Connection refused (os error 111) } })))
May 07 19:10:59 kiseki-storage-1 kiseki-server[9223]: 2026-05-07T19:10:59.538613Z  WARN openraft::replication: ReplicationCore recv RPCError: Unreachable node: std::io::error::Error: Connection refused (os error 111), when:(stream-replication); sending error to RaftCore
May 07 19:10:59 kiseki-storage-1 kiseki-server[9223]: 2026-05-07T19:10:59.538644Z  WARN openraft::engine::handler::replication_handler: update progress error: Unreachable node: std::io::error::Error: Connection refused (os error 111)
May 07 19:10:59 kiseki-storage-1 kiseki-server[9223]: 2026-05-07T19:10:59.563017Z  WARN openraft::replication: ReplicationCore recv RPCError: Unreachable node: std::io::error::Error: Connection refused (os error 111), when:(stream-replication); sending error to RaftCore
May 07 19:10:59 kiseki-storage-1 kiseki-server[9223]: 2026-05-07T19:10:59.563045Z  WARN openraft::engine::handler::replication_handler: update progress error: Unreachable node: std::io::error::Error: Connection refused (os error 111)
May 07 19:10:59 kiseki-storage-1 kiseki-server[9223]: 2026-05-07T19:10:59.740625Z  WARN openraft::replication: ReplicationCore recv RPCError: Unreachable node: std::io::error::Error: Connection refused (os error 111), when:(stream-replication); sending error to RaftCore
May 07 19:10:59 kiseki-storage-1 kiseki-server[9223]: 2026-05-07T19:10:59.740662Z  WARN openraft::engine::handler::replication_handler: update progress error: Unreachable node: std::io::error::Error: Connection refused (os error 111)
May 07 19:10:59 kiseki-storage-1 kiseki-server[9223]: 2026-05-07T19:10:59.763974Z  WARN openraft::replication: ReplicationCore recv RPCError: Unreachable node: std::io::error::Error: Connection refused (os error 111), when:(stream-replication); sending error to RaftCore
May 07 19:10:59 kiseki-storage-1 kiseki-server[9223]: 2026-05-07T19:10:59.764005Z  WARN openraft::engine::handler::replication_handler: update progress error: Unreachable node: std::io::error::Error: Connection refused (os error 111)
May 07 19:10:59 kiseki-storage-1 kiseki-server[9223]: 2026-05-07T19:10:59.942587Z  WARN openraft::replication: ReplicationCore recv RPCError: Unreachable node: std::io::error::Error: Connection refused (os error 111), when:(stream-replication); sending error to RaftCore
May 07 19:10:59 kiseki-storage-1 kiseki-server[9223]: 2026-05-07T19:10:59.942624Z  WARN openraft::engine::handler::replication_handler: update progress error: Unreachable node: std::io::error::Error: Connection refused (os error 111)
May 07 19:10:59 kiseki-storage-1 kiseki-server[9223]: 2026-05-07T19:10:59.965009Z  WARN openraft::replication: ReplicationCore recv RPCError: Unreachable node: std::io::error::Error: Connection refused (os error 111), when:(stream-replication); sending error to RaftCore
May 07 19:10:59 kiseki-storage-1 kiseki-server[9223]: 2026-05-07T19:10:59.965036Z  WARN openraft::engine::handler::replication_handler: update progress error: Unreachable node: std::io::error::Error: Connection refused (os error 111)
May 07 19:11:00 kiseki-storage-1 kiseki-server[9223]: 2026-05-07T19:11:00.096528Z  WARN openraft::core::heartbeat::worker: HeartbeatWorker(id=1, target=2) failed to send a heartbeat: Ok(Err(Unreachable(Unreachable { source: BoxedErrorSource { inner: std::io::error::Error: Connection refused (os error 111) } })))
May 07 19:11:00 kiseki-storage-1 kiseki-server[9223]: 2026-05-07T19:11:00.117255Z  WARN openraft::core::heartbeat::worker: HeartbeatWorker(id=1, target=2) failed to send a heartbeat: Ok(Err(Unreachable(Unreachable { source: BoxedErrorSource { inner: std::io::error::Error: Connection refused (os error 111) } })))
May 07 19:11:00 kiseki-storage-1 kiseki-server[9223]: 2026-05-07T19:11:00.143935Z  WARN openraft::replication: ReplicationCore recv RPCError: Unreachable node: std::io::error::Error: Connection refused (os error 111), when:(stream-replication); sending error to RaftCore
May 07 19:11:00 kiseki-storage-1 kiseki-server[9223]: 2026-05-07T19:11:00.143962Z  WARN openraft::engine::handler::replication_handler: update progress error: Unreachable node: std::io::error::Error: Connection refused (os error 111)
May 07 19:11:00 kiseki-storage-1 kiseki-server[9223]: 2026-05-07T19:11:00.166265Z  WARN openraft::replication: ReplicationCore recv RPCError: Unreachable node: std::io::error::Error: Connection refused (os error 111), when:(stream-replication); sending error to RaftCore
May 07 19:11:00 kiseki-storage-1 kiseki-server[9223]: 2026-05-07T19:11:00.166287Z  WARN openraft::engine::handler::replication_handler: update progress error: Unreachable node: std::io::error::Error: Connection refused (os error 111)
May 07 19:11:00 kiseki-storage-1 kiseki-server[9223]: 2026-05-07T19:11:00.344801Z  WARN openraft::replication: ReplicationCore recv RPCError: Unreachable node: std::io::error::Error: Connection refused (os error 111), when:(stream-replication); sending error to RaftCore
May 07 19:11:00 kiseki-storage-1 kiseki-server[9223]: 2026-05-07T19:11:00.344833Z  WARN openraft::engine::handler::replication_handler: update progress error: Unreachable node: std::io::error::Error: Connection refused (os error 111)
May 07 19:11:00 kiseki-storage-1 kiseki-server[9223]: 2026-05-07T19:11:00.367129Z  WARN openraft::replication: ReplicationCore recv RPCError: Unreachable node: std::io::error::Error: Connection refused (os error 111), when:(stream-replication); sending error to RaftCore
May 07 19:11:00 kiseki-storage-1 kiseki-server[9223]: 2026-05-07T19:11:00.367156Z  WARN openraft::engine::handler::replication_handler: update progress error: Unreachable node: std::io::error::Error: Connection refused (os error 111)
May 07 19:11:00 kiseki-storage-1 kiseki-server[9223]: 2026-05-07T19:11:00.546707Z  WARN openraft::replication: ReplicationCore recv RPCError: Unreachable node: std::io::error::Error: Connection refused (os error 111), when:(stream-replication); sending error to RaftCore
May 07 19:11:00 kiseki-storage-1 kiseki-server[9223]: 2026-05-07T19:11:00.546738Z  WARN openraft::engine::handler::replication_handler: update progress error: Unreachable node: std::io::error::Error: Connection refused (os error 111)
May 07 19:11:00 kiseki-storage-1 kiseki-server[9223]: 2026-05-07T19:11:00.568098Z  WARN openraft::replication: ReplicationCore recv RPCError: Unreachable node: std::io::error::Error: Connection refused (os error 111), when:(stream-replication); sending error to RaftCore
May 07 19:11:00 kiseki-storage-1 kiseki-server[9223]: 2026-05-07T19:11:00.568122Z  WARN openraft::engine::handler::replication_handler: update progress error: Unreachable node: std::io::error::Error: Connection refused (os error 111)
May 07 19:11:00 kiseki-storage-1 kiseki-server[9223]: 2026-05-07T19:11:00.748663Z  WARN openraft::replication: ReplicationCore recv RPCError: Unreachable node: std::io::error::Error: Connection refused (os error 111), when:(stream-replication); sending error to RaftCore
May 07 19:11:00 kiseki-storage-1 kiseki-server[9223]: 2026-05-07T19:11:00.748695Z  WARN openraft::engine::handler::replication_handler: update progress error: Unreachable node: std::io::error::Error: Connection refused (os error 111)
May 07 19:11:00 kiseki-storage-1 kiseki-server[9223]: 2026-05-07T19:11:00.769080Z  WARN openraft::replication: ReplicationCore recv RPCError: Unreachable node: std::io::error::Error: Connection refused (os error 111), when:(stream-replication); sending error to RaftCore
May 07 19:11:00 kiseki-storage-1 kiseki-server[9223]: 2026-05-07T19:11:00.769107Z  WARN openraft::engine::handler::replication_handler: update progress error: Unreachable node: std::io::error::Error: Connection refused (os error 111)
May 07 19:11:00 kiseki-storage-1 kiseki-server[9223]: 2026-05-07T19:11:00.847558Z  WARN openraft::core::heartbeat::worker: HeartbeatWorker(id=1, target=2) failed to send a heartbeat: Ok(Err(Unreachable(Unreachable { source: BoxedErrorSource { inner: std::io::error::Error: Connection refused (os error 111) } })))
May 07 19:11:00 kiseki-storage-1 kiseki-server[9223]: 2026-05-07T19:11:00.868284Z  WARN openraft::core::heartbeat::worker: HeartbeatWorker(id=1, target=2) failed to send a heartbeat: Ok(Err(Unreachable(Unreachable { source: BoxedErrorSource { inner: std::io::error::Error: Connection refused (os error 111) } })))
May 07 19:11:00 kiseki-storage-1 kiseki-server[9223]: 2026-05-07T19:11:00.950067Z  WARN openraft::replication: ReplicationCore recv RPCError: Unreachable node: std::io::error::Error: Connection refused (os error 111), when:(stream-replication); sending error to RaftCore
May 07 19:11:00 kiseki-storage-1 kiseki-server[9223]: 2026-05-07T19:11:00.950095Z  WARN openraft::engine::handler::replication_handler: update progress error: Unreachable node: std::io::error::Error: Connection refused (os error 111)
May 07 19:11:00 kiseki-storage-1 kiseki-server[9223]: 2026-05-07T19:11:00.970393Z  WARN openraft::replication: ReplicationCore recv RPCError: Unreachable node: std::io::error::Error: Connection refused (os error 111), when:(stream-replication); sending error to RaftCore
May 07 19:11:00 kiseki-storage-1 kiseki-server[9223]: 2026-05-07T19:11:00.970416Z  WARN openraft::engine::handler::replication_handler: update progress error: Unreachable node: std::io::error::Error: Connection refused (os error 111)
May 07 19:11:01 kiseki-storage-1 kiseki-server[9223]: 2026-05-07T19:11:01.150982Z  WARN openraft::replication: ReplicationCore recv RPCError: Unreachable node: std::io::error::Error: Connection refused (os error 111), when:(stream-replication); sending error to RaftCore
May 07 19:11:01 kiseki-storage-1 kiseki-server[9223]: 2026-05-07T19:11:01.151014Z  WARN openraft::engine::handler::replication_handler: update progress error: Unreachable node: std::io::error::Error: Connection refused (os error 111)
May 07 19:11:01 kiseki-storage-1 kiseki-server[9223]: 2026-05-07T19:11:01.172318Z  WARN openraft::replication: ReplicationCore recv RPCError: Unreachable node: std::io::error::Error: Connection refused (os error 111), when:(stream-replication); sending error to RaftCore
May 07 19:11:01 kiseki-storage-1 kiseki-server[9223]: 2026-05-07T19:11:01.172340Z  WARN openraft::engine::handler::replication_handler: update progress error: Unreachable node: std::io::error::Error: Connection refused (os error 111)
May 07 19:11:01 kiseki-storage-1 kiseki-server[9223]: 2026-05-07T19:11:01.351883Z  WARN openraft::replication: ReplicationCore recv RPCError: Unreachable node: std::io::error::Error: Connection refused (os error 111), when:(stream-replication); sending error to RaftCore
May 07 19:11:01 kiseki-storage-1 kiseki-server[9223]: 2026-05-07T19:11:01.351918Z  WARN openraft::engine::handler::replication_handler: update progress error: Unreachable node: std::io::error::Error: Connection refused (os error 111)
May 07 19:11:01 kiseki-storage-1 kiseki-server[9223]: 2026-05-07T19:11:01.374259Z  WARN openraft::replication: ReplicationCore recv RPCError: Unreachable node: std::io::error::Error: Connection refused (os error 111), when:(stream-replication); sending error to RaftCore
May 07 19:11:01 kiseki-storage-1 kiseki-server[9223]: 2026-05-07T19:11:01.374289Z  WARN openraft::engine::handler::replication_handler: update progress error: Unreachable node: std::io::error::Error: Connection refused (os error 111)
May 07 19:11:01 kiseki-storage-1 kiseki-server[9223]: 2026-05-07T19:11:01.552801Z  WARN openraft::replication: ReplicationCore recv RPCError: Unreachable node: std::io::error::Error: Connection refused (os error 111), when:(stream-replication); sending error to RaftCore
May 07 19:11:01 kiseki-storage-1 kiseki-server[9223]: 2026-05-07T19:11:01.552837Z  WARN openraft::engine::handler::replication_handler: update progress error: Unreachable node: std::io::error::Error: Connection refused (os error 111)
May 07 19:11:01 kiseki-storage-1 kiseki-server[9223]: 2026-05-07T19:11:01.575189Z  WARN openraft::replication: ReplicationCore recv RPCError: Unreachable node: std::io::error::Error: Connection refused (os error 111), when:(stream-replication); sending error to RaftCore
May 07 19:11:01 kiseki-storage-1 kiseki-server[9223]: 2026-05-07T19:11:01.575213Z  WARN openraft::engine::handler::replication_handler: update progress error: Unreachable node: std::io::error::Error: Connection refused (os error 111)
May 07 19:11:01 kiseki-storage-1 kiseki-server[9223]: 2026-05-07T19:11:01.598614Z  WARN openraft::core::heartbeat::worker: HeartbeatWorker(id=1, target=2) failed to send a heartbeat: Ok(Err(Unreachable(Unreachable { source: BoxedErrorSource { inner: std::io::error::Error: Connection refused (os error 111) } })))
May 07 19:11:01 kiseki-storage-1 kiseki-server[9223]: 2026-05-07T19:11:01.619334Z  WARN openraft::core::heartbeat::worker: HeartbeatWorker(id=1, target=2) failed to send a heartbeat: Ok(Err(Unreachable(Unreachable { source: BoxedErrorSource { inner: std::io::error::Error: Connection refused (os error 111) } })))
May 07 19:11:01 kiseki-storage-1 kiseki-server[9223]: 2026-05-07T19:11:01.754106Z  WARN openraft::replication: ReplicationCore recv RPCError: Unreachable node: std::io::error::Error: Connection refused (os error 111), when:(stream-replication); sending error to RaftCore
May 07 19:11:01 kiseki-storage-1 kiseki-server[9223]: 2026-05-07T19:11:01.754138Z  WARN openraft::engine::handler::replication_handler: update progress error: Unreachable node: std::io::error::Error: Connection refused (os error 111)
May 07 19:11:01 kiseki-storage-1 kiseki-server[9223]: 2026-05-07T19:11:01.776429Z  WARN openraft::replication: ReplicationCore recv RPCError: Unreachable node: std::io::error::Error: Connection refused (os error 111), when:(stream-replication); sending error to RaftCore
May 07 19:11:01 kiseki-storage-1 kiseki-server[9223]: 2026-05-07T19:11:01.776453Z  WARN openraft::engine::handler::replication_handler: update progress error: Unreachable node: std::io::error::Error: Connection refused (os error 111)
May 07 19:11:01 kiseki-storage-1 kiseki-server[9223]: 2026-05-07T19:11:01.954945Z  WARN openraft::replication: ReplicationCore recv RPCError: Unreachable node: std::io::error::Error: Connection refused (os error 111), when:(stream-replication); sending error to RaftCore
May 07 19:11:01 kiseki-storage-1 kiseki-server[9223]: 2026-05-07T19:11:01.954976Z  WARN openraft::engine::handler::replication_handler: update progress error: Unreachable node: std::io::error::Error: Connection refused (os error 111)
May 07 19:11:01 kiseki-storage-1 kiseki-server[9223]: 2026-05-07T19:11:01.978355Z  WARN openraft::replication: ReplicationCore recv RPCError: Unreachable node: std::io::error::Error: Connection refused (os error 111), when:(stream-replication); sending error to RaftCore
May 07 19:11:01 kiseki-storage-1 kiseki-server[9223]: 2026-05-07T19:11:01.978388Z  WARN openraft::engine::handler::replication_handler: update progress error: Unreachable node: std::io::error::Error: Connection refused (os error 111)
May 07 19:11:02 kiseki-storage-1 kiseki-server[9223]: 2026-05-07T19:11:02.155897Z  WARN openraft::replication: ReplicationCore recv RPCError: Unreachable node: std::io::error::Error: Connection refused (os error 111), when:(stream-replication); sending error to RaftCore
May 07 19:11:02 kiseki-storage-1 kiseki-server[9223]: 2026-05-07T19:11:02.155930Z  WARN openraft::engine::handler::replication_handler: update progress error: Unreachable node: std::io::error::Error: Connection refused (os error 111)
May 07 19:11:02 kiseki-storage-1 kiseki-server[9223]: 2026-05-07T19:11:02.180257Z  WARN openraft::replication: ReplicationCore recv RPCError: Unreachable node: std::io::error::Error: Connection refused (os error 111), when:(stream-replication); sending error to RaftCore
May 07 19:11:02 kiseki-storage-1 kiseki-server[9223]: 2026-05-07T19:11:02.180282Z  WARN openraft::engine::handler::replication_handler: update progress error: Unreachable node: std::io::error::Error: Connection refused (os error 111)
May 07 19:11:02 kiseki-storage-1 kiseki-server[9223]: 2026-05-07T19:11:02.349793Z  WARN openraft::core::heartbeat::worker: HeartbeatWorker(id=1, target=2) failed to send a heartbeat: Ok(Err(Unreachable(Unreachable { source: BoxedErrorSource { inner: std::io::error::Error: Connection refused (os error 111) } })))
May 07 19:11:02 kiseki-storage-1 kiseki-server[9223]: 2026-05-07T19:11:02.357478Z  WARN openraft::replication: ReplicationCore recv RPCError: Unreachable node: std::io::error::Error: Connection refused (os error 111), when:(stream-replication); sending error to RaftCore
May 07 19:11:02 kiseki-storage-1 kiseki-server[9223]: 2026-05-07T19:11:02.357505Z  WARN openraft::engine::handler::replication_handler: update progress error: Unreachable node: std::io::error::Error: Connection refused (os error 111)
May 07 19:11:02 kiseki-storage-1 kiseki-server[9223]: 2026-05-07T19:11:02.369816Z  WARN openraft::core::heartbeat::worker: HeartbeatWorker(id=1, target=2) failed to send a heartbeat: Ok(Err(Unreachable(Unreachable { source: BoxedErrorSource { inner: std::io::error::Error: Connection refused (os error 111) } })))
May 07 19:11:02 kiseki-storage-1 kiseki-server[9223]: 2026-05-07T19:11:02.381421Z  WARN openraft::replication: ReplicationCore recv RPCError: Unreachable node: std::io::error::Error: Connection refused (os error 111), when:(stream-replication); sending error to RaftCore
May 07 19:11:02 kiseki-storage-1 kiseki-server[9223]: 2026-05-07T19:11:02.381444Z  WARN openraft::engine::handler::replication_handler: update progress error: Unreachable node: std::io::error::Error: Connection refused (os error 111)
May 07 19:11:02 kiseki-storage-1 kiseki-server[9223]: 2026-05-07T19:11:02.558951Z  WARN openraft::replication: ReplicationCore recv RPCError: Unreachable node: std::io::error::Error: Connection refused (os error 111), when:(stream-replication); sending error to RaftCore
May 07 19:11:02 kiseki-storage-1 kiseki-server[9223]: 2026-05-07T19:11:02.558990Z  WARN openraft::engine::handler::replication_handler: update progress error: Unreachable node: std::io::error::Error: Connection refused (os error 111)
May 07 19:11:02 kiseki-storage-1 kiseki-server[9223]: 2026-05-07T19:11:02.583309Z  WARN openraft::replication: ReplicationCore recv RPCError: Unreachable node: std::io::error::Error: Connection refused (os error 111), when:(stream-replication); sending error to RaftCore
May 07 19:11:02 kiseki-storage-1 kiseki-server[9223]: 2026-05-07T19:11:02.583333Z  WARN openraft::engine::handler::replication_handler: update progress error: Unreachable node: std::io::error::Error: Connection refused (os error 111)
May 07 19:11:02 kiseki-storage-1 kiseki-server[9223]: 2026-05-07T19:11:02.759877Z  WARN openraft::replication: ReplicationCore recv RPCError: Unreachable node: std::io::error::Error: Connection refused (os error 111), when:(stream-replication); sending error to RaftCore
May 07 19:11:02 kiseki-storage-1 kiseki-server[9223]: 2026-05-07T19:11:02.759912Z  WARN openraft::engine::handler::replication_handler: update progress error: Unreachable node: std::io::error::Error: Connection refused (os error 111)
May 07 19:11:02 kiseki-storage-1 kiseki-server[9223]: 2026-05-07T19:11:02.785208Z  WARN openraft::replication: ReplicationCore recv RPCError: Unreachable node: std::io::error::Error: Connection refused (os error 111), when:(stream-replication); sending error to RaftCore
May 07 19:11:02 kiseki-storage-1 kiseki-server[9223]: 2026-05-07T19:11:02.785231Z  WARN openraft::engine::handler::replication_handler: update progress error: Unreachable node: std::io::error::Error: Connection refused (os error 111)
May 07 19:11:02 kiseki-storage-1 kiseki-server[9223]: 2026-05-07T19:11:02.960937Z  WARN openraft::replication: ReplicationCore recv RPCError: Unreachable node: std::io::error::Error: Connection refused (os error 111), when:(stream-replication); sending error to RaftCore
May 07 19:11:02 kiseki-storage-1 kiseki-server[9223]: 2026-05-07T19:11:02.960970Z  WARN openraft::engine::handler::replication_handler: update progress error: Unreachable node: std::io::error::Error: Connection refused (os error 111)
May 07 19:11:02 kiseki-storage-1 kiseki-server[9223]: 2026-05-07T19:11:02.986280Z  WARN openraft::replication: ReplicationCore recv RPCError: Unreachable node: std::io::error::Error: Connection refused (os error 111), when:(stream-replication); sending error to RaftCore
May 07 19:11:02 kiseki-storage-1 kiseki-server[9223]: 2026-05-07T19:11:02.986307Z  WARN openraft::engine::handler::replication_handler: update progress error: Unreachable node: std::io::error::Error: Connection refused (os error 111)
May 07 19:11:03 kiseki-storage-1 kiseki-server[9223]: 2026-05-07T19:11:03.100762Z  WARN openraft::core::heartbeat::worker: HeartbeatWorker(id=1, target=2) failed to send a heartbeat: Ok(Err(Unreachable(Unreachable { source: BoxedErrorSource { inner: std::io::error::Error: Connection refused (os error 111) } })))
May 07 19:11:03 kiseki-storage-1 kiseki-server[9223]: 2026-05-07T19:11:03.121493Z  WARN openraft::core::heartbeat::worker: HeartbeatWorker(id=1, target=2) failed to send a heartbeat: Ok(Err(Unreachable(Unreachable { source: BoxedErrorSource { inner: std::io::error::Error: Connection refused (os error 111) } })))
May 07 19:11:03 kiseki-storage-1 kiseki-server[9223]: 2026-05-07T19:11:03.162211Z  WARN openraft::replication: ReplicationCore recv RPCError: Unreachable node: std::io::error::Error: Connection refused (os error 111), when:(stream-replication); sending error to RaftCore
May 07 19:11:03 kiseki-storage-1 kiseki-server[9223]: 2026-05-07T19:11:03.162237Z  WARN openraft::engine::handler::replication_handler: update progress error: Unreachable node: std::io::error::Error: Connection refused (os error 111)
May 07 19:11:03 kiseki-storage-1 kiseki-server[9223]: 2026-05-07T19:11:03.187493Z  WARN openraft::replication: ReplicationCore recv RPCError: Unreachable node: std::io::error::Error: Connection refused (os error 111), when:(stream-replication); sending error to RaftCore
May 07 19:11:03 kiseki-storage-1 kiseki-server[9223]: 2026-05-07T19:11:03.187514Z  WARN openraft::engine::handler::replication_handler: update progress error: Unreachable node: std::io::error::Error: Connection refused (os error 111)
May 07 19:11:03 kiseki-storage-1 kiseki-server[9223]: 2026-05-07T19:11:03.363014Z  WARN openraft::replication: ReplicationCore recv RPCError: Unreachable node: std::io::error::Error: Connection refused (os error 111), when:(stream-replication); sending error to RaftCore
May 07 19:11:03 kiseki-storage-1 kiseki-server[9223]: 2026-05-07T19:11:03.363049Z  WARN openraft::engine::handler::replication_handler: update progress error: Unreachable node: std::io::error::Error: Connection refused (os error 111)
May 07 19:11:03 kiseki-storage-1 kiseki-server[9223]: 2026-05-07T19:11:03.389404Z  WARN openraft::replication: ReplicationCore recv RPCError: Unreachable node: std::io::error::Error: Connection refused (os error 111), when:(stream-replication); sending error to RaftCore
May 07 19:11:03 kiseki-storage-1 kiseki-server[9223]: 2026-05-07T19:11:03.389429Z  WARN openraft::engine::handler::replication_handler: update progress error: Unreachable node: std::io::error::Error: Connection refused (os error 111)
May 07 19:11:03 kiseki-storage-1 kiseki-server[9223]: 2026-05-07T19:11:03.563893Z  WARN openraft::replication: ReplicationCore recv RPCError: Unreachable node: std::io::error::Error: Connection refused (os error 111), when:(stream-replication); sending error to RaftCore
May 07 19:11:03 kiseki-storage-1 kiseki-server[9223]: 2026-05-07T19:11:03.563927Z  WARN openraft::engine::handler::replication_handler: update progress error: Unreachable node: std::io::error::Error: Connection refused (os error 111)
May 07 19:11:03 kiseki-storage-1 kiseki-server[9223]: 2026-05-07T19:11:03.591262Z  WARN openraft::replication: ReplicationCore recv RPCError: Unreachable node: std::io::error::Error: Connection refused (os error 111), when:(stream-replication); sending error to RaftCore
May 07 19:11:03 kiseki-storage-1 kiseki-server[9223]: 2026-05-07T19:11:03.591285Z  WARN openraft::engine::handler::replication_handler: update progress error: Unreachable node: std::io::error::Error: Connection refused (os error 111)
May 07 19:11:03 kiseki-storage-1 kiseki-server[9223]: 2026-05-07T19:11:03.765796Z  WARN openraft::replication: ReplicationCore recv RPCError: Unreachable node: std::io::error::Error: Connection refused (os error 111), when:(stream-replication); sending error to RaftCore
May 07 19:11:03 kiseki-storage-1 kiseki-server[9223]: 2026-05-07T19:11:03.765830Z  WARN openraft::engine::handler::replication_handler: update progress error: Unreachable node: std::io::error::Error: Connection refused (os error 111)
May 07 19:11:03 kiseki-storage-1 kiseki-server[9223]: 2026-05-07T19:11:03.792137Z  WARN openraft::replication: ReplicationCore recv RPCError: Unreachable node: std::io::error::Error: Connection refused (os error 111), when:(stream-replication); sending error to RaftCore
May 07 19:11:03 kiseki-storage-1 kiseki-server[9223]: 2026-05-07T19:11:03.792168Z  WARN openraft::engine::handler::replication_handler: update progress error: Unreachable node: std::io::error::Error: Connection refused (os error 111)
May 07 19:11:03 kiseki-storage-1 kiseki-server[9223]: 2026-05-07T19:11:03.852609Z  WARN openraft::core::heartbeat::worker: HeartbeatWorker(id=1, target=2) failed to send a heartbeat: Ok(Err(Unreachable(Unreachable { source: BoxedErrorSource { inner: std::io::error::Error: Connection refused (os error 111) } })))
May 07 19:11:03 kiseki-storage-1 kiseki-server[9223]: 2026-05-07T19:11:03.872285Z  WARN openraft::core::heartbeat::worker: HeartbeatWorker(id=1, target=2) failed to send a heartbeat: Ok(Err(Unreachable(Unreachable { source: BoxedErrorSource { inner: std::io::error::Error: Connection refused (os error 111) } })))
May 07 19:11:03 kiseki-storage-1 kiseki-server[9223]: 2026-05-07T19:11:03.967060Z  WARN openraft::replication: ReplicationCore recv RPCError: Unreachable node: std::io::error::Error: Connection refused (os error 111), when:(stream-replication); sending error to RaftCore
May 07 19:11:03 kiseki-storage-1 kiseki-server[9223]: 2026-05-07T19:11:03.967088Z  WARN openraft::engine::handler::replication_handler: update progress error: Unreachable node: std::io::error::Error: Connection refused (os error 111)
May 07 19:11:03 kiseki-storage-1 kiseki-server[9223]: 2026-05-07T19:11:03.993411Z  WARN openraft::replication: ReplicationCore recv RPCError: Unreachable node: std::io::error::Error: Connection refused (os error 111), when:(stream-replication); sending error to RaftCore
May 07 19:11:03 kiseki-storage-1 kiseki-server[9223]: 2026-05-07T19:11:03.993437Z  WARN openraft::engine::handler::replication_handler: update progress error: Unreachable node: std::io::error::Error: Connection refused (os error 111)
May 07 19:11:04 kiseki-storage-1 kiseki-server[9223]: 2026-05-07T19:11:04.167941Z  WARN openraft::replication: ReplicationCore recv RPCError: Unreachable node: std::io::error::Error: Connection refused (os error 111), when:(stream-replication); sending error to RaftCore
May 07 19:11:04 kiseki-storage-1 kiseki-server[9223]: 2026-05-07T19:11:04.167983Z  WARN openraft::engine::handler::replication_handler: update progress error: Unreachable node: std::io::error::Error: Connection refused (os error 111)
May 07 19:11:04 kiseki-storage-1 kiseki-server[9223]: 2026-05-07T19:11:04.195329Z  WARN openraft::replication: ReplicationCore recv RPCError: Unreachable node: std::io::error::Error: Connection refused (os error 111), when:(stream-replication); sending error to RaftCore
May 07 19:11:04 kiseki-storage-1 kiseki-server[9223]: 2026-05-07T19:11:04.195355Z  WARN openraft::engine::handler::replication_handler: update progress error: Unreachable node: std::io::error::Error: Connection refused (os error 111)
May 07 19:11:04 kiseki-storage-1 kiseki-server[9223]: 2026-05-07T19:11:04.368839Z  WARN openraft::replication: ReplicationCore recv RPCError: Unreachable node: std::io::error::Error: Connection refused (os error 111), when:(stream-replication); sending error to RaftCore
May 07 19:11:04 kiseki-storage-1 kiseki-server[9223]: 2026-05-07T19:11:04.368871Z  WARN openraft::engine::handler::replication_handler: update progress error: Unreachable node: std::io::error::Error: Connection refused (os error 111)
May 07 19:11:04 kiseki-storage-1 kiseki-server[9223]: 2026-05-07T19:11:04.397188Z  WARN openraft::replication: ReplicationCore recv RPCError: Unreachable node: std::io::error::Error: Connection refused (os error 111), when:(stream-replication); sending error to RaftCore
May 07 19:11:04 kiseki-storage-1 kiseki-server[9223]: 2026-05-07T19:11:04.397215Z  WARN openraft::engine::handler::replication_handler: update progress error: Unreachable node: std::io::error::Error: Connection refused (os error 111)
May 07 19:11:04 kiseki-storage-1 kiseki-server[9223]: 2026-05-07T19:11:04.569700Z  WARN openraft::replication: ReplicationCore recv RPCError: Unreachable node: std::io::error::Error: Connection refused (os error 111), when:(stream-replication); sending error to RaftCore
May 07 19:11:04 kiseki-storage-1 kiseki-server[9223]: 2026-05-07T19:11:04.569733Z  WARN openraft::engine::handler::replication_handler: update progress error: Unreachable node: std::io::error::Error: Connection refused (os error 111)
May 07 19:11:04 kiseki-storage-1 kiseki-server[9223]: 2026-05-07T19:11:04.598112Z  WARN openraft::replication: ReplicationCore recv RPCError: Unreachable node: std::io::error::Error: Connection refused (os error 111), when:(stream-replication); sending error to RaftCore
May 07 19:11:04 kiseki-storage-1 kiseki-server[9223]: 2026-05-07T19:11:04.598137Z  WARN openraft::engine::handler::replication_handler: update progress error: Unreachable node: std::io::error::Error: Connection refused (os error 111)
May 07 19:11:04 kiseki-storage-1 kiseki-server[9223]: 2026-05-07T19:11:04.603432Z  WARN openraft::core::heartbeat::worker: HeartbeatWorker(id=1, target=2) failed to send a heartbeat: Ok(Err(Unreachable(Unreachable { source: BoxedErrorSource { inner: std::io::error::Error: Connection refused (os error 111) } })))
May 07 19:11:04 kiseki-storage-1 kiseki-server[9223]: 2026-05-07T19:11:04.623183Z  WARN openraft::core::heartbeat::worker: HeartbeatWorker(id=1, target=2) failed to send a heartbeat: Ok(Err(Unreachable(Unreachable { source: BoxedErrorSource { inner: std::io::error::Error: Connection refused (os error 111) } })))
May 07 19:11:04 kiseki-storage-1 kiseki-server[9223]: 2026-05-07T19:11:04.770925Z  WARN openraft::replication: ReplicationCore recv RPCError: Unreachable node: std::io::error::Error: Connection refused (os error 111), when:(stream-replication); sending error to RaftCore
May 07 19:11:04 kiseki-storage-1 kiseki-server[9223]: 2026-05-07T19:11:04.770955Z  WARN openraft::engine::handler::replication_handler: update progress error: Unreachable node: std::io::error::Error: Connection refused (os error 111)
May 07 19:11:04 kiseki-storage-1 kiseki-server[9223]: 2026-05-07T19:11:04.799351Z  WARN openraft::replication: ReplicationCore recv RPCError: Unreachable node: std::io::error::Error: Connection refused (os error 111), when:(stream-replication); sending error to RaftCore
May 07 19:11:04 kiseki-storage-1 kiseki-server[9223]: 2026-05-07T19:11:04.799375Z  WARN openraft::engine::handler::replication_handler: update progress error: Unreachable node: std::io::error::Error: Connection refused (os error 111)
May 07 19:11:04 kiseki-storage-1 kiseki-server[9223]: 2026-05-07T19:11:04.971870Z  WARN openraft::replication: ReplicationCore recv RPCError: Unreachable node: std::io::error::Error: Connection refused (os error 111), when:(stream-replication); sending error to RaftCore
May 07 19:11:04 kiseki-storage-1 kiseki-server[9223]: 2026-05-07T19:11:04.971904Z  WARN openraft::engine::handler::replication_handler: update progress error: Unreachable node: std::io::error::Error: Connection refused (os error 111)
May 07 19:11:05 kiseki-storage-1 kiseki-server[9223]: 2026-05-07T19:11:05.001317Z  WARN openraft::replication: ReplicationCore recv RPCError: Unreachable node: std::io::error::Error: Connection refused (os error 111), when:(stream-replication); sending error to RaftCore
May 07 19:11:05 kiseki-storage-1 kiseki-server[9223]: 2026-05-07T19:11:05.001348Z  WARN openraft::engine::handler::replication_handler: update progress error: Unreachable node: std::io::error::Error: Connection refused (os error 111)
May 07 19:11:05 kiseki-storage-1 kiseki-server[9223]: 2026-05-07T19:11:05.172785Z  WARN openraft::replication: ReplicationCore recv RPCError: Unreachable node: std::io::error::Error: Connection refused (os error 111), when:(stream-replication); sending error to RaftCore
May 07 19:11:05 kiseki-storage-1 kiseki-server[9223]: 2026-05-07T19:11:05.172816Z  WARN openraft::engine::handler::replication_handler: update progress error: Unreachable node: std::io::error::Error: Connection refused (os error 111)
May 07 19:11:05 kiseki-storage-1 kiseki-server[9223]: 2026-05-07T19:11:05.203113Z  WARN openraft::replication: ReplicationCore recv RPCError: Unreachable node: std::io::error::Error: Connection refused (os error 111), when:(stream-replication); sending error to RaftCore
May 07 19:11:05 kiseki-storage-1 kiseki-server[9223]: 2026-05-07T19:11:05.203136Z  WARN openraft::engine::handler::replication_handler: update progress error: Unreachable node: std::io::error::Error: Connection refused (os error 111)
May 07 19:11:05 kiseki-storage-1 kiseki-server[9223]: 2026-05-07T19:11:05.354676Z  WARN openraft::core::heartbeat::worker: HeartbeatWorker(id=1, target=2) failed to send a heartbeat: Ok(Err(Unreachable(Unreachable { source: BoxedErrorSource { inner: std::io::error::Error: Connection refused (os error 111) } })))
May 07 19:11:05 kiseki-storage-1 kiseki-server[9223]: 2026-05-07T19:11:05.374383Z  WARN openraft::replication: ReplicationCore recv RPCError: Unreachable node: std::io::error::Error: Connection refused (os error 111), when:(stream-replication); sending error to RaftCore
May 07 19:11:05 kiseki-storage-1 kiseki-server[9223]: 2026-05-07T19:11:05.374415Z  WARN openraft::engine::handler::replication_handler: update progress error: Unreachable node: std::io::error::Error: Connection refused (os error 111)
May 07 19:11:05 kiseki-storage-1 kiseki-server[9223]: 2026-05-07T19:11:05.374431Z  WARN openraft::core::heartbeat::worker: HeartbeatWorker(id=1, target=2) failed to send a heartbeat: Ok(Err(Unreachable(Unreachable { source: BoxedErrorSource { inner: std::io::error::Error: Connection refused (os error 111) } })))
May 07 19:11:05 kiseki-storage-1 kiseki-server[9223]: 2026-05-07T19:11:05.404044Z  WARN openraft::replication: ReplicationCore recv RPCError: Unreachable node: std::io::error::Error: Connection refused (os error 111), when:(stream-replication); sending error to RaftCore
May 07 19:11:05 kiseki-storage-1 kiseki-server[9223]: 2026-05-07T19:11:05.404065Z  WARN openraft::engine::handler::replication_handler: update progress error: Unreachable node: std::io::error::Error: Connection refused (os error 111)
May 07 19:11:05 kiseki-storage-1 kiseki-server[9223]: 2026-05-07T19:11:05.576554Z  WARN openraft::replication: ReplicationCore recv RPCError: Unreachable node: std::io::error::Error: Connection refused (os error 111), when:(stream-replication); sending error to RaftCore
May 07 19:11:05 kiseki-storage-1 kiseki-server[9223]: 2026-05-07T19:11:05.576588Z  WARN openraft::engine::handler::replication_handler: update progress error: Unreachable node: std::io::error::Error: Connection refused (os error 111)
May 07 19:11:05 kiseki-storage-1 kiseki-server[9223]: 2026-05-07T19:11:05.604869Z  WARN openraft::replication: ReplicationCore recv RPCError: Unreachable node: std::io::error::Error: Connection refused (os error 111), when:(stream-replication); sending error to RaftCore
May 07 19:11:05 kiseki-storage-1 kiseki-server[9223]: 2026-05-07T19:11:05.604892Z  WARN openraft::engine::handler::replication_handler: update progress error: Unreachable node: std::io::error::Error: Connection refused (os error 111)
May 07 19:11:05 kiseki-storage-1 kiseki-server[9223]: 2026-05-07T19:11:05.778438Z  WARN openraft::replication: ReplicationCore recv RPCError: Unreachable node: std::io::error::Error: Connection refused (os error 111), when:(stream-replication); sending error to RaftCore
May 07 19:11:05 kiseki-storage-1 kiseki-server[9223]: 2026-05-07T19:11:05.778474Z  WARN openraft::engine::handler::replication_handler: update progress error: Unreachable node: std::io::error::Error: Connection refused (os error 111)
May 07 19:11:05 kiseki-storage-1 kiseki-server[9223]: 2026-05-07T19:11:05.805789Z  WARN openraft::replication: ReplicationCore recv RPCError: Unreachable node: std::io::error::Error: Connection refused (os error 111), when:(stream-replication); sending error to RaftCore
May 07 19:11:05 kiseki-storage-1 kiseki-server[9223]: 2026-05-07T19:11:05.805814Z  WARN openraft::engine::handler::replication_handler: update progress error: Unreachable node: std::io::error::Error: Connection refused (os error 111)
May 07 19:11:05 kiseki-storage-1 kiseki-server[9223]: 2026-05-07T19:11:05.980312Z  WARN openraft::replication: ReplicationCore recv RPCError: Unreachable node: std::io::error::Error: Connection refused (os error 111), when:(stream-replication); sending error to RaftCore
May 07 19:11:05 kiseki-storage-1 kiseki-server[9223]: 2026-05-07T19:11:05.980343Z  WARN openraft::engine::handler::replication_handler: update progress error: Unreachable node: std::io::error::Error: Connection refused (os error 111)
May 07 19:11:06 kiseki-storage-1 kiseki-server[9223]: 2026-05-07T19:11:06.006680Z  WARN openraft::replication: ReplicationCore recv RPCError: Unreachable node: std::io::error::Error: Connection refused (os error 111), when:(stream-replication); sending error to RaftCore
May 07 19:11:06 kiseki-storage-1 kiseki-server[9223]: 2026-05-07T19:11:06.006704Z  WARN openraft::engine::handler::replication_handler: update progress error: Unreachable node: std::io::error::Error: Connection refused (os error 111)
May 07 19:11:06 kiseki-storage-1 kiseki-server[9223]: 2026-05-07T19:11:06.105148Z  WARN openraft::core::heartbeat::worker: HeartbeatWorker(id=1, target=2) failed to send a heartbeat: Ok(Err(Unreachable(Unreachable { source: BoxedErrorSource { inner: std::io::error::Error: Connection refused (os error 111) } })))
May 07 19:11:06 kiseki-storage-1 kiseki-server[9223]: 2026-05-07T19:11:06.124826Z  WARN openraft::core::heartbeat::worker: HeartbeatWorker(id=1, target=2) failed to send a heartbeat: Ok(Err(Unreachable(Unreachable { source: BoxedErrorSource { inner: std::io::error::Error: Connection refused (os error 111) } })))
May 07 19:11:06 kiseki-storage-1 kiseki-server[9223]: 2026-05-07T19:11:06.182486Z  WARN openraft::replication: ReplicationCore recv RPCError: Unreachable node: std::io::error::Error: Connection refused (os error 111), when:(stream-replication); sending error to RaftCore
May 07 19:11:06 kiseki-storage-1 kiseki-server[9223]: 2026-05-07T19:11:06.182510Z  WARN openraft::engine::handler::replication_handler: update progress error: Unreachable node: std::io::error::Error: Connection refused (os error 111)
May 07 19:11:06 kiseki-storage-1 kiseki-server[9223]: 2026-05-07T19:11:06.207851Z  WARN openraft::replication: ReplicationCore recv RPCError: Unreachable node: std::io::error::Error: Connection refused (os error 111), when:(stream-replication); sending error to RaftCore
May 07 19:11:06 kiseki-storage-1 kiseki-server[9223]: 2026-05-07T19:11:06.207874Z  WARN openraft::engine::handler::replication_handler: update progress error: Unreachable node: std::io::error::Error: Connection refused (os error 111)
May 07 19:11:06 kiseki-storage-1 kiseki-server[9223]: 2026-05-07T19:11:06.384342Z  WARN openraft::replication: ReplicationCore recv RPCError: Unreachable node: std::io::error::Error: Connection refused (os error 111), when:(stream-replication); sending error to RaftCore
May 07 19:11:06 kiseki-storage-1 kiseki-server[9223]: 2026-05-07T19:11:06.384376Z  WARN openraft::engine::handler::replication_handler: update progress error: Unreachable node: std::io::error::Error: Connection refused (os error 111)
May 07 19:11:06 kiseki-storage-1 kiseki-server[9223]: 2026-05-07T19:11:06.408746Z  WARN openraft::replication: ReplicationCore recv RPCError: Unreachable node: std::io::error::Error: Connection refused (os error 111), when:(stream-replication); sending error to RaftCore
May 07 19:11:06 kiseki-storage-1 kiseki-server[9223]: 2026-05-07T19:11:06.408771Z  WARN openraft::engine::handler::replication_handler: update progress error: Unreachable node: std::io::error::Error: Connection refused (os error 111)
May 07 19:11:06 kiseki-storage-1 kiseki-server[9223]: 2026-05-07T19:11:06.586341Z  WARN openraft::replication: ReplicationCore recv RPCError: Unreachable node: std::io::error::Error: Connection refused (os error 111), when:(stream-replication); sending error to RaftCore
May 07 19:11:06 kiseki-storage-1 kiseki-server[9223]: 2026-05-07T19:11:06.586376Z  WARN openraft::engine::handler::replication_handler: update progress error: Unreachable node: std::io::error::Error: Connection refused (os error 111)
May 07 19:11:06 kiseki-storage-1 kiseki-server[9223]: 2026-05-07T19:11:06.609691Z  WARN openraft::replication: ReplicationCore recv RPCError: Unreachable node: std::io::error::Error: Connection refused (os error 111), when:(stream-replication); sending error to RaftCore
May 07 19:11:06 kiseki-storage-1 kiseki-server[9223]: 2026-05-07T19:11:06.609714Z  WARN openraft::engine::handler::replication_handler: update progress error: Unreachable node: std::io::error::Error: Connection refused (os error 111)
May 07 19:11:06 kiseki-storage-1 kiseki-server[9223]: 2026-05-07T19:11:06.788297Z  WARN openraft::replication: ReplicationCore recv RPCError: Unreachable node: std::io::error::Error: Connection refused (os error 111), when:(stream-replication); sending error to RaftCore
May 07 19:11:06 kiseki-storage-1 kiseki-server[9223]: 2026-05-07T19:11:06.788329Z  WARN openraft::engine::handler::replication_handler: update progress error: Unreachable node: std::io::error::Error: Connection refused (os error 111)
May 07 19:11:06 kiseki-storage-1 kiseki-server[9223]: 2026-05-07T19:11:06.811635Z  WARN openraft::replication: ReplicationCore recv RPCError: Unreachable node: std::io::error::Error: Connection refused (os error 111), when:(stream-replication); sending error to RaftCore
May 07 19:11:06 kiseki-storage-1 kiseki-server[9223]: 2026-05-07T19:11:06.811658Z  WARN openraft::engine::handler::replication_handler: update progress error: Unreachable node: std::io::error::Error: Connection refused (os error 111)
May 07 19:11:06 kiseki-storage-1 kiseki-server[9223]: 2026-05-07T19:11:06.856098Z  WARN openraft::core::heartbeat::worker: HeartbeatWorker(id=1, target=2) failed to send a heartbeat: Ok(Err(Unreachable(Unreachable { source: BoxedErrorSource { inner: std::io::error::Error: Connection refused (os error 111) } })))
May 07 19:11:06 kiseki-storage-1 kiseki-server[9223]: 2026-05-07T19:11:06.875806Z  WARN openraft::core::heartbeat::worker: HeartbeatWorker(id=1, target=2) failed to send a heartbeat: Ok(Err(Unreachable(Unreachable { source: BoxedErrorSource { inner: std::io::error::Error: Connection refused (os error 111) } })))
May 07 19:11:06 kiseki-storage-1 kiseki-server[9223]: 2026-05-07T19:11:06.990617Z  WARN openraft::replication: ReplicationCore recv RPCError: Unreachable node: std::io::error::Error: Connection refused (os error 111), when:(stream-replication); sending error to RaftCore
May 07 19:11:06 kiseki-storage-1 kiseki-server[9223]: 2026-05-07T19:11:06.990648Z  WARN openraft::engine::handler::replication_handler: update progress error: Unreachable node: std::io::error::Error: Connection refused (os error 111)
May 07 19:11:07 kiseki-storage-1 kiseki-server[9223]: 2026-05-07T19:11:07.012973Z  WARN openraft::replication: ReplicationCore recv RPCError: Unreachable node: std::io::error::Error: Connection refused (os error 111), when:(stream-replication); sending error to RaftCore
May 07 19:11:07 kiseki-storage-1 kiseki-server[9223]: 2026-05-07T19:11:07.013005Z  WARN openraft::engine::handler::replication_handler: update progress error: Unreachable node: std::io::error::Error: Connection refused (os error 111)
May 07 19:11:07 kiseki-storage-1 kiseki-server[9223]: 2026-05-07T19:11:07.192576Z  WARN openraft::replication: ReplicationCore recv RPCError: Unreachable node: std::io::error::Error: Connection refused (os error 111), when:(stream-replication); sending error to RaftCore
May 07 19:11:07 kiseki-storage-1 kiseki-server[9223]: 2026-05-07T19:11:07.192610Z  WARN openraft::engine::handler::replication_handler: update progress error: Unreachable node: std::io::error::Error: Connection refused (os error 111)
May 07 19:11:07 kiseki-storage-1 kiseki-server[9223]: 2026-05-07T19:11:07.213952Z  WARN openraft::replication: ReplicationCore recv RPCError: Unreachable node: std::io::error::Error: Connection refused (os error 111), when:(stream-replication); sending error to RaftCore
May 07 19:11:07 kiseki-storage-1 kiseki-server[9223]: 2026-05-07T19:11:07.213986Z  WARN openraft::engine::handler::replication_handler: update progress error: Unreachable node: std::io::error::Error: Connection refused (os error 111)
May 07 19:11:07 kiseki-storage-1 kiseki-server[9223]: 2026-05-07T19:11:07.394545Z  WARN openraft::replication: ReplicationCore recv RPCError: Unreachable node: std::io::error::Error: Connection refused (os error 111), when:(stream-replication); sending error to RaftCore
May 07 19:11:07 kiseki-storage-1 kiseki-server[9223]: 2026-05-07T19:11:07.394579Z  WARN openraft::engine::handler::replication_handler: update progress error: Unreachable node: std::io::error::Error: Connection refused (os error 111)
May 07 19:11:07 kiseki-storage-1 kiseki-server[9223]: 2026-05-07T19:11:07.414928Z  WARN openraft::replication: ReplicationCore recv RPCError: Unreachable node: std::io::error::Error: Connection refused (os error 111), when:(stream-replication); sending error to RaftCore
May 07 19:11:07 kiseki-storage-1 kiseki-server[9223]: 2026-05-07T19:11:07.414952Z  WARN openraft::engine::handler::replication_handler: update progress error: Unreachable node: std::io::error::Error: Connection refused (os error 111)
May 07 19:11:07 kiseki-storage-1 kiseki-server[9223]: 2026-05-07T19:11:07.596489Z  WARN openraft::replication: ReplicationCore recv RPCError: Unreachable node: std::io::error::Error: Connection refused (os error 111), when:(stream-replication); sending error to RaftCore
May 07 19:11:07 kiseki-storage-1 kiseki-server[9223]: 2026-05-07T19:11:07.596521Z  WARN openraft::engine::handler::replication_handler: update progress error: Unreachable node: std::io::error::Error: Connection refused (os error 111)
May 07 19:11:07 kiseki-storage-1 kiseki-server[9223]: 2026-05-07T19:11:07.606958Z  WARN openraft::core::heartbeat::worker: HeartbeatWorker(id=1, target=2) failed to send a heartbeat: Ok(Err(Unreachable(Unreachable { source: BoxedErrorSource { inner: std::io::error::Error: Connection refused (os error 111) } })))
May 07 19:11:07 kiseki-storage-1 kiseki-server[9223]: 2026-05-07T19:11:07.616595Z  WARN openraft::replication: ReplicationCore recv RPCError: Unreachable node: std::io::error::Error: Connection refused (os error 111), when:(stream-replication); sending error to RaftCore
May 07 19:11:07 kiseki-storage-1 kiseki-server[9223]: 2026-05-07T19:11:07.616615Z  WARN openraft::engine::handler::replication_handler: update progress error: Unreachable node: std::io::error::Error: Connection refused (os error 111)
May 07 19:11:07 kiseki-storage-1 kiseki-server[9223]: 2026-05-07T19:11:07.626954Z  WARN openraft::core::heartbeat::worker: HeartbeatWorker(id=1, target=2) failed to send a heartbeat: Ok(Err(Unreachable(Unreachable { source: BoxedErrorSource { inner: std::io::error::Error: Connection refused (os error 111) } })))
May 07 19:11:07 kiseki-storage-1 kiseki-server[9223]: 2026-05-07T19:11:07.797746Z  WARN openraft::replication: ReplicationCore recv RPCError: Unreachable node: std::io::error::Error: Connection refused (os error 111), when:(stream-replication); sending error to RaftCore
May 07 19:11:07 kiseki-storage-1 kiseki-server[9223]: 2026-05-07T19:11:07.797780Z  WARN openraft::engine::handler::replication_handler: update progress error: Unreachable node: std::io::error::Error: Connection refused (os error 111)
May 07 19:11:07 kiseki-storage-1 kiseki-server[9223]: 2026-05-07T19:11:07.818134Z  WARN openraft::replication: ReplicationCore recv RPCError: Unreachable node: std::io::error::Error: Connection refused (os error 111), when:(stream-replication); sending error to RaftCore
May 07 19:11:07 kiseki-storage-1 kiseki-server[9223]: 2026-05-07T19:11:07.818164Z  WARN openraft::engine::handler::replication_handler: update progress error: Unreachable node: std::io::error::Error: Connection refused (os error 111)
May 07 19:11:07 kiseki-storage-1 kiseki-server[9223]: 2026-05-07T19:11:07.998736Z  WARN openraft::replication: ReplicationCore recv RPCError: Unreachable node: std::io::error::Error: Connection refused (os error 111), when:(stream-replication); sending error to RaftCore
May 07 19:11:07 kiseki-storage-1 kiseki-server[9223]: 2026-05-07T19:11:07.998772Z  WARN openraft::engine::handler::replication_handler: update progress error: Unreachable node: std::io::error::Error: Connection refused (os error 111)
May 07 19:11:08 kiseki-storage-1 kiseki-server[9223]: 2026-05-07T19:11:08.019101Z  WARN openraft::replication: ReplicationCore recv RPCError: Unreachable node: std::io::error::Error: Connection refused (os error 111), when:(stream-replication); sending error to RaftCore
May 07 19:11:08 kiseki-storage-1 kiseki-server[9223]: 2026-05-07T19:11:08.019127Z  WARN openraft::engine::handler::replication_handler: update progress error: Unreachable node: std::io::error::Error: Connection refused (os error 111)
May 07 19:11:08 kiseki-storage-1 kiseki-server[9223]: 2026-05-07T19:11:08.200672Z  WARN openraft::replication: ReplicationCore recv RPCError: Unreachable node: std::io::error::Error: Connection refused (os error 111), when:(stream-replication); sending error to RaftCore
May 07 19:11:08 kiseki-storage-1 kiseki-server[9223]: 2026-05-07T19:11:08.200702Z  WARN openraft::engine::handler::replication_handler: update progress error: Unreachable node: std::io::error::Error: Connection refused (os error 111)
May 07 19:11:08 kiseki-storage-1 kiseki-server[9223]: 2026-05-07T19:11:08.220037Z  WARN openraft::replication: ReplicationCore recv RPCError: Unreachable node: std::io::error::Error: Connection refused (os error 111), when:(stream-replication); sending error to RaftCore
May 07 19:11:08 kiseki-storage-1 kiseki-server[9223]: 2026-05-07T19:11:08.220060Z  WARN openraft::engine::handler::replication_handler: update progress error: Unreachable node: std::io::error::Error: Connection refused (os error 111)
May 07 19:11:08 kiseki-storage-1 kiseki-server[9223]: 2026-05-07T19:11:08.358564Z  WARN openraft::core::heartbeat::worker: HeartbeatWorker(id=1, target=2) failed to send a heartbeat: Ok(Err(Unreachable(Unreachable { source: BoxedErrorSource { inner: std::io::error::Error: Connection refused (os error 111) } })))
May 07 19:11:08 kiseki-storage-1 kiseki-server[9223]: 2026-05-07T19:11:08.378351Z  WARN openraft::core::heartbeat::worker: HeartbeatWorker(id=1, target=2) failed to send a heartbeat: Ok(Err(Unreachable(Unreachable { source: BoxedErrorSource { inner: std::io::error::Error: Connection refused (os error 111) } })))
May 07 19:11:08 kiseki-storage-1 kiseki-server[9223]: 2026-05-07T19:11:08.401955Z  WARN openraft::replication: ReplicationCore recv RPCError: Unreachable node: std::io::error::Error: Connection refused (os error 111), when:(stream-replication); sending error to RaftCore
May 07 19:11:08 kiseki-storage-1 kiseki-server[9223]: 2026-05-07T19:11:08.401985Z  WARN openraft::engine::handler::replication_handler: update progress error: Unreachable node: std::io::error::Error: Connection refused (os error 111)
May 07 19:11:08 kiseki-storage-1 kiseki-server[9223]: 2026-05-07T19:11:08.421294Z  WARN openraft::replication: ReplicationCore recv RPCError: Unreachable node: std::io::error::Error: Connection refused (os error 111), when:(stream-replication); sending error to RaftCore
May 07 19:11:08 kiseki-storage-1 kiseki-server[9223]: 2026-05-07T19:11:08.421319Z  WARN openraft::engine::handler::replication_handler: update progress error: Unreachable node: std::io::error::Error: Connection refused (os error 111)
May 07 19:11:08 kiseki-storage-1 kiseki-server[9223]: 2026-05-07T19:11:08.602921Z  WARN openraft::replication: ReplicationCore recv RPCError: Unreachable node: std::io::error::Error: Connection refused (os error 111), when:(stream-replication); sending error to RaftCore
May 07 19:11:08 kiseki-storage-1 kiseki-server[9223]: 2026-05-07T19:11:08.602956Z  WARN openraft::engine::handler::replication_handler: update progress error: Unreachable node: std::io::error::Error: Connection refused (os error 111)
May 07 19:11:08 kiseki-storage-1 kiseki-server[9223]: 2026-05-07T19:11:08.622310Z  WARN openraft::replication: ReplicationCore recv RPCError: Unreachable node: std::io::error::Error: Connection refused (os error 111), when:(stream-replication); sending error to RaftCore
May 07 19:11:08 kiseki-storage-1 kiseki-server[9223]: 2026-05-07T19:11:08.622337Z  WARN openraft::engine::handler::replication_handler: update progress error: Unreachable node: std::io::error::Error: Connection refused (os error 111)
May 07 19:11:08 kiseki-storage-1 kiseki-server[9223]: 2026-05-07T19:11:08.803907Z  WARN openraft::replication: ReplicationCore recv RPCError: Unreachable node: std::io::error::Error: Connection refused (os error 111), when:(stream-replication); sending error to RaftCore
May 07 19:11:08 kiseki-storage-1 kiseki-server[9223]: 2026-05-07T19:11:08.803942Z  WARN openraft::engine::handler::replication_handler: update progress error: Unreachable node: std::io::error::Error: Connection refused (os error 111)
May 07 19:11:08 kiseki-storage-1 kiseki-server[9223]: 2026-05-07T19:11:08.824303Z  WARN openraft::replication: ReplicationCore recv RPCError: Unreachable node: std::io::error::Error: Connection refused (os error 111), when:(stream-replication); sending error to RaftCore
May 07 19:11:08 kiseki-storage-1 kiseki-server[9223]: 2026-05-07T19:11:08.824327Z  WARN openraft::engine::handler::replication_handler: update progress error: Unreachable node: std::io::error::Error: Connection refused (os error 111)
May 07 19:11:09 kiseki-storage-1 kiseki-server[9223]: 2026-05-07T19:11:09.004893Z  WARN openraft::replication: ReplicationCore recv RPCError: Unreachable node: std::io::error::Error: Connection refused (os error 111), when:(stream-replication); sending error to RaftCore
May 07 19:11:09 kiseki-storage-1 kiseki-server[9223]: 2026-05-07T19:11:09.004928Z  WARN openraft::engine::handler::replication_handler: update progress error: Unreachable node: std::io::error::Error: Connection refused (os error 111)
May 07 19:11:09 kiseki-storage-1 kiseki-server[9223]: 2026-05-07T19:11:09.026279Z  WARN openraft::replication: ReplicationCore recv RPCError: Unreachable node: std::io::error::Error: Connection refused (os error 111), when:(stream-replication); sending error to RaftCore
May 07 19:11:09 kiseki-storage-1 kiseki-server[9223]: 2026-05-07T19:11:09.026303Z  WARN openraft::engine::handler::replication_handler: update progress error: Unreachable node: std::io::error::Error: Connection refused (os error 111)
May 07 19:11:09 kiseki-storage-1 kiseki-server[9223]: 2026-05-07T19:11:09.108728Z  WARN openraft::core::heartbeat::worker: HeartbeatWorker(id=1, target=2) failed to send a heartbeat: Ok(Err(Unreachable(Unreachable { source: BoxedErrorSource { inner: std::io::error::Error: Connection refused (os error 111) } })))
May 07 19:11:09 kiseki-storage-1 kiseki-server[9223]: 2026-05-07T19:11:09.129526Z  WARN openraft::core::heartbeat::worker: HeartbeatWorker(id=1, target=2) failed to send a heartbeat: Ok(Err(Unreachable(Unreachable { source: BoxedErrorSource { inner: std::io::error::Error: Connection refused (os error 111) } })))
May 07 19:11:09 kiseki-storage-1 kiseki-server[9223]: 2026-05-07T19:11:09.206242Z  WARN openraft::replication: ReplicationCore recv RPCError: Unreachable node: std::io::error::Error: Connection refused (os error 111), when:(stream-replication); sending error to RaftCore
May 07 19:11:09 kiseki-storage-1 kiseki-server[9223]: 2026-05-07T19:11:09.206270Z  WARN openraft::engine::handler::replication_handler: update progress error: Unreachable node: std::io::error::Error: Connection refused (os error 111)
May 07 19:11:09 kiseki-storage-1 kiseki-server[9223]: 2026-05-07T19:11:09.227577Z  WARN openraft::replication: ReplicationCore recv RPCError: Unreachable node: std::io::error::Error: Connection refused (os error 111), when:(stream-replication); sending error to RaftCore
May 07 19:11:09 kiseki-storage-1 kiseki-server[9223]: 2026-05-07T19:11:09.227600Z  WARN openraft::engine::handler::replication_handler: update progress error: Unreachable node: std::io::error::Error: Connection refused (os error 111)
May 07 19:11:09 kiseki-storage-1 kiseki-server[9223]: 2026-05-07T19:11:09.407256Z  WARN openraft::replication: ReplicationCore recv RPCError: Unreachable node: std::io::error::Error: Connection refused (os error 111), when:(stream-replication); sending error to RaftCore
May 07 19:11:09 kiseki-storage-1 kiseki-server[9223]: 2026-05-07T19:11:09.407292Z  WARN openraft::engine::handler::replication_handler: update progress error: Unreachable node: std::io::error::Error: Connection refused (os error 111)
May 07 19:11:09 kiseki-storage-1 kiseki-server[9223]: 2026-05-07T19:11:09.429634Z  WARN openraft::replication: ReplicationCore recv RPCError: Unreachable node: std::io::error::Error: Connection refused (os error 111), when:(stream-replication); sending error to RaftCore
May 07 19:11:09 kiseki-storage-1 kiseki-server[9223]: 2026-05-07T19:11:09.429664Z  WARN openraft::engine::handler::replication_handler: update progress error: Unreachable node: std::io::error::Error: Connection refused (os error 111)
May 07 19:11:09 kiseki-storage-1 kiseki-server[9223]: 2026-05-07T19:11:09.608233Z  WARN openraft::replication: ReplicationCore recv RPCError: Unreachable node: std::io::error::Error: Connection refused (os error 111), when:(stream-replication); sending error to RaftCore
May 07 19:11:09 kiseki-storage-1 kiseki-server[9223]: 2026-05-07T19:11:09.608267Z  WARN openraft::engine::handler::replication_handler: update progress error: Unreachable node: std::io::error::Error: Connection refused (os error 111)
May 07 19:11:09 kiseki-storage-1 kiseki-server[9223]: 2026-05-07T19:11:09.631627Z  WARN openraft::replication: ReplicationCore recv RPCError: Unreachable node: std::io::error::Error: Connection refused (os error 111), when:(stream-replication); sending error to RaftCore
May 07 19:11:09 kiseki-storage-1 kiseki-server[9223]: 2026-05-07T19:11:09.631660Z  WARN openraft::engine::handler::replication_handler: update progress error: Unreachable node: std::io::error::Error: Connection refused (os error 111)
May 07 19:11:09 kiseki-storage-1 kiseki-server[9223]: 2026-05-07T19:11:09.809246Z  WARN openraft::replication: ReplicationCore recv RPCError: Unreachable node: std::io::error::Error: Connection refused (os error 111), when:(stream-replication); sending error to RaftCore
May 07 19:11:09 kiseki-storage-1 kiseki-server[9223]: 2026-05-07T19:11:09.809281Z  WARN openraft::engine::handler::replication_handler: update progress error: Unreachable node: std::io::error::Error: Connection refused (os error 111)
May 07 19:11:09 kiseki-storage-1 kiseki-server[9223]: 2026-05-07T19:11:09.833605Z  WARN openraft::replication: ReplicationCore recv RPCError: Unreachable node: std::io::error::Error: Connection refused (os error 111), when:(stream-replication); sending error to RaftCore
May 07 19:11:09 kiseki-storage-1 kiseki-server[9223]: 2026-05-07T19:11:09.833629Z  WARN openraft::engine::handler::replication_handler: update progress error: Unreachable node: std::io::error::Error: Connection refused (os error 111)
May 07 19:11:09 kiseki-storage-1 kiseki-server[9223]: 2026-05-07T19:11:09.860067Z  WARN openraft::core::heartbeat::worker: HeartbeatWorker(id=1, target=2) failed to send a heartbeat: Ok(Err(Unreachable(Unreachable { source: BoxedErrorSource { inner: std::io::error::Error: Connection refused (os error 111) } })))
May 07 19:11:09 kiseki-storage-1 kiseki-server[9223]: 2026-05-07T19:11:09.879754Z  WARN openraft::core::heartbeat::worker: HeartbeatWorker(id=1, target=2) failed to send a heartbeat: Ok(Err(Unreachable(Unreachable { source: BoxedErrorSource { inner: std::io::error::Error: Connection refused (os error 111) } })))
May 07 19:11:10 kiseki-storage-1 kiseki-server[9223]: 2026-05-07T19:11:10.010565Z  WARN openraft::replication: ReplicationCore recv RPCError: Unreachable node: std::io::error::Error: Connection refused (os error 111), when:(stream-replication); sending error to RaftCore
May 07 19:11:10 kiseki-storage-1 kiseki-server[9223]: 2026-05-07T19:11:10.010595Z  WARN openraft::engine::handler::replication_handler: update progress error: Unreachable node: std::io::error::Error: Connection refused (os error 111)
May 07 19:11:10 kiseki-storage-1 kiseki-server[9223]: 2026-05-07T19:11:10.034918Z  WARN openraft::replication: ReplicationCore recv RPCError: Unreachable node: std::io::error::Error: Connection refused (os error 111), when:(stream-replication); sending error to RaftCore
May 07 19:11:10 kiseki-storage-1 kiseki-server[9223]: 2026-05-07T19:11:10.034944Z  WARN openraft::engine::handler::replication_handler: update progress error: Unreachable node: std::io::error::Error: Connection refused (os error 111)
May 07 19:11:10 kiseki-storage-1 kiseki-server[9223]: 2026-05-07T19:11:10.212500Z  WARN openraft::replication: ReplicationCore recv RPCError: Unreachable node: std::io::error::Error: Connection refused (os error 111), when:(stream-replication); sending error to RaftCore
May 07 19:11:10 kiseki-storage-1 kiseki-server[9223]: 2026-05-07T19:11:10.212531Z  WARN openraft::engine::handler::replication_handler: update progress error: Unreachable node: std::io::error::Error: Connection refused (os error 111)
May 07 19:11:10 kiseki-storage-1 kiseki-server[9223]: 2026-05-07T19:11:10.235912Z  WARN openraft::replication: ReplicationCore recv RPCError: Unreachable node: std::io::error::Error: Connection refused (os error 111), when:(stream-replication); sending error to RaftCore
May 07 19:11:10 kiseki-storage-1 kiseki-server[9223]: 2026-05-07T19:11:10.235935Z  WARN openraft::engine::handler::replication_handler: update progress error: Unreachable node: std::io::error::Error: Connection refused (os error 111)
May 07 19:11:10 kiseki-storage-1 kiseki-server[9223]: 2026-05-07T19:11:10.414464Z  WARN openraft::replication: ReplicationCore recv RPCError: Unreachable node: std::io::error::Error: Connection refused (os error 111), when:(stream-replication); sending error to RaftCore
May 07 19:11:10 kiseki-storage-1 kiseki-server[9223]: 2026-05-07T19:11:10.414496Z  WARN openraft::engine::handler::replication_handler: update progress error: Unreachable node: std::io::error::Error: Connection refused (os error 111)
May 07 19:11:10 kiseki-storage-1 kiseki-server[9223]: 2026-05-07T19:11:10.436841Z  WARN openraft::replication: ReplicationCore recv RPCError: Unreachable node: std::io::error::Error: Connection refused (os error 111), when:(stream-replication); sending error to RaftCore
May 07 19:11:10 kiseki-storage-1 kiseki-server[9223]: 2026-05-07T19:11:10.436863Z  WARN openraft::engine::handler::replication_handler: update progress error: Unreachable node: std::io::error::Error: Connection refused (os error 111)
May 07 19:11:10 kiseki-storage-1 kiseki-server[9223]: 2026-05-07T19:11:10.611424Z  WARN openraft::core::heartbeat::worker: HeartbeatWorker(id=1, target=2) failed to send a heartbeat: Ok(Err(Unreachable(Unreachable { source: BoxedErrorSource { inner: std::io::error::Error: Connection refused (os error 111) } })))
May 07 19:11:10 kiseki-storage-1 kiseki-server[9223]: 2026-05-07T19:11:10.616164Z  WARN openraft::replication: ReplicationCore recv RPCError: Unreachable node: std::io::error::Error: Connection refused (os error 111), when:(stream-replication); sending error to RaftCore
May 07 19:11:10 kiseki-storage-1 kiseki-server[9223]: 2026-05-07T19:11:10.616195Z  WARN openraft::engine::handler::replication_handler: update progress error: Unreachable node: std::io::error::Error: Connection refused (os error 111)
May 07 19:11:10 kiseki-storage-1 kiseki-server[9223]: 2026-05-07T19:11:10.631487Z  WARN openraft::core::heartbeat::worker: HeartbeatWorker(id=1, target=2) failed to send a heartbeat: Ok(Err(Unreachable(Unreachable { source: BoxedErrorSource { inner: std::io::error::Error: Connection refused (os error 111) } })))
May 07 19:11:10 kiseki-storage-1 kiseki-server[9223]: 2026-05-07T19:11:10.638169Z  WARN openraft::replication: ReplicationCore recv RPCError: Unreachable node: std::io::error::Error: Connection refused (os error 111), when:(stream-replication); sending error to RaftCore
May 07 19:11:10 kiseki-storage-1 kiseki-server[9223]: 2026-05-07T19:11:10.638188Z  WARN openraft::engine::handler::replication_handler: update progress error: Unreachable node: std::io::error::Error: Connection refused (os error 111)
May 07 19:11:10 kiseki-storage-1 kiseki-server[9223]: 2026-05-07T19:11:10.816735Z  WARN openraft::replication: ReplicationCore recv RPCError: Unreachable node: std::io::error::Error: Connection refused (os error 111), when:(stream-replication); sending error to RaftCore
May 07 19:11:10 kiseki-storage-1 kiseki-server[9223]: 2026-05-07T19:11:10.816770Z  WARN openraft::engine::handler::replication_handler: update progress error: Unreachable node: std::io::error::Error: Connection refused (os error 111)
May 07 19:11:10 kiseki-storage-1 kiseki-server[9223]: 2026-05-07T19:11:10.839073Z  WARN openraft::replication: ReplicationCore recv RPCError: Unreachable node: std::io::error::Error: Connection refused (os error 111), when:(stream-replication); sending error to RaftCore
May 07 19:11:10 kiseki-storage-1 kiseki-server[9223]: 2026-05-07T19:11:10.839096Z  WARN openraft::engine::handler::replication_handler: update progress error: Unreachable node: std::io::error::Error: Connection refused (os error 111)
May 07 19:11:11 kiseki-storage-1 kiseki-server[9223]: 2026-05-07T19:11:11.018653Z  WARN openraft::replication: ReplicationCore recv RPCError: Unreachable node: std::io::error::Error: Connection refused (os error 111), when:(stream-replication); sending error to RaftCore
May 07 19:11:11 kiseki-storage-1 kiseki-server[9223]: 2026-05-07T19:11:11.018684Z  WARN openraft::engine::handler::replication_handler: update progress error: Unreachable node: std::io::error::Error: Connection refused (os error 111)
May 07 19:11:11 kiseki-storage-1 kiseki-server[9223]: 2026-05-07T19:11:11.040020Z  WARN openraft::replication: ReplicationCore recv RPCError: Unreachable node: std::io::error::Error: Connection refused (os error 111), when:(stream-replication); sending error to RaftCore
May 07 19:11:11 kiseki-storage-1 kiseki-server[9223]: 2026-05-07T19:11:11.040051Z  WARN openraft::engine::handler::replication_handler: update progress error: Unreachable node: std::io::error::Error: Connection refused (os error 111)
May 07 19:11:11 kiseki-storage-1 kiseki-server[9223]: 2026-05-07T19:11:11.220620Z  WARN openraft::replication: ReplicationCore recv RPCError: Unreachable node: std::io::error::Error: Connection refused (os error 111), when:(stream-replication); sending error to RaftCore
May 07 19:11:11 kiseki-storage-1 kiseki-server[9223]: 2026-05-07T19:11:11.220653Z  WARN openraft::engine::handler::replication_handler: update progress error: Unreachable node: std::io::error::Error: Connection refused (os error 111)
May 07 19:11:11 kiseki-storage-1 kiseki-server[9223]: 2026-05-07T19:11:11.241008Z  WARN openraft::replication: ReplicationCore recv RPCError: Unreachable node: std::io::error::Error: Connection refused (os error 111), when:(stream-replication); sending error to RaftCore
May 07 19:11:11 kiseki-storage-1 kiseki-server[9223]: 2026-05-07T19:11:11.241040Z  WARN openraft::engine::handler::replication_handler: update progress error: Unreachable node: std::io::error::Error: Connection refused (os error 111)
May 07 19:11:11 kiseki-storage-1 kiseki-server[9223]: 2026-05-07T19:11:11.362586Z  WARN openraft::core::heartbeat::worker: HeartbeatWorker(id=1, target=2) failed to send a heartbeat: Ok(Err(Unreachable(Unreachable { source: BoxedErrorSource { inner: std::io::error::Error: Connection refused (os error 111) } })))
May 07 19:11:11 kiseki-storage-1 kiseki-server[9223]: 2026-05-07T19:11:11.382313Z  WARN openraft::core::heartbeat::worker: HeartbeatWorker(id=1, target=2) failed to send a heartbeat: Ok(Err(Unreachable(Unreachable { source: BoxedErrorSource { inner: std::io::error::Error: Connection refused (os error 111) } })))
May 07 19:11:11 kiseki-storage-1 kiseki-server[9223]: 2026-05-07T19:11:11.422002Z  WARN openraft::replication: ReplicationCore recv RPCError: Unreachable node: std::io::error::Error: Connection refused (os error 111), when:(stream-replication); sending error to RaftCore
May 07 19:11:11 kiseki-storage-1 kiseki-server[9223]: 2026-05-07T19:11:11.422027Z  WARN openraft::engine::handler::replication_handler: update progress error: Unreachable node: std::io::error::Error: Connection refused (os error 111)
May 07 19:11:11 kiseki-storage-1 kiseki-server[9223]: 2026-05-07T19:11:11.442300Z  WARN openraft::replication: ReplicationCore recv RPCError: Unreachable node: std::io::error::Error: Connection refused (os error 111), when:(stream-replication); sending error to RaftCore
May 07 19:11:11 kiseki-storage-1 kiseki-server[9223]: 2026-05-07T19:11:11.442322Z  WARN openraft::engine::handler::replication_handler: update progress error: Unreachable node: std::io::error::Error: Connection refused (os error 111)
May 07 19:11:11 kiseki-storage-1 kiseki-server[9223]: 2026-05-07T19:11:11.622884Z  WARN openraft::replication: ReplicationCore recv RPCError: Unreachable node: std::io::error::Error: Connection refused (os error 111), when:(stream-replication); sending error to RaftCore
May 07 19:11:11 kiseki-storage-1 kiseki-server[9223]: 2026-05-07T19:11:11.622919Z  WARN openraft::engine::handler::replication_handler: update progress error: Unreachable node: std::io::error::Error: Connection refused (os error 111)
May 07 19:11:11 kiseki-storage-1 kiseki-server[9223]: 2026-05-07T19:11:11.643261Z  WARN openraft::replication: ReplicationCore recv RPCError: Unreachable node: std::io::error::Error: Connection refused (os error 111), when:(stream-replication); sending error to RaftCore
May 07 19:11:11 kiseki-storage-1 kiseki-server[9223]: 2026-05-07T19:11:11.643285Z  WARN openraft::engine::handler::replication_handler: update progress error: Unreachable node: std::io::error::Error: Connection refused (os error 111)
May 07 19:11:11 kiseki-storage-1 kiseki-server[9223]: 2026-05-07T19:11:11.824088Z  WARN openraft::replication: ReplicationCore recv RPCError: Unreachable node: std::io::error::Error: kiseki-raft-network:shard_retired:636c7573-7465-725f-4374-726c47727000, when:(stream-replication); sending error to RaftCore
May 07 19:11:11 kiseki-storage-1 kiseki-server[9223]: 2026-05-07T19:11:11.824117Z  WARN openraft::engine::handler::replication_handler: update progress error: Unreachable node: std::io::error::Error: kiseki-raft-network:shard_retired:636c7573-7465-725f-4374-726c47727000
May 07 19:11:36 kiseki-storage-1 kiseki-server[9223]: 2026-05-07T19:11:36.117811Z  INFO kiseki_server::runtime: scrub: periodic check completed
May 07 19:12:36 kiseki-storage-1 kiseki-server[9223]: 2026-05-07T19:12:36.118843Z  INFO kiseki_server::runtime: scrub: periodic check completed
May 07 19:13:36 kiseki-storage-1 kiseki-server[9223]: 2026-05-07T19:13:36.120106Z  INFO kiseki_server::runtime: scrub: periodic check completed
May 07 19:14:36 kiseki-storage-1 kiseki-server[9223]: 2026-05-07T19:14:36.121395Z  INFO kiseki_server::runtime: scrub: periodic check completed
May 07 19:14:47 kiseki-storage-1 kiseki-server[9223]: 2026-05-07T19:14:47.913118Z  INFO kiseki_composition::hydrator: composition hydrator: installed compositions from log applied=2 last_applied=2
May 07 19:15:36 kiseki-storage-1 kiseki-server[9223]: 2026-05-07T19:15:36.122167Z  INFO kiseki_server::runtime: scrub: periodic check completed
May 07 19:16:17 kiseki-storage-1 kiseki-server[9223]: 2026-05-07T19:16:17.166053Z  INFO kiseki_composition::hydrator: composition hydrator: installed compositions from log applied=1 last_applied=3
May 07 19:16:36 kiseki-storage-1 kiseki-server[9223]: 2026-05-07T19:16:36.123700Z  INFO kiseki_server::runtime: scrub: periodic check completed
May 07 19:16:55 kiseki-storage-1 kiseki-server[9223]: 2026-05-07T19:16:55.775687Z  INFO kiseki_composition::hydrator: composition hydrator: installed compositions from log applied=2 last_applied=5
May 07 19:17:08 kiseki-storage-1 kiseki-server[9223]: 2026-05-07T19:17:08.610253Z  INFO kiseki_composition::hydrator: composition hydrator: installed compositions from log applied=1 last_applied=6
May 07 19:17:10 kiseki-storage-1 kiseki-server[9223]: 2026-05-07T19:17:10.025427Z  INFO kiseki_composition::hydrator: composition hydrator: installed compositions from log applied=1 last_applied=7
May 07 19:17:13 kiseki-storage-1 kiseki-server[9223]: 2026-05-07T19:17:13.056714Z  INFO kiseki_composition::hydrator: composition hydrator: installed compositions from log applied=1 last_applied=8
May 07 19:17:36 kiseki-storage-1 kiseki-server[9223]: 2026-05-07T19:17:36.125538Z  INFO kiseki_server::runtime: scrub: periodic check completed
May 07 19:17:46 kiseki-storage-1 kiseki-server[9223]: 2026-05-07T19:17:46.715260Z  INFO kiseki_composition::hydrator: composition hydrator: installed compositions from log applied=1 last_applied=9
May 07 19:18:36 kiseki-storage-1 kiseki-server[9223]: 2026-05-07T19:18:36.126494Z  INFO kiseki_server::runtime: scrub: periodic check completed
May 07 19:18:38 kiseki-storage-1 kiseki-server[9223]: 2026-05-07T19:18:38.660402Z  INFO kiseki_composition::hydrator: composition hydrator: installed compositions from log applied=1 last_applied=10
May 07 19:19:00 kiseki-storage-1 kiseki-server[9223]: 2026-05-07T19:19:00.799770Z  INFO kiseki_composition::hydrator: composition hydrator: installed compositions from log applied=1 last_applied=11
May 07 19:19:25 kiseki-storage-1 kiseki-server[9223]: 2026-05-07T19:19:25.058590Z  WARN kiseki_gateway::mem_gateway: gateway write: compositions.create failed error=namespace not found: NamespaceId(4378ad03-d3a7-57ab-a3cf-f7e27a5a147b)
May 07 19:19:25 kiseki-storage-1 kiseki-server[9223]: 2026-05-07T19:19:25.156225Z  WARN kiseki_gateway::mem_gateway: gateway write: compositions.create failed error=namespace not found: NamespaceId(4378ad03-d3a7-57ab-a3cf-f7e27a5a147b)
May 07 19:19:25 kiseki-storage-1 kiseki-server[9223]: 2026-05-07T19:19:25.253617Z  WARN kiseki_gateway::mem_gateway: gateway write: compositions.create failed error=namespace not found: NamespaceId(4378ad03-d3a7-57ab-a3cf-f7e27a5a147b)
May 07 19:19:25 kiseki-storage-1 kiseki-server[9223]: 2026-05-07T19:19:25.349902Z  WARN kiseki_gateway::mem_gateway: gateway write: compositions.create failed error=namespace not found: NamespaceId(4378ad03-d3a7-57ab-a3cf-f7e27a5a147b)
May 07 19:19:25 kiseki-storage-1 kiseki-server[9223]: 2026-05-07T19:19:25.495320Z  WARN kiseki_gateway::mem_gateway: gateway write: compositions.create failed error=namespace not found: NamespaceId(4378ad03-d3a7-57ab-a3cf-f7e27a5a147b)
May 07 19:19:25 kiseki-storage-1 kiseki-server[9223]: 2026-05-07T19:19:25.497988Z  WARN kiseki_gateway::mem_gateway: gateway write: compositions.create failed error=namespace not found: NamespaceId(4378ad03-d3a7-57ab-a3cf-f7e27a5a147b)
May 07 19:19:25 kiseki-storage-1 kiseki-server[9223]: 2026-05-07T19:19:25.500370Z  WARN kiseki_gateway::mem_gateway: gateway write: compositions.create failed error=namespace not found: NamespaceId(4378ad03-d3a7-57ab-a3cf-f7e27a5a147b)
May 07 19:19:25 kiseki-storage-1 kiseki-server[9223]: 2026-05-07T19:19:25.518837Z  WARN kiseki_gateway::mem_gateway: gateway write: compositions.create failed error=namespace not found: NamespaceId(4378ad03-d3a7-57ab-a3cf-f7e27a5a147b)
May 07 19:19:25 kiseki-storage-1 kiseki-server[9223]: 2026-05-07T19:19:25.612061Z  WARN kiseki_gateway::mem_gateway: gateway write: compositions.create failed error=namespace not found: NamespaceId(4378ad03-d3a7-57ab-a3cf-f7e27a5a147b)
May 07 19:19:25 kiseki-storage-1 kiseki-server[9223]: 2026-05-07T19:19:25.613474Z  WARN kiseki_gateway::mem_gateway: gateway write: compositions.create failed error=namespace not found: NamespaceId(4378ad03-d3a7-57ab-a3cf-f7e27a5a147b)
May 07 19:19:25 kiseki-storage-1 kiseki-server[9223]: 2026-05-07T19:19:25.622378Z  WARN kiseki_gateway::mem_gateway: gateway write: compositions.create failed error=namespace not found: NamespaceId(4378ad03-d3a7-57ab-a3cf-f7e27a5a147b)
May 07 19:19:25 kiseki-storage-1 kiseki-server[9223]: 2026-05-07T19:19:25.637032Z  WARN kiseki_gateway::mem_gateway: gateway write: compositions.create failed error=namespace not found: NamespaceId(4378ad03-d3a7-57ab-a3cf-f7e27a5a147b)
May 07 19:19:25 kiseki-storage-1 kiseki-server[9223]: 2026-05-07T19:19:25.725664Z  WARN kiseki_gateway::mem_gateway: gateway write: compositions.create failed error=namespace not found: NamespaceId(4378ad03-d3a7-57ab-a3cf-f7e27a5a147b)
May 07 19:19:25 kiseki-storage-1 kiseki-server[9223]: 2026-05-07T19:19:25.725765Z  WARN kiseki_gateway::mem_gateway: gateway write: compositions.create failed error=namespace not found: NamespaceId(4378ad03-d3a7-57ab-a3cf-f7e27a5a147b)
May 07 19:19:25 kiseki-storage-1 kiseki-server[9223]: 2026-05-07T19:19:25.730521Z  WARN kiseki_gateway::mem_gateway: gateway write: compositions.create failed error=namespace not found: NamespaceId(4378ad03-d3a7-57ab-a3cf-f7e27a5a147b)
May 07 19:19:25 kiseki-storage-1 kiseki-server[9223]: 2026-05-07T19:19:25.756622Z  WARN kiseki_gateway::mem_gateway: gateway write: compositions.create failed error=namespace not found: NamespaceId(4378ad03-d3a7-57ab-a3cf-f7e27a5a147b)
May 07 19:19:25 kiseki-storage-1 kiseki-server[9223]: 2026-05-07T19:19:25.830096Z  WARN kiseki_gateway::mem_gateway: gateway write: compositions.create failed error=namespace not found: NamespaceId(4378ad03-d3a7-57ab-a3cf-f7e27a5a147b)
May 07 19:19:25 kiseki-storage-1 kiseki-server[9223]: 2026-05-07T19:19:25.833721Z  WARN kiseki_gateway::mem_gateway: gateway write: compositions.create failed error=namespace not found: NamespaceId(4378ad03-d3a7-57ab-a3cf-f7e27a5a147b)
May 07 19:19:25 kiseki-storage-1 kiseki-server[9223]: 2026-05-07T19:19:25.839758Z  WARN kiseki_gateway::mem_gateway: gateway write: compositions.create failed error=namespace not found: NamespaceId(4378ad03-d3a7-57ab-a3cf-f7e27a5a147b)
May 07 19:19:25 kiseki-storage-1 kiseki-server[9223]: 2026-05-07T19:19:25.868857Z  WARN kiseki_gateway::mem_gateway: gateway write: compositions.create failed error=namespace not found: NamespaceId(4378ad03-d3a7-57ab-a3cf-f7e27a5a147b)
May 07 19:19:26 kiseki-storage-1 kiseki-server[9223]: 2026-05-07T19:19:26.153005Z  WARN kiseki_gateway::mem_gateway: gateway write: compositions.create failed error=namespace not found: NamespaceId(4378ad03-d3a7-57ab-a3cf-f7e27a5a147b)
May 07 19:19:26 kiseki-storage-1 kiseki-server[9223]: 2026-05-07T19:19:26.167504Z  WARN kiseki_gateway::mem_gateway: gateway write: compositions.create failed error=namespace not found: NamespaceId(4378ad03-d3a7-57ab-a3cf-f7e27a5a147b)
May 07 19:19:26 kiseki-storage-1 kiseki-server[9223]: 2026-05-07T19:19:26.169831Z  WARN kiseki_gateway::mem_gateway: gateway write: compositions.create failed error=namespace not found: NamespaceId(4378ad03-d3a7-57ab-a3cf-f7e27a5a147b)
May 07 19:19:26 kiseki-storage-1 kiseki-server[9223]: 2026-05-07T19:19:26.170990Z  WARN kiseki_gateway::mem_gateway: gateway write: compositions.create failed error=namespace not found: NamespaceId(4378ad03-d3a7-57ab-a3cf-f7e27a5a147b)
May 07 19:19:26 kiseki-storage-1 kiseki-server[9223]: 2026-05-07T19:19:26.176594Z  WARN kiseki_gateway::mem_gateway: gateway write: compositions.create failed error=namespace not found: NamespaceId(4378ad03-d3a7-57ab-a3cf-f7e27a5a147b)
May 07 19:19:26 kiseki-storage-1 kiseki-server[9223]: 2026-05-07T19:19:26.176634Z  WARN kiseki_gateway::mem_gateway: gateway write: compositions.create failed error=namespace not found: NamespaceId(4378ad03-d3a7-57ab-a3cf-f7e27a5a147b)
May 07 19:19:26 kiseki-storage-1 kiseki-server[9223]: 2026-05-07T19:19:26.176991Z  WARN kiseki_gateway::mem_gateway: gateway write: compositions.create failed error=namespace not found: NamespaceId(4378ad03-d3a7-57ab-a3cf-f7e27a5a147b)
May 07 19:19:26 kiseki-storage-1 kiseki-server[9223]: 2026-05-07T19:19:26.225602Z  WARN kiseki_gateway::mem_gateway: gateway write: compositions.create failed error=namespace not found: NamespaceId(4378ad03-d3a7-57ab-a3cf-f7e27a5a147b)
May 07 19:19:26 kiseki-storage-1 kiseki-server[9223]: 2026-05-07T19:19:26.226671Z  WARN kiseki_gateway::mem_gateway: gateway write: compositions.create failed error=namespace not found: NamespaceId(4378ad03-d3a7-57ab-a3cf-f7e27a5a147b)
May 07 19:19:26 kiseki-storage-1 kiseki-server[9223]: 2026-05-07T19:19:26.226686Z  WARN kiseki_gateway::mem_gateway: gateway write: compositions.create failed error=namespace not found: NamespaceId(4378ad03-d3a7-57ab-a3cf-f7e27a5a147b)
May 07 19:19:26 kiseki-storage-1 kiseki-server[9223]: 2026-05-07T19:19:26.237781Z  WARN kiseki_gateway::mem_gateway: gateway write: compositions.create failed error=namespace not found: NamespaceId(4378ad03-d3a7-57ab-a3cf-f7e27a5a147b)
May 07 19:19:26 kiseki-storage-1 kiseki-server[9223]: 2026-05-07T19:19:26.237895Z  WARN kiseki_gateway::mem_gateway: gateway write: compositions.create failed error=namespace not found: NamespaceId(4378ad03-d3a7-57ab-a3cf-f7e27a5a147b)
May 07 19:19:26 kiseki-storage-1 kiseki-server[9223]: 2026-05-07T19:19:26.239106Z  WARN kiseki_gateway::mem_gateway: gateway write: compositions.create failed error=namespace not found: NamespaceId(4378ad03-d3a7-57ab-a3cf-f7e27a5a147b)
May 07 19:19:26 kiseki-storage-1 kiseki-server[9223]: 2026-05-07T19:19:26.242408Z  WARN kiseki_gateway::mem_gateway: gateway write: compositions.create failed error=namespace not found: NamespaceId(4378ad03-d3a7-57ab-a3cf-f7e27a5a147b)
May 07 19:19:26 kiseki-storage-1 kiseki-server[9223]: 2026-05-07T19:19:26.253365Z  WARN kiseki_gateway::mem_gateway: gateway write: compositions.create failed error=namespace not found: NamespaceId(4378ad03-d3a7-57ab-a3cf-f7e27a5a147b)
May 07 19:19:26 kiseki-storage-1 kiseki-server[9223]: 2026-05-07T19:19:26.259590Z  WARN kiseki_gateway::mem_gateway: gateway write: compositions.create failed error=namespace not found: NamespaceId(4378ad03-d3a7-57ab-a3cf-f7e27a5a147b)
May 07 19:19:26 kiseki-storage-1 kiseki-server[9223]: 2026-05-07T19:19:26.301787Z  WARN kiseki_gateway::mem_gateway: gateway write: compositions.create failed error=namespace not found: NamespaceId(4378ad03-d3a7-57ab-a3cf-f7e27a5a147b)
May 07 19:19:26 kiseki-storage-1 kiseki-server[9223]: 2026-05-07T19:19:26.325210Z  WARN kiseki_gateway::mem_gateway: gateway write: compositions.create failed error=namespace not found: NamespaceId(4378ad03-d3a7-57ab-a3cf-f7e27a5a147b)
May 07 19:19:26 kiseki-storage-1 kiseki-server[9223]: 2026-05-07T19:19:26.332201Z  WARN kiseki_gateway::mem_gateway: gateway write: compositions.create failed error=namespace not found: NamespaceId(4378ad03-d3a7-57ab-a3cf-f7e27a5a147b)
May 07 19:19:26 kiseki-storage-1 kiseki-server[9223]: 2026-05-07T19:19:26.341253Z  WARN kiseki_gateway::mem_gateway: gateway write: compositions.create failed error=namespace not found: NamespaceId(4378ad03-d3a7-57ab-a3cf-f7e27a5a147b)
May 07 19:19:26 kiseki-storage-1 kiseki-server[9223]: 2026-05-07T19:19:26.357851Z  WARN kiseki_gateway::mem_gateway: gateway write: compositions.create failed error=namespace not found: NamespaceId(4378ad03-d3a7-57ab-a3cf-f7e27a5a147b)
May 07 19:19:26 kiseki-storage-1 kiseki-server[9223]: 2026-05-07T19:19:26.369922Z  WARN kiseki_gateway::mem_gateway: gateway write: compositions.create failed error=namespace not found: NamespaceId(4378ad03-d3a7-57ab-a3cf-f7e27a5a147b)
May 07 19:19:26 kiseki-storage-1 kiseki-server[9223]: 2026-05-07T19:19:26.414650Z  WARN kiseki_gateway::mem_gateway: gateway write: compositions.create failed error=namespace not found: NamespaceId(4378ad03-d3a7-57ab-a3cf-f7e27a5a147b)
May 07 19:19:26 kiseki-storage-1 kiseki-server[9223]: 2026-05-07T19:19:26.414741Z  WARN kiseki_gateway::mem_gateway: gateway write: compositions.create failed error=namespace not found: NamespaceId(4378ad03-d3a7-57ab-a3cf-f7e27a5a147b)
May 07 19:19:26 kiseki-storage-1 kiseki-server[9223]: 2026-05-07T19:19:26.427434Z  WARN kiseki_gateway::mem_gateway: gateway write: compositions.create failed error=namespace not found: NamespaceId(4378ad03-d3a7-57ab-a3cf-f7e27a5a147b)
May 07 19:19:26 kiseki-storage-1 kiseki-server[9223]: 2026-05-07T19:19:26.433543Z  WARN kiseki_gateway::mem_gateway: gateway write: compositions.create failed error=namespace not found: NamespaceId(4378ad03-d3a7-57ab-a3cf-f7e27a5a147b)
May 07 19:19:26 kiseki-storage-1 kiseki-server[9223]: 2026-05-07T19:19:26.463390Z  WARN kiseki_gateway::mem_gateway: gateway write: compositions.create failed error=namespace not found: NamespaceId(4378ad03-d3a7-57ab-a3cf-f7e27a5a147b)
May 07 19:19:26 kiseki-storage-1 kiseki-server[9223]: 2026-05-07T19:19:26.470702Z  WARN kiseki_gateway::mem_gateway: gateway write: compositions.create failed error=namespace not found: NamespaceId(4378ad03-d3a7-57ab-a3cf-f7e27a5a147b)
May 07 19:19:26 kiseki-storage-1 kiseki-server[9223]: 2026-05-07T19:19:26.480165Z  WARN kiseki_gateway::mem_gateway: gateway write: compositions.create failed error=namespace not found: NamespaceId(4378ad03-d3a7-57ab-a3cf-f7e27a5a147b)
May 07 19:19:26 kiseki-storage-1 kiseki-server[9223]: 2026-05-07T19:19:26.525034Z  WARN kiseki_gateway::mem_gateway: gateway write: compositions.create failed error=namespace not found: NamespaceId(4378ad03-d3a7-57ab-a3cf-f7e27a5a147b)
May 07 19:19:26 kiseki-storage-1 kiseki-server[9223]: 2026-05-07T19:19:26.531474Z  WARN kiseki_gateway::mem_gateway: gateway write: compositions.create failed error=namespace not found: NamespaceId(4378ad03-d3a7-57ab-a3cf-f7e27a5a147b)
May 07 19:19:26 kiseki-storage-1 kiseki-server[9223]: 2026-05-07T19:19:26.550923Z  WARN kiseki_gateway::mem_gateway: gateway write: compositions.create failed error=namespace not found: NamespaceId(4378ad03-d3a7-57ab-a3cf-f7e27a5a147b)
May 07 19:19:26 kiseki-storage-1 kiseki-server[9223]: 2026-05-07T19:19:26.551286Z  WARN kiseki_gateway::mem_gateway: gateway write: compositions.create failed error=namespace not found: NamespaceId(4378ad03-d3a7-57ab-a3cf-f7e27a5a147b)
May 07 19:19:26 kiseki-storage-1 kiseki-server[9223]: 2026-05-07T19:19:26.553689Z  WARN kiseki_gateway::mem_gateway: gateway write: compositions.create failed error=namespace not found: NamespaceId(4378ad03-d3a7-57ab-a3cf-f7e27a5a147b)
May 07 19:19:26 kiseki-storage-1 kiseki-server[9223]: 2026-05-07T19:19:26.554894Z  WARN kiseki_gateway::mem_gateway: gateway write: compositions.create failed error=namespace not found: NamespaceId(4378ad03-d3a7-57ab-a3cf-f7e27a5a147b)
May 07 19:19:26 kiseki-storage-1 kiseki-server[9223]: 2026-05-07T19:19:26.581601Z  WARN kiseki_gateway::mem_gateway: gateway write: compositions.create failed error=namespace not found: NamespaceId(4378ad03-d3a7-57ab-a3cf-f7e27a5a147b)
May 07 19:19:26 kiseki-storage-1 kiseki-server[9223]: 2026-05-07T19:19:26.589229Z  WARN kiseki_gateway::mem_gateway: gateway write: compositions.create failed error=namespace not found: NamespaceId(4378ad03-d3a7-57ab-a3cf-f7e27a5a147b)
May 07 19:19:26 kiseki-storage-1 kiseki-server[9223]: 2026-05-07T19:19:26.617716Z  WARN kiseki_gateway::mem_gateway: gateway write: compositions.create failed error=namespace not found: NamespaceId(4378ad03-d3a7-57ab-a3cf-f7e27a5a147b)
May 07 19:19:26 kiseki-storage-1 kiseki-server[9223]: 2026-05-07T19:19:26.618081Z  WARN kiseki_gateway::mem_gateway: gateway write: compositions.create failed error=namespace not found: NamespaceId(4378ad03-d3a7-57ab-a3cf-f7e27a5a147b)
May 07 19:19:26 kiseki-storage-1 kiseki-server[9223]: 2026-05-07T19:19:26.628027Z  WARN kiseki_gateway::mem_gateway: gateway write: compositions.create failed error=namespace not found: NamespaceId(4378ad03-d3a7-57ab-a3cf-f7e27a5a147b)
May 07 19:19:26 kiseki-storage-1 kiseki-server[9223]: 2026-05-07T19:19:26.651135Z  WARN kiseki_gateway::mem_gateway: gateway write: compositions.create failed error=namespace not found: NamespaceId(4378ad03-d3a7-57ab-a3cf-f7e27a5a147b)
May 07 19:19:26 kiseki-storage-1 kiseki-server[9223]: 2026-05-07T19:19:26.657961Z  WARN kiseki_gateway::mem_gateway: gateway write: compositions.create failed error=namespace not found: NamespaceId(4378ad03-d3a7-57ab-a3cf-f7e27a5a147b)
May 07 19:19:26 kiseki-storage-1 kiseki-server[9223]: 2026-05-07T19:19:26.659443Z  WARN kiseki_gateway::mem_gateway: gateway write: compositions.create failed error=namespace not found: NamespaceId(4378ad03-d3a7-57ab-a3cf-f7e27a5a147b)
May 07 19:19:26 kiseki-storage-1 kiseki-server[9223]: 2026-05-07T19:19:26.662560Z  WARN kiseki_gateway::mem_gateway: gateway write: compositions.create failed error=namespace not found: NamespaceId(4378ad03-d3a7-57ab-a3cf-f7e27a5a147b)
May 07 19:19:26 kiseki-storage-1 kiseki-server[9223]: 2026-05-07T19:19:26.670281Z  WARN kiseki_gateway::mem_gateway: gateway write: compositions.create failed error=namespace not found: NamespaceId(4378ad03-d3a7-57ab-a3cf-f7e27a5a147b)
May 07 19:19:26 kiseki-storage-1 kiseki-server[9223]: 2026-05-07T19:19:26.684876Z  WARN kiseki_gateway::mem_gateway: gateway write: compositions.create failed error=namespace not found: NamespaceId(4378ad03-d3a7-57ab-a3cf-f7e27a5a147b)
May 07 19:19:26 kiseki-storage-1 kiseki-server[9223]: 2026-05-07T19:19:26.690109Z  WARN kiseki_gateway::mem_gateway: gateway write: compositions.create failed error=namespace not found: NamespaceId(4378ad03-d3a7-57ab-a3cf-f7e27a5a147b)
May 07 19:19:26 kiseki-storage-1 kiseki-server[9223]: 2026-05-07T19:19:26.701336Z  WARN kiseki_gateway::mem_gateway: gateway write: compositions.create failed error=namespace not found: NamespaceId(4378ad03-d3a7-57ab-a3cf-f7e27a5a147b)
May 07 19:19:26 kiseki-storage-1 kiseki-server[9223]: 2026-05-07T19:19:26.740186Z  WARN kiseki_gateway::mem_gateway: gateway write: compositions.create failed error=namespace not found: NamespaceId(4378ad03-d3a7-57ab-a3cf-f7e27a5a147b)
May 07 19:19:26 kiseki-storage-1 kiseki-server[9223]: 2026-05-07T19:19:26.748339Z  WARN kiseki_gateway::mem_gateway: gateway write: compositions.create failed error=namespace not found: NamespaceId(4378ad03-d3a7-57ab-a3cf-f7e27a5a147b)
May 07 19:19:26 kiseki-storage-1 kiseki-server[9223]: 2026-05-07T19:19:26.750390Z  WARN kiseki_gateway::mem_gateway: gateway write: compositions.create failed error=namespace not found: NamespaceId(4378ad03-d3a7-57ab-a3cf-f7e27a5a147b)
May 07 19:19:26 kiseki-storage-1 kiseki-server[9223]: 2026-05-07T19:19:26.752213Z  WARN kiseki_gateway::mem_gateway: gateway write: compositions.create failed error=namespace not found: NamespaceId(4378ad03-d3a7-57ab-a3cf-f7e27a5a147b)
May 07 19:19:26 kiseki-storage-1 kiseki-server[9223]: 2026-05-07T19:19:26.765075Z  WARN kiseki_gateway::mem_gateway: gateway write: compositions.create failed error=namespace not found: NamespaceId(4378ad03-d3a7-57ab-a3cf-f7e27a5a147b)
May 07 19:19:26 kiseki-storage-1 kiseki-server[9223]: 2026-05-07T19:19:26.786789Z  WARN kiseki_gateway::mem_gateway: gateway write: compositions.create failed error=namespace not found: NamespaceId(4378ad03-d3a7-57ab-a3cf-f7e27a5a147b)
May 07 19:19:26 kiseki-storage-1 kiseki-server[9223]: 2026-05-07T19:19:26.788443Z  WARN kiseki_gateway::mem_gateway: gateway write: compositions.create failed error=namespace not found: NamespaceId(4378ad03-d3a7-57ab-a3cf-f7e27a5a147b)
May 07 19:19:26 kiseki-storage-1 kiseki-server[9223]: 2026-05-07T19:19:26.835197Z  WARN kiseki_gateway::mem_gateway: gateway write: compositions.create failed error=namespace not found: NamespaceId(4378ad03-d3a7-57ab-a3cf-f7e27a5a147b)
May 07 19:19:26 kiseki-storage-1 kiseki-server[9223]: 2026-05-07T19:19:26.843609Z  WARN kiseki_gateway::mem_gateway: gateway write: compositions.create failed error=namespace not found: NamespaceId(4378ad03-d3a7-57ab-a3cf-f7e27a5a147b)
May 07 19:19:26 kiseki-storage-1 kiseki-server[9223]: 2026-05-07T19:19:26.844274Z  WARN kiseki_gateway::mem_gateway: gateway write: compositions.create failed error=namespace not found: NamespaceId(4378ad03-d3a7-57ab-a3cf-f7e27a5a147b)
May 07 19:19:26 kiseki-storage-1 kiseki-server[9223]: 2026-05-07T19:19:26.845575Z  WARN kiseki_gateway::mem_gateway: gateway write: compositions.create failed error=namespace not found: NamespaceId(4378ad03-d3a7-57ab-a3cf-f7e27a5a147b)
May 07 19:19:26 kiseki-storage-1 kiseki-server[9223]: 2026-05-07T19:19:26.851992Z  WARN kiseki_gateway::mem_gateway: gateway write: compositions.create failed error=namespace not found: NamespaceId(4378ad03-d3a7-57ab-a3cf-f7e27a5a147b)
May 07 19:19:26 kiseki-storage-1 kiseki-server[9223]: 2026-05-07T19:19:26.857414Z  WARN kiseki_gateway::mem_gateway: gateway write: compositions.create failed error=namespace not found: NamespaceId(4378ad03-d3a7-57ab-a3cf-f7e27a5a147b)
May 07 19:19:26 kiseki-storage-1 kiseki-server[9223]: 2026-05-07T19:19:26.861466Z  WARN kiseki_gateway::mem_gateway: gateway write: compositions.create failed error=namespace not found: NamespaceId(4378ad03-d3a7-57ab-a3cf-f7e27a5a147b)
May 07 19:19:26 kiseki-storage-1 kiseki-server[9223]: 2026-05-07T19:19:26.874141Z  WARN kiseki_gateway::mem_gateway: gateway write: compositions.create failed error=namespace not found: NamespaceId(4378ad03-d3a7-57ab-a3cf-f7e27a5a147b)
May 07 19:19:26 kiseki-storage-1 kiseki-server[9223]: 2026-05-07T19:19:26.879768Z  WARN kiseki_gateway::mem_gateway: gateway write: compositions.create failed error=namespace not found: NamespaceId(4378ad03-d3a7-57ab-a3cf-f7e27a5a147b)
May 07 19:19:27 kiseki-storage-1 kiseki-server[9223]: 2026-05-07T19:19:27.365394Z  WARN kiseki_gateway::mem_gateway: gateway write: compositions.create failed error=namespace not found: NamespaceId(4378ad03-d3a7-57ab-a3cf-f7e27a5a147b)
May 07 19:19:27 kiseki-storage-1 kiseki-server[9223]: 2026-05-07T19:19:27.382683Z  WARN kiseki_gateway::mem_gateway: gateway write: compositions.create failed error=namespace not found: NamespaceId(4378ad03-d3a7-57ab-a3cf-f7e27a5a147b)
May 07 19:19:27 kiseki-storage-1 kiseki-server[9223]: 2026-05-07T19:19:27.533130Z  WARN kiseki_gateway::mem_gateway: gateway write: compositions.create failed error=namespace not found: NamespaceId(4378ad03-d3a7-57ab-a3cf-f7e27a5a147b)
May 07 19:19:27 kiseki-storage-1 kiseki-server[9223]: 2026-05-07T19:19:27.544301Z  WARN kiseki_gateway::mem_gateway: gateway write: compositions.create failed error=namespace not found: NamespaceId(4378ad03-d3a7-57ab-a3cf-f7e27a5a147b)
May 07 19:19:27 kiseki-storage-1 kiseki-server[9223]: 2026-05-07T19:19:27.555080Z  WARN kiseki_gateway::mem_gateway: gateway write: compositions.create failed error=namespace not found: NamespaceId(4378ad03-d3a7-57ab-a3cf-f7e27a5a147b)
May 07 19:19:27 kiseki-storage-1 kiseki-server[9223]: 2026-05-07T19:19:27.566277Z  WARN kiseki_gateway::mem_gateway: gateway write: compositions.create failed error=namespace not found: NamespaceId(4378ad03-d3a7-57ab-a3cf-f7e27a5a147b)
May 07 19:19:27 kiseki-storage-1 kiseki-server[9223]: 2026-05-07T19:19:27.584990Z  WARN kiseki_gateway::mem_gateway: gateway write: compositions.create failed error=namespace not found: NamespaceId(4378ad03-d3a7-57ab-a3cf-f7e27a5a147b)
May 07 19:19:27 kiseki-storage-1 kiseki-server[9223]: 2026-05-07T19:19:27.605397Z  WARN kiseki_gateway::mem_gateway: gateway write: compositions.create failed error=namespace not found: NamespaceId(4378ad03-d3a7-57ab-a3cf-f7e27a5a147b)
May 07 19:19:27 kiseki-storage-1 kiseki-server[9223]: 2026-05-07T19:19:27.609487Z  WARN kiseki_gateway::mem_gateway: gateway write: compositions.create failed error=namespace not found: NamespaceId(4378ad03-d3a7-57ab-a3cf-f7e27a5a147b)
May 07 19:19:27 kiseki-storage-1 kiseki-server[9223]: 2026-05-07T19:19:27.622758Z  WARN kiseki_gateway::mem_gateway: gateway write: compositions.create failed error=namespace not found: NamespaceId(4378ad03-d3a7-57ab-a3cf-f7e27a5a147b)
May 07 19:19:27 kiseki-storage-1 kiseki-server[9223]: 2026-05-07T19:19:27.640370Z  WARN kiseki_gateway::mem_gateway: gateway write: compositions.create failed error=namespace not found: NamespaceId(4378ad03-d3a7-57ab-a3cf-f7e27a5a147b)
May 07 19:19:27 kiseki-storage-1 kiseki-server[9223]: 2026-05-07T19:19:27.646966Z  WARN kiseki_gateway::mem_gateway: gateway write: compositions.create failed error=namespace not found: NamespaceId(4378ad03-d3a7-57ab-a3cf-f7e27a5a147b)
May 07 19:19:27 kiseki-storage-1 kiseki-server[9223]: 2026-05-07T19:19:27.652269Z  WARN kiseki_gateway::mem_gateway: gateway write: compositions.create failed error=namespace not found: NamespaceId(4378ad03-d3a7-57ab-a3cf-f7e27a5a147b)
May 07 19:19:27 kiseki-storage-1 kiseki-server[9223]: 2026-05-07T19:19:27.658093Z  WARN kiseki_gateway::mem_gateway: gateway write: compositions.create failed error=namespace not found: NamespaceId(4378ad03-d3a7-57ab-a3cf-f7e27a5a147b)
May 07 19:19:27 kiseki-storage-1 kiseki-server[9223]: 2026-05-07T19:19:27.684921Z  WARN kiseki_gateway::mem_gateway: gateway write: compositions.create failed error=namespace not found: NamespaceId(4378ad03-d3a7-57ab-a3cf-f7e27a5a147b)
May 07 19:19:27 kiseki-storage-1 kiseki-server[9223]: 2026-05-07T19:19:27.693821Z  WARN kiseki_gateway::mem_gateway: gateway write: compositions.create failed error=namespace not found: NamespaceId(4378ad03-d3a7-57ab-a3cf-f7e27a5a147b)
May 07 19:19:27 kiseki-storage-1 kiseki-server[9223]: 2026-05-07T19:19:27.702345Z  WARN kiseki_gateway::mem_gateway: gateway write: compositions.create failed error=namespace not found: NamespaceId(4378ad03-d3a7-57ab-a3cf-f7e27a5a147b)
May 07 19:19:27 kiseki-storage-1 kiseki-server[9223]: 2026-05-07T19:19:27.715450Z  WARN kiseki_gateway::mem_gateway: gateway write: compositions.create failed error=namespace not found: NamespaceId(4378ad03-d3a7-57ab-a3cf-f7e27a5a147b)
May 07 19:19:27 kiseki-storage-1 kiseki-server[9223]: 2026-05-07T19:19:27.748993Z  WARN kiseki_gateway::mem_gateway: gateway write: compositions.create failed error=namespace not found: NamespaceId(4378ad03-d3a7-57ab-a3cf-f7e27a5a147b)
May 07 19:19:27 kiseki-storage-1 kiseki-server[9223]: 2026-05-07T19:19:27.749575Z  WARN kiseki_gateway::mem_gateway: gateway write: compositions.create failed error=namespace not found: NamespaceId(4378ad03-d3a7-57ab-a3cf-f7e27a5a147b)
May 07 19:19:27 kiseki-storage-1 kiseki-server[9223]: 2026-05-07T19:19:27.752314Z  WARN kiseki_gateway::mem_gateway: gateway write: compositions.create failed error=namespace not found: NamespaceId(4378ad03-d3a7-57ab-a3cf-f7e27a5a147b)
May 07 19:19:27 kiseki-storage-1 kiseki-server[9223]: 2026-05-07T19:19:27.756283Z  WARN kiseki_gateway::mem_gateway: gateway write: compositions.create failed error=namespace not found: NamespaceId(4378ad03-d3a7-57ab-a3cf-f7e27a5a147b)
May 07 19:19:27 kiseki-storage-1 kiseki-server[9223]: 2026-05-07T19:19:27.756934Z  WARN kiseki_gateway::mem_gateway: gateway write: compositions.create failed error=namespace not found: NamespaceId(4378ad03-d3a7-57ab-a3cf-f7e27a5a147b)
May 07 19:19:27 kiseki-storage-1 kiseki-server[9223]: 2026-05-07T19:19:27.768058Z  WARN kiseki_gateway::mem_gateway: gateway write: compositions.create failed error=namespace not found: NamespaceId(4378ad03-d3a7-57ab-a3cf-f7e27a5a147b)
May 07 19:19:27 kiseki-storage-1 kiseki-server[9223]: 2026-05-07T19:19:27.769127Z  WARN kiseki_gateway::mem_gateway: gateway write: compositions.create failed error=namespace not found: NamespaceId(4378ad03-d3a7-57ab-a3cf-f7e27a5a147b)
May 07 19:19:27 kiseki-storage-1 kiseki-server[9223]: 2026-05-07T19:19:27.771205Z  WARN kiseki_gateway::mem_gateway: gateway write: compositions.create failed error=namespace not found: NamespaceId(4378ad03-d3a7-57ab-a3cf-f7e27a5a147b)
May 07 19:19:27 kiseki-storage-1 kiseki-server[9223]: 2026-05-07T19:19:27.778028Z  WARN kiseki_gateway::mem_gateway: gateway write: compositions.create failed error=namespace not found: NamespaceId(4378ad03-d3a7-57ab-a3cf-f7e27a5a147b)
May 07 19:19:27 kiseki-storage-1 kiseki-server[9223]: 2026-05-07T19:19:27.789867Z  WARN kiseki_gateway::mem_gateway: gateway write: compositions.create failed error=namespace not found: NamespaceId(4378ad03-d3a7-57ab-a3cf-f7e27a5a147b)
May 07 19:19:27 kiseki-storage-1 kiseki-server[9223]: 2026-05-07T19:19:27.809350Z  WARN kiseki_gateway::mem_gateway: gateway write: compositions.create failed error=namespace not found: NamespaceId(4378ad03-d3a7-57ab-a3cf-f7e27a5a147b)
May 07 19:19:27 kiseki-storage-1 kiseki-server[9223]: 2026-05-07T19:19:27.809469Z  WARN kiseki_gateway::mem_gateway: gateway write: compositions.create failed error=namespace not found: NamespaceId(4378ad03-d3a7-57ab-a3cf-f7e27a5a147b)
May 07 19:19:27 kiseki-storage-1 kiseki-server[9223]: 2026-05-07T19:19:27.809562Z  WARN kiseki_gateway::mem_gateway: gateway write: compositions.create failed error=namespace not found: NamespaceId(4378ad03-d3a7-57ab-a3cf-f7e27a5a147b)
May 07 19:19:27 kiseki-storage-1 kiseki-server[9223]: 2026-05-07T19:19:27.812769Z  WARN kiseki_gateway::mem_gateway: gateway write: compositions.create failed error=namespace not found: NamespaceId(4378ad03-d3a7-57ab-a3cf-f7e27a5a147b)
May 07 19:19:27 kiseki-storage-1 kiseki-server[9223]: 2026-05-07T19:19:27.816178Z  WARN kiseki_gateway::mem_gateway: gateway write: compositions.create failed error=namespace not found: NamespaceId(4378ad03-d3a7-57ab-a3cf-f7e27a5a147b)
May 07 19:19:27 kiseki-storage-1 kiseki-server[9223]: 2026-05-07T19:19:27.819548Z  WARN kiseki_gateway::mem_gateway: gateway write: compositions.create failed error=namespace not found: NamespaceId(4378ad03-d3a7-57ab-a3cf-f7e27a5a147b)
May 07 19:19:27 kiseki-storage-1 kiseki-server[9223]: 2026-05-07T19:19:27.825661Z  WARN kiseki_gateway::mem_gateway: gateway write: compositions.create failed error=namespace not found: NamespaceId(4378ad03-d3a7-57ab-a3cf-f7e27a5a147b)
May 07 19:19:27 kiseki-storage-1 kiseki-server[9223]: 2026-05-07T19:19:27.834313Z  WARN kiseki_gateway::mem_gateway: gateway write: compositions.create failed error=namespace not found: NamespaceId(4378ad03-d3a7-57ab-a3cf-f7e27a5a147b)
May 07 19:19:27 kiseki-storage-1 kiseki-server[9223]: 2026-05-07T19:19:27.837315Z  WARN kiseki_gateway::mem_gateway: gateway write: compositions.create failed error=namespace not found: NamespaceId(4378ad03-d3a7-57ab-a3cf-f7e27a5a147b)
May 07 19:19:27 kiseki-storage-1 kiseki-server[9223]: 2026-05-07T19:19:27.837854Z  WARN kiseki_gateway::mem_gateway: gateway write: compositions.create failed error=namespace not found: NamespaceId(4378ad03-d3a7-57ab-a3cf-f7e27a5a147b)
May 07 19:19:27 kiseki-storage-1 kiseki-server[9223]: 2026-05-07T19:19:27.838424Z  WARN kiseki_gateway::mem_gateway: gateway write: compositions.create failed error=namespace not found: NamespaceId(4378ad03-d3a7-57ab-a3cf-f7e27a5a147b)
May 07 19:19:27 kiseki-storage-1 kiseki-server[9223]: 2026-05-07T19:19:27.854717Z  WARN kiseki_gateway::mem_gateway: gateway write: compositions.create failed error=namespace not found: NamespaceId(4378ad03-d3a7-57ab-a3cf-f7e27a5a147b)
May 07 19:19:27 kiseki-storage-1 kiseki-server[9223]: 2026-05-07T19:19:27.855156Z  WARN kiseki_gateway::mem_gateway: gateway write: compositions.create failed error=namespace not found: NamespaceId(4378ad03-d3a7-57ab-a3cf-f7e27a5a147b)
May 07 19:19:27 kiseki-storage-1 kiseki-server[9223]: 2026-05-07T19:19:27.860327Z  WARN kiseki_gateway::mem_gateway: gateway write: compositions.create failed error=namespace not found: NamespaceId(4378ad03-d3a7-57ab-a3cf-f7e27a5a147b)
May 07 19:19:27 kiseki-storage-1 kiseki-server[9223]: 2026-05-07T19:19:27.861234Z  WARN kiseki_gateway::mem_gateway: gateway write: compositions.create failed error=namespace not found: NamespaceId(4378ad03-d3a7-57ab-a3cf-f7e27a5a147b)
May 07 19:19:27 kiseki-storage-1 kiseki-server[9223]: 2026-05-07T19:19:27.872200Z  WARN kiseki_gateway::mem_gateway: gateway write: compositions.create failed error=namespace not found: NamespaceId(4378ad03-d3a7-57ab-a3cf-f7e27a5a147b)
May 07 19:19:27 kiseki-storage-1 kiseki-server[9223]: 2026-05-07T19:19:27.873917Z  WARN kiseki_gateway::mem_gateway: gateway write: compositions.create failed error=namespace not found: NamespaceId(4378ad03-d3a7-57ab-a3cf-f7e27a5a147b)
May 07 19:19:27 kiseki-storage-1 kiseki-server[9223]: 2026-05-07T19:19:27.875320Z  WARN kiseki_gateway::mem_gateway: gateway write: compositions.create failed error=namespace not found: NamespaceId(4378ad03-d3a7-57ab-a3cf-f7e27a5a147b)
May 07 19:19:27 kiseki-storage-1 kiseki-server[9223]: 2026-05-07T19:19:27.880022Z  WARN kiseki_gateway::mem_gateway: gateway write: compositions.create failed error=namespace not found: NamespaceId(4378ad03-d3a7-57ab-a3cf-f7e27a5a147b)
May 07 19:19:27 kiseki-storage-1 kiseki-server[9223]: 2026-05-07T19:19:27.880142Z  WARN kiseki_gateway::mem_gateway: gateway write: compositions.create failed error=namespace not found: NamespaceId(4378ad03-d3a7-57ab-a3cf-f7e27a5a147b)
May 07 19:19:27 kiseki-storage-1 kiseki-server[9223]: 2026-05-07T19:19:27.883567Z  WARN kiseki_gateway::mem_gateway: gateway write: compositions.create failed error=namespace not found: NamespaceId(4378ad03-d3a7-57ab-a3cf-f7e27a5a147b)
May 07 19:19:27 kiseki-storage-1 kiseki-server[9223]: 2026-05-07T19:19:27.886361Z  WARN kiseki_gateway::mem_gateway: gateway write: compositions.create failed error=namespace not found: NamespaceId(4378ad03-d3a7-57ab-a3cf-f7e27a5a147b)
May 07 19:19:27 kiseki-storage-1 kiseki-server[9223]: 2026-05-07T19:19:27.887355Z  WARN kiseki_gateway::mem_gateway: gateway write: compositions.create failed error=namespace not found: NamespaceId(4378ad03-d3a7-57ab-a3cf-f7e27a5a147b)
May 07 19:19:27 kiseki-storage-1 kiseki-server[9223]: 2026-05-07T19:19:27.894467Z  WARN kiseki_gateway::mem_gateway: gateway write: compositions.create failed error=namespace not found: NamespaceId(4378ad03-d3a7-57ab-a3cf-f7e27a5a147b)
May 07 19:19:27 kiseki-storage-1 kiseki-server[9223]: 2026-05-07T19:19:27.901560Z  WARN kiseki_gateway::mem_gateway: gateway write: compositions.create failed error=namespace not found: NamespaceId(4378ad03-d3a7-57ab-a3cf-f7e27a5a147b)
May 07 19:19:27 kiseki-storage-1 kiseki-server[9223]: 2026-05-07T19:19:27.903539Z  WARN kiseki_gateway::mem_gateway: gateway write: compositions.create failed error=namespace not found: NamespaceId(4378ad03-d3a7-57ab-a3cf-f7e27a5a147b)
May 07 19:19:27 kiseki-storage-1 kiseki-server[9223]: 2026-05-07T19:19:27.928268Z  WARN kiseki_gateway::mem_gateway: gateway write: compositions.create failed error=namespace not found: NamespaceId(4378ad03-d3a7-57ab-a3cf-f7e27a5a147b)
May 07 19:19:27 kiseki-storage-1 kiseki-server[9223]: 2026-05-07T19:19:27.947773Z  WARN kiseki_gateway::mem_gateway: gateway write: compositions.create failed error=namespace not found: NamespaceId(4378ad03-d3a7-57ab-a3cf-f7e27a5a147b)
May 07 19:19:27 kiseki-storage-1 kiseki-server[9223]: 2026-05-07T19:19:27.948345Z  WARN kiseki_gateway::mem_gateway: gateway write: compositions.create failed error=namespace not found: NamespaceId(4378ad03-d3a7-57ab-a3cf-f7e27a5a147b)
May 07 19:19:27 kiseki-storage-1 kiseki-server[9223]: 2026-05-07T19:19:27.954275Z  WARN kiseki_gateway::mem_gateway: gateway write: compositions.create failed error=namespace not found: NamespaceId(4378ad03-d3a7-57ab-a3cf-f7e27a5a147b)
May 07 19:19:27 kiseki-storage-1 kiseki-server[9223]: 2026-05-07T19:19:27.965952Z  WARN kiseki_gateway::mem_gateway: gateway write: compositions.create failed error=namespace not found: NamespaceId(4378ad03-d3a7-57ab-a3cf-f7e27a5a147b)
May 07 19:19:27 kiseki-storage-1 kiseki-server[9223]: 2026-05-07T19:19:27.975325Z  WARN kiseki_gateway::mem_gateway: gateway write: compositions.create failed error=namespace not found: NamespaceId(4378ad03-d3a7-57ab-a3cf-f7e27a5a147b)
May 07 19:19:27 kiseki-storage-1 kiseki-server[9223]: 2026-05-07T19:19:27.987258Z  WARN kiseki_gateway::mem_gateway: gateway write: compositions.create failed error=namespace not found: NamespaceId(4378ad03-d3a7-57ab-a3cf-f7e27a5a147b)
May 07 19:19:27 kiseki-storage-1 kiseki-server[9223]: 2026-05-07T19:19:27.995326Z  WARN kiseki_gateway::mem_gateway: gateway write: compositions.create failed error=namespace not found: NamespaceId(4378ad03-d3a7-57ab-a3cf-f7e27a5a147b)
May 07 19:19:28 kiseki-storage-1 kiseki-server[9223]: 2026-05-07T19:19:28.026103Z  WARN kiseki_gateway::mem_gateway: gateway write: compositions.create failed error=namespace not found: NamespaceId(4378ad03-d3a7-57ab-a3cf-f7e27a5a147b)
May 07 19:19:28 kiseki-storage-1 kiseki-server[9223]: 2026-05-07T19:19:28.069082Z  WARN kiseki_gateway::mem_gateway: gateway write: compositions.create failed error=namespace not found: NamespaceId(4378ad03-d3a7-57ab-a3cf-f7e27a5a147b)
May 07 19:19:28 kiseki-storage-1 kiseki-server[9223]: 2026-05-07T19:19:28.071626Z  WARN kiseki_gateway::mem_gateway: gateway write: compositions.create failed error=namespace not found: NamespaceId(4378ad03-d3a7-57ab-a3cf-f7e27a5a147b)
May 07 19:19:28 kiseki-storage-1 kiseki-server[9223]: 2026-05-07T19:19:28.119035Z  WARN kiseki_gateway::mem_gateway: gateway write: compositions.create failed error=namespace not found: NamespaceId(4378ad03-d3a7-57ab-a3cf-f7e27a5a147b)
May 07 19:19:28 kiseki-storage-1 kiseki-server[9223]: 2026-05-07T19:19:28.132045Z  WARN kiseki_gateway::mem_gateway: gateway write: compositions.create failed error=namespace not found: NamespaceId(4378ad03-d3a7-57ab-a3cf-f7e27a5a147b)
May 07 19:19:28 kiseki-storage-1 kiseki-server[9223]: 2026-05-07T19:19:28.165655Z  WARN kiseki_gateway::mem_gateway: gateway write: compositions.create failed error=namespace not found: NamespaceId(4378ad03-d3a7-57ab-a3cf-f7e27a5a147b)
May 07 19:19:28 kiseki-storage-1 kiseki-server[9223]: 2026-05-07T19:19:28.170251Z  WARN kiseki_gateway::mem_gateway: gateway write: compositions.create failed error=namespace not found: NamespaceId(4378ad03-d3a7-57ab-a3cf-f7e27a5a147b)
May 07 19:19:28 kiseki-storage-1 kiseki-server[9223]: 2026-05-07T19:19:28.177474Z  WARN kiseki_gateway::mem_gateway: gateway write: compositions.create failed error=namespace not found: NamespaceId(4378ad03-d3a7-57ab-a3cf-f7e27a5a147b)
May 07 19:19:28 kiseki-storage-1 kiseki-server[9223]: 2026-05-07T19:19:28.190273Z  WARN kiseki_gateway::mem_gateway: gateway write: compositions.create failed error=namespace not found: NamespaceId(4378ad03-d3a7-57ab-a3cf-f7e27a5a147b)
May 07 19:19:28 kiseki-storage-1 kiseki-server[9223]: 2026-05-07T19:19:28.202669Z  WARN kiseki_gateway::mem_gateway: gateway write: compositions.create failed error=namespace not found: NamespaceId(4378ad03-d3a7-57ab-a3cf-f7e27a5a147b)
May 07 19:19:28 kiseki-storage-1 kiseki-server[9223]: 2026-05-07T19:19:28.207912Z  WARN kiseki_gateway::mem_gateway: gateway write: compositions.create failed error=namespace not found: NamespaceId(4378ad03-d3a7-57ab-a3cf-f7e27a5a147b)
May 07 19:19:28 kiseki-storage-1 kiseki-server[9223]: 2026-05-07T19:19:28.210194Z  WARN kiseki_gateway::mem_gateway: gateway write: compositions.create failed error=namespace not found: NamespaceId(4378ad03-d3a7-57ab-a3cf-f7e27a5a147b)
May 07 19:19:28 kiseki-storage-1 kiseki-server[9223]: 2026-05-07T19:19:28.229464Z  WARN kiseki_gateway::mem_gateway: gateway write: compositions.create failed error=namespace not found: NamespaceId(4378ad03-d3a7-57ab-a3cf-f7e27a5a147b)
May 07 19:19:28 kiseki-storage-1 kiseki-server[9223]: 2026-05-07T19:19:28.251366Z  WARN kiseki_gateway::mem_gateway: gateway write: compositions.create failed error=namespace not found: NamespaceId(4378ad03-d3a7-57ab-a3cf-f7e27a5a147b)
May 07 19:19:28 kiseki-storage-1 kiseki-server[9223]: 2026-05-07T19:19:28.267183Z  WARN kiseki_gateway::mem_gateway: gateway write: compositions.create failed error=namespace not found: NamespaceId(4378ad03-d3a7-57ab-a3cf-f7e27a5a147b)
May 07 19:19:28 kiseki-storage-1 kiseki-server[9223]: 2026-05-07T19:19:28.281906Z  WARN kiseki_gateway::mem_gateway: gateway write: compositions.create failed error=namespace not found: NamespaceId(4378ad03-d3a7-57ab-a3cf-f7e27a5a147b)
May 07 19:19:28 kiseki-storage-1 kiseki-server[9223]: 2026-05-07T19:19:28.304368Z  WARN kiseki_gateway::mem_gateway: gateway write: compositions.create failed error=namespace not found: NamespaceId(4378ad03-d3a7-57ab-a3cf-f7e27a5a147b)
May 07 19:19:28 kiseki-storage-1 kiseki-server[9223]: 2026-05-07T19:19:28.305902Z  WARN kiseki_gateway::mem_gateway: gateway write: compositions.create failed error=namespace not found: NamespaceId(4378ad03-d3a7-57ab-a3cf-f7e27a5a147b)
May 07 19:19:28 kiseki-storage-1 kiseki-server[9223]: 2026-05-07T19:19:28.351380Z  WARN kiseki_gateway::mem_gateway: gateway write: compositions.create failed error=namespace not found: NamespaceId(4378ad03-d3a7-57ab-a3cf-f7e27a5a147b)
May 07 19:19:28 kiseki-storage-1 kiseki-server[9223]: 2026-05-07T19:19:28.360239Z  WARN kiseki_gateway::mem_gateway: gateway write: compositions.create failed error=namespace not found: NamespaceId(4378ad03-d3a7-57ab-a3cf-f7e27a5a147b)
May 07 19:19:28 kiseki-storage-1 kiseki-server[9223]: 2026-05-07T19:19:28.388311Z  WARN kiseki_gateway::mem_gateway: gateway write: compositions.create failed error=namespace not found: NamespaceId(4378ad03-d3a7-57ab-a3cf-f7e27a5a147b)
May 07 19:19:28 kiseki-storage-1 kiseki-server[9223]: 2026-05-07T19:19:28.394125Z  WARN kiseki_gateway::mem_gateway: gateway write: compositions.create failed error=namespace not found: NamespaceId(4378ad03-d3a7-57ab-a3cf-f7e27a5a147b)
May 07 19:19:28 kiseki-storage-1 kiseki-server[9223]: 2026-05-07T19:19:28.396678Z  WARN kiseki_gateway::mem_gateway: gateway write: compositions.create failed error=namespace not found: NamespaceId(4378ad03-d3a7-57ab-a3cf-f7e27a5a147b)
May 07 19:19:28 kiseki-storage-1 kiseki-server[9223]: 2026-05-07T19:19:28.397642Z  WARN kiseki_gateway::mem_gateway: gateway write: compositions.create failed error=namespace not found: NamespaceId(4378ad03-d3a7-57ab-a3cf-f7e27a5a147b)
May 07 19:19:28 kiseki-storage-1 kiseki-server[9223]: 2026-05-07T19:19:28.436908Z  WARN kiseki_gateway::mem_gateway: gateway write: compositions.create failed error=namespace not found: NamespaceId(4378ad03-d3a7-57ab-a3cf-f7e27a5a147b)
May 07 19:19:28 kiseki-storage-1 kiseki-server[9223]: 2026-05-07T19:19:28.453238Z  WARN kiseki_gateway::mem_gateway: gateway write: compositions.create failed error=namespace not found: NamespaceId(4378ad03-d3a7-57ab-a3cf-f7e27a5a147b)
May 07 19:19:28 kiseki-storage-1 kiseki-server[9223]: 2026-05-07T19:19:28.461406Z  WARN kiseki_gateway::mem_gateway: gateway write: compositions.create failed error=namespace not found: NamespaceId(4378ad03-d3a7-57ab-a3cf-f7e27a5a147b)
May 07 19:19:28 kiseki-storage-1 kiseki-server[9223]: 2026-05-07T19:19:28.470753Z  WARN kiseki_gateway::mem_gateway: gateway write: compositions.create failed error=namespace not found: NamespaceId(4378ad03-d3a7-57ab-a3cf-f7e27a5a147b)
May 07 19:19:28 kiseki-storage-1 kiseki-server[9223]: 2026-05-07T19:19:28.512456Z  WARN kiseki_gateway::mem_gateway: gateway write: compositions.create failed error=namespace not found: NamespaceId(4378ad03-d3a7-57ab-a3cf-f7e27a5a147b)
May 07 19:19:28 kiseki-storage-1 kiseki-server[9223]: 2026-05-07T19:19:28.514847Z  WARN kiseki_gateway::mem_gateway: gateway write: compositions.create failed error=namespace not found: NamespaceId(4378ad03-d3a7-57ab-a3cf-f7e27a5a147b)
May 07 19:19:28 kiseki-storage-1 kiseki-server[9223]: 2026-05-07T19:19:28.518375Z  WARN kiseki_gateway::mem_gateway: gateway write: compositions.create failed error=namespace not found: NamespaceId(4378ad03-d3a7-57ab-a3cf-f7e27a5a147b)
May 07 19:19:28 kiseki-storage-1 kiseki-server[9223]: 2026-05-07T19:19:28.520590Z  WARN kiseki_gateway::mem_gateway: gateway write: compositions.create failed error=namespace not found: NamespaceId(4378ad03-d3a7-57ab-a3cf-f7e27a5a147b)
May 07 19:19:28 kiseki-storage-1 kiseki-server[9223]: 2026-05-07T19:19:28.538014Z  WARN kiseki_gateway::mem_gateway: gateway write: compositions.create failed error=namespace not found: NamespaceId(4378ad03-d3a7-57ab-a3cf-f7e27a5a147b)
May 07 19:19:28 kiseki-storage-1 kiseki-server[9223]: 2026-05-07T19:19:28.555599Z  WARN kiseki_gateway::mem_gateway: gateway write: compositions.create failed error=namespace not found: NamespaceId(4378ad03-d3a7-57ab-a3cf-f7e27a5a147b)
May 07 19:19:28 kiseki-storage-1 kiseki-server[9223]: 2026-05-07T19:19:28.575679Z  WARN kiseki_gateway::mem_gateway: gateway write: compositions.create failed error=namespace not found: NamespaceId(4378ad03-d3a7-57ab-a3cf-f7e27a5a147b)
May 07 19:19:28 kiseki-storage-1 kiseki-server[9223]: 2026-05-07T19:19:28.597446Z  WARN kiseki_gateway::mem_gateway: gateway write: compositions.create failed error=namespace not found: NamespaceId(4378ad03-d3a7-57ab-a3cf-f7e27a5a147b)
May 07 19:19:28 kiseki-storage-1 kiseki-server[9223]: 2026-05-07T19:19:28.597992Z  WARN kiseki_gateway::mem_gateway: gateway write: compositions.create failed error=namespace not found: NamespaceId(4378ad03-d3a7-57ab-a3cf-f7e27a5a147b)
May 07 19:19:28 kiseki-storage-1 kiseki-server[9223]: 2026-05-07T19:19:28.599991Z  WARN kiseki_gateway::mem_gateway: gateway write: compositions.create failed error=namespace not found: NamespaceId(4378ad03-d3a7-57ab-a3cf-f7e27a5a147b)
May 07 19:19:28 kiseki-storage-1 kiseki-server[9223]: 2026-05-07T19:19:28.617758Z  WARN kiseki_gateway::mem_gateway: gateway write: compositions.create failed error=namespace not found: NamespaceId(4378ad03-d3a7-57ab-a3cf-f7e27a5a147b)
May 07 19:19:28 kiseki-storage-1 kiseki-server[9223]: 2026-05-07T19:19:28.623204Z  WARN kiseki_gateway::mem_gateway: gateway write: compositions.create failed error=namespace not found: NamespaceId(4378ad03-d3a7-57ab-a3cf-f7e27a5a147b)
May 07 19:19:28 kiseki-storage-1 kiseki-server[9223]: 2026-05-07T19:19:28.624354Z  WARN kiseki_gateway::mem_gateway: gateway write: compositions.create failed error=namespace not found: NamespaceId(4378ad03-d3a7-57ab-a3cf-f7e27a5a147b)
May 07 19:19:28 kiseki-storage-1 kiseki-server[9223]: 2026-05-07T19:19:28.629290Z  WARN kiseki_gateway::mem_gateway: gateway write: compositions.create failed error=namespace not found: NamespaceId(4378ad03-d3a7-57ab-a3cf-f7e27a5a147b)
May 07 19:19:28 kiseki-storage-1 kiseki-server[9223]: 2026-05-07T19:19:28.635784Z  WARN kiseki_gateway::mem_gateway: gateway write: compositions.create failed error=namespace not found: NamespaceId(4378ad03-d3a7-57ab-a3cf-f7e27a5a147b)
May 07 19:19:28 kiseki-storage-1 kiseki-server[9223]: 2026-05-07T19:19:28.672098Z  WARN kiseki_gateway::mem_gateway: gateway write: compositions.create failed error=namespace not found: NamespaceId(4378ad03-d3a7-57ab-a3cf-f7e27a5a147b)
May 07 19:19:28 kiseki-storage-1 kiseki-server[9223]: 2026-05-07T19:19:28.706018Z  WARN kiseki_gateway::mem_gateway: gateway write: compositions.create failed error=namespace not found: NamespaceId(4378ad03-d3a7-57ab-a3cf-f7e27a5a147b)
May 07 19:19:28 kiseki-storage-1 kiseki-server[9223]: 2026-05-07T19:19:28.720781Z  WARN kiseki_gateway::mem_gateway: gateway write: compositions.create failed error=namespace not found: NamespaceId(4378ad03-d3a7-57ab-a3cf-f7e27a5a147b)
May 07 19:19:28 kiseki-storage-1 kiseki-server[9223]: 2026-05-07T19:19:28.726429Z  WARN kiseki_gateway::mem_gateway: gateway write: compositions.create failed error=namespace not found: NamespaceId(4378ad03-d3a7-57ab-a3cf-f7e27a5a147b)
May 07 19:19:28 kiseki-storage-1 kiseki-server[9223]: 2026-05-07T19:19:28.735001Z  WARN kiseki_gateway::mem_gateway: gateway write: compositions.create failed error=namespace not found: NamespaceId(4378ad03-d3a7-57ab-a3cf-f7e27a5a147b)
May 07 19:19:28 kiseki-storage-1 kiseki-server[9223]: 2026-05-07T19:19:28.738063Z  WARN kiseki_gateway::mem_gateway: gateway write: compositions.create failed error=namespace not found: NamespaceId(4378ad03-d3a7-57ab-a3cf-f7e27a5a147b)
May 07 19:19:28 kiseki-storage-1 kiseki-server[9223]: 2026-05-07T19:19:28.749471Z  WARN kiseki_gateway::mem_gateway: gateway write: compositions.create failed error=namespace not found: NamespaceId(4378ad03-d3a7-57ab-a3cf-f7e27a5a147b)
May 07 19:19:28 kiseki-storage-1 kiseki-server[9223]: 2026-05-07T19:19:28.764021Z  WARN kiseki_gateway::mem_gateway: gateway write: compositions.create failed error=namespace not found: NamespaceId(4378ad03-d3a7-57ab-a3cf-f7e27a5a147b)
May 07 19:19:28 kiseki-storage-1 kiseki-server[9223]: 2026-05-07T19:19:28.768292Z  WARN kiseki_gateway::mem_gateway: gateway write: compositions.create failed error=namespace not found: NamespaceId(4378ad03-d3a7-57ab-a3cf-f7e27a5a147b)
May 07 19:19:28 kiseki-storage-1 kiseki-server[9223]: 2026-05-07T19:19:28.779174Z  WARN kiseki_gateway::mem_gateway: gateway write: compositions.create failed error=namespace not found: NamespaceId(4378ad03-d3a7-57ab-a3cf-f7e27a5a147b)
May 07 19:19:28 kiseki-storage-1 kiseki-server[9223]: 2026-05-07T19:19:28.780493Z  WARN kiseki_gateway::mem_gateway: gateway write: compositions.create failed error=namespace not found: NamespaceId(4378ad03-d3a7-57ab-a3cf-f7e27a5a147b)
May 07 19:19:28 kiseki-storage-1 kiseki-server[9223]: 2026-05-07T19:19:28.783761Z  WARN kiseki_gateway::mem_gateway: gateway write: compositions.create failed error=namespace not found: NamespaceId(4378ad03-d3a7-57ab-a3cf-f7e27a5a147b)
May 07 19:19:28 kiseki-storage-1 kiseki-server[9223]: 2026-05-07T19:19:28.784328Z  WARN kiseki_gateway::mem_gateway: gateway write: compositions.create failed error=namespace not found: NamespaceId(4378ad03-d3a7-57ab-a3cf-f7e27a5a147b)
May 07 19:19:28 kiseki-storage-1 kiseki-server[9223]: 2026-05-07T19:19:28.795611Z  WARN kiseki_gateway::mem_gateway: gateway write: compositions.create failed error=namespace not found: NamespaceId(4378ad03-d3a7-57ab-a3cf-f7e27a5a147b)
May 07 19:19:28 kiseki-storage-1 kiseki-server[9223]: 2026-05-07T19:19:28.822402Z  WARN kiseki_gateway::mem_gateway: gateway write: compositions.create failed error=namespace not found: NamespaceId(4378ad03-d3a7-57ab-a3cf-f7e27a5a147b)
May 07 19:19:28 kiseki-storage-1 kiseki-server[9223]: 2026-05-07T19:19:28.822638Z  WARN kiseki_gateway::mem_gateway: gateway write: compositions.create failed error=namespace not found: NamespaceId(4378ad03-d3a7-57ab-a3cf-f7e27a5a147b)
May 07 19:19:28 kiseki-storage-1 kiseki-server[9223]: 2026-05-07T19:19:28.823694Z  WARN kiseki_gateway::mem_gateway: gateway write: compositions.create failed error=namespace not found: NamespaceId(4378ad03-d3a7-57ab-a3cf-f7e27a5a147b)
May 07 19:19:28 kiseki-storage-1 kiseki-server[9223]: 2026-05-07T19:19:28.825452Z  WARN kiseki_gateway::mem_gateway: gateway write: compositions.create failed error=namespace not found: NamespaceId(4378ad03-d3a7-57ab-a3cf-f7e27a5a147b)
May 07 19:19:28 kiseki-storage-1 kiseki-server[9223]: 2026-05-07T19:19:28.826259Z  WARN kiseki_gateway::mem_gateway: gateway write: compositions.create failed error=namespace not found: NamespaceId(4378ad03-d3a7-57ab-a3cf-f7e27a5a147b)
May 07 19:19:28 kiseki-storage-1 kiseki-server[9223]: 2026-05-07T19:19:28.832069Z  WARN kiseki_gateway::mem_gateway: gateway write: compositions.create failed error=namespace not found: NamespaceId(4378ad03-d3a7-57ab-a3cf-f7e27a5a147b)
May 07 19:19:28 kiseki-storage-1 kiseki-server[9223]: 2026-05-07T19:19:28.837451Z  WARN kiseki_gateway::mem_gateway: gateway write: compositions.create failed error=namespace not found: NamespaceId(4378ad03-d3a7-57ab-a3cf-f7e27a5a147b)
May 07 19:19:28 kiseki-storage-1 kiseki-server[9223]: 2026-05-07T19:19:28.846960Z  WARN kiseki_gateway::mem_gateway: gateway write: compositions.create failed error=namespace not found: NamespaceId(4378ad03-d3a7-57ab-a3cf-f7e27a5a147b)
May 07 19:19:28 kiseki-storage-1 kiseki-server[9223]: 2026-05-07T19:19:28.848898Z  WARN kiseki_gateway::mem_gateway: gateway write: compositions.create failed error=namespace not found: NamespaceId(4378ad03-d3a7-57ab-a3cf-f7e27a5a147b)
May 07 19:19:28 kiseki-storage-1 kiseki-server[9223]: 2026-05-07T19:19:28.867933Z  WARN kiseki_gateway::mem_gateway: gateway write: compositions.create failed error=namespace not found: NamespaceId(4378ad03-d3a7-57ab-a3cf-f7e27a5a147b)
May 07 19:19:28 kiseki-storage-1 kiseki-server[9223]: 2026-05-07T19:19:28.869798Z  WARN kiseki_gateway::mem_gateway: gateway write: compositions.create failed error=namespace not found: NamespaceId(4378ad03-d3a7-57ab-a3cf-f7e27a5a147b)
May 07 19:19:28 kiseki-storage-1 kiseki-server[9223]: 2026-05-07T19:19:28.894810Z  WARN kiseki_gateway::mem_gateway: gateway write: compositions.create failed error=namespace not found: NamespaceId(4378ad03-d3a7-57ab-a3cf-f7e27a5a147b)
May 07 19:19:28 kiseki-storage-1 kiseki-server[9223]: 2026-05-07T19:19:28.907697Z  WARN kiseki_gateway::mem_gateway: gateway write: compositions.create failed error=namespace not found: NamespaceId(4378ad03-d3a7-57ab-a3cf-f7e27a5a147b)
May 07 19:19:28 kiseki-storage-1 kiseki-server[9223]: 2026-05-07T19:19:28.908171Z  WARN kiseki_gateway::mem_gateway: gateway write: compositions.create failed error=namespace not found: NamespaceId(4378ad03-d3a7-57ab-a3cf-f7e27a5a147b)
May 07 19:19:28 kiseki-storage-1 kiseki-server[9223]: 2026-05-07T19:19:28.914434Z  WARN kiseki_gateway::mem_gateway: gateway write: compositions.create failed error=namespace not found: NamespaceId(4378ad03-d3a7-57ab-a3cf-f7e27a5a147b)
May 07 19:19:28 kiseki-storage-1 kiseki-server[9223]: 2026-05-07T19:19:28.922884Z  WARN kiseki_gateway::mem_gateway: gateway write: compositions.create failed error=namespace not found: NamespaceId(4378ad03-d3a7-57ab-a3cf-f7e27a5a147b)
May 07 19:19:28 kiseki-storage-1 kiseki-server[9223]: 2026-05-07T19:19:28.950295Z  WARN kiseki_gateway::mem_gateway: gateway write: compositions.create failed error=namespace not found: NamespaceId(4378ad03-d3a7-57ab-a3cf-f7e27a5a147b)
May 07 19:19:28 kiseki-storage-1 kiseki-server[9223]: 2026-05-07T19:19:28.969104Z  WARN kiseki_gateway::mem_gateway: gateway write: compositions.create failed error=namespace not found: NamespaceId(4378ad03-d3a7-57ab-a3cf-f7e27a5a147b)
May 07 19:19:28 kiseki-storage-1 kiseki-server[9223]: 2026-05-07T19:19:28.979904Z  WARN kiseki_gateway::mem_gateway: gateway write: compositions.create failed error=namespace not found: NamespaceId(4378ad03-d3a7-57ab-a3cf-f7e27a5a147b)
May 07 19:19:28 kiseki-storage-1 kiseki-server[9223]: 2026-05-07T19:19:28.980792Z  WARN kiseki_gateway::mem_gateway: gateway write: compositions.create failed error=namespace not found: NamespaceId(4378ad03-d3a7-57ab-a3cf-f7e27a5a147b)
May 07 19:19:29 kiseki-storage-1 kiseki-server[9223]: 2026-05-07T19:19:29.000886Z  WARN kiseki_gateway::mem_gateway: gateway write: compositions.create failed error=namespace not found: NamespaceId(4378ad03-d3a7-57ab-a3cf-f7e27a5a147b)
May 07 19:19:29 kiseki-storage-1 kiseki-server[9223]: 2026-05-07T19:19:29.008372Z  WARN kiseki_gateway::mem_gateway: gateway write: compositions.create failed error=namespace not found: NamespaceId(4378ad03-d3a7-57ab-a3cf-f7e27a5a147b)
May 07 19:19:29 kiseki-storage-1 kiseki-server[9223]: 2026-05-07T19:19:29.018729Z  WARN kiseki_gateway::mem_gateway: gateway write: compositions.create failed error=namespace not found: NamespaceId(4378ad03-d3a7-57ab-a3cf-f7e27a5a147b)
May 07 19:19:29 kiseki-storage-1 kiseki-server[9223]: 2026-05-07T19:19:29.019721Z  WARN kiseki_gateway::mem_gateway: gateway write: compositions.create failed error=namespace not found: NamespaceId(4378ad03-d3a7-57ab-a3cf-f7e27a5a147b)
May 07 19:19:29 kiseki-storage-1 kiseki-server[9223]: 2026-05-07T19:19:29.030042Z  WARN kiseki_gateway::mem_gateway: gateway write: compositions.create failed error=namespace not found: NamespaceId(4378ad03-d3a7-57ab-a3cf-f7e27a5a147b)
May 07 19:19:29 kiseki-storage-1 kiseki-server[9223]: 2026-05-07T19:19:29.050486Z  WARN kiseki_gateway::mem_gateway: gateway write: compositions.create failed error=namespace not found: NamespaceId(4378ad03-d3a7-57ab-a3cf-f7e27a5a147b)
May 07 19:19:29 kiseki-storage-1 kiseki-server[9223]: 2026-05-07T19:19:29.052773Z  WARN kiseki_gateway::mem_gateway: gateway write: compositions.create failed error=namespace not found: NamespaceId(4378ad03-d3a7-57ab-a3cf-f7e27a5a147b)
May 07 19:19:29 kiseki-storage-1 kiseki-server[9223]: 2026-05-07T19:19:29.053696Z  WARN kiseki_gateway::mem_gateway: gateway write: compositions.create failed error=namespace not found: NamespaceId(4378ad03-d3a7-57ab-a3cf-f7e27a5a147b)
May 07 19:19:29 kiseki-storage-1 kiseki-server[9223]: 2026-05-07T19:19:29.055278Z  WARN kiseki_gateway::mem_gateway: gateway write: compositions.create failed error=namespace not found: NamespaceId(4378ad03-d3a7-57ab-a3cf-f7e27a5a147b)
May 07 19:19:29 kiseki-storage-1 kiseki-server[9223]: 2026-05-07T19:19:29.099512Z  WARN kiseki_gateway::mem_gateway: gateway write: compositions.create failed error=namespace not found: NamespaceId(4378ad03-d3a7-57ab-a3cf-f7e27a5a147b)
May 07 19:19:29 kiseki-storage-1 kiseki-server[9223]: 2026-05-07T19:19:29.104113Z  WARN kiseki_gateway::mem_gateway: gateway write: compositions.create failed error=namespace not found: NamespaceId(4378ad03-d3a7-57ab-a3cf-f7e27a5a147b)
May 07 19:19:29 kiseki-storage-1 kiseki-server[9223]: 2026-05-07T19:19:29.105785Z  WARN kiseki_gateway::mem_gateway: gateway write: compositions.create failed error=namespace not found: NamespaceId(4378ad03-d3a7-57ab-a3cf-f7e27a5a147b)
May 07 19:19:29 kiseki-storage-1 kiseki-server[9223]: 2026-05-07T19:19:29.107859Z  WARN kiseki_gateway::mem_gateway: gateway write: compositions.create failed error=namespace not found: NamespaceId(4378ad03-d3a7-57ab-a3cf-f7e27a5a147b)
May 07 19:19:29 kiseki-storage-1 kiseki-server[9223]: 2026-05-07T19:19:29.109316Z  WARN kiseki_gateway::mem_gateway: gateway write: compositions.create failed error=namespace not found: NamespaceId(4378ad03-d3a7-57ab-a3cf-f7e27a5a147b)
May 07 19:19:29 kiseki-storage-1 kiseki-server[9223]: 2026-05-07T19:19:29.115212Z  WARN kiseki_gateway::mem_gateway: gateway write: compositions.create failed error=namespace not found: NamespaceId(4378ad03-d3a7-57ab-a3cf-f7e27a5a147b)
May 07 19:19:29 kiseki-storage-1 kiseki-server[9223]: 2026-05-07T19:19:29.144676Z  WARN kiseki_gateway::mem_gateway: gateway write: compositions.create failed error=namespace not found: NamespaceId(4378ad03-d3a7-57ab-a3cf-f7e27a5a147b)
May 07 19:19:29 kiseki-storage-1 kiseki-server[9223]: 2026-05-07T19:19:29.157277Z  WARN kiseki_gateway::mem_gateway: gateway write: compositions.create failed error=namespace not found: NamespaceId(4378ad03-d3a7-57ab-a3cf-f7e27a5a147b)
May 07 19:19:29 kiseki-storage-1 kiseki-server[9223]: 2026-05-07T19:19:29.158367Z  WARN kiseki_gateway::mem_gateway: gateway write: compositions.create failed error=namespace not found: NamespaceId(4378ad03-d3a7-57ab-a3cf-f7e27a5a147b)
May 07 19:19:29 kiseki-storage-1 kiseki-server[9223]: 2026-05-07T19:19:29.161049Z  WARN kiseki_gateway::mem_gateway: gateway write: compositions.create failed error=namespace not found: NamespaceId(4378ad03-d3a7-57ab-a3cf-f7e27a5a147b)
May 07 19:19:29 kiseki-storage-1 kiseki-server[9223]: 2026-05-07T19:19:29.175248Z  WARN kiseki_gateway::mem_gateway: gateway write: compositions.create failed error=namespace not found: NamespaceId(4378ad03-d3a7-57ab-a3cf-f7e27a5a147b)
May 07 19:19:29 kiseki-storage-1 kiseki-server[9223]: 2026-05-07T19:19:29.184849Z  WARN kiseki_gateway::mem_gateway: gateway write: compositions.create failed error=namespace not found: NamespaceId(4378ad03-d3a7-57ab-a3cf-f7e27a5a147b)
May 07 19:19:29 kiseki-storage-1 kiseki-server[9223]: 2026-05-07T19:19:29.219293Z  WARN kiseki_gateway::mem_gateway: gateway write: compositions.create failed error=namespace not found: NamespaceId(4378ad03-d3a7-57ab-a3cf-f7e27a5a147b)
May 07 19:19:29 kiseki-storage-1 kiseki-server[9223]: 2026-05-07T19:19:29.221968Z  WARN kiseki_gateway::mem_gateway: gateway write: compositions.create failed error=namespace not found: NamespaceId(4378ad03-d3a7-57ab-a3cf-f7e27a5a147b)
May 07 19:19:29 kiseki-storage-1 kiseki-server[9223]: 2026-05-07T19:19:29.225560Z  WARN kiseki_gateway::mem_gateway: gateway write: compositions.create failed error=namespace not found: NamespaceId(4378ad03-d3a7-57ab-a3cf-f7e27a5a147b)
May 07 19:19:29 kiseki-storage-1 kiseki-server[9223]: 2026-05-07T19:19:29.234274Z  WARN kiseki_gateway::mem_gateway: gateway write: compositions.create failed error=namespace not found: NamespaceId(4378ad03-d3a7-57ab-a3cf-f7e27a5a147b)
May 07 19:19:29 kiseki-storage-1 kiseki-server[9223]: 2026-05-07T19:19:29.238619Z  WARN kiseki_gateway::mem_gateway: gateway write: compositions.create failed error=namespace not found: NamespaceId(4378ad03-d3a7-57ab-a3cf-f7e27a5a147b)
May 07 19:19:29 kiseki-storage-1 kiseki-server[9223]: 2026-05-07T19:19:29.242093Z  WARN kiseki_gateway::mem_gateway: gateway write: compositions.create failed error=namespace not found: NamespaceId(4378ad03-d3a7-57ab-a3cf-f7e27a5a147b)
May 07 19:19:29 kiseki-storage-1 kiseki-server[9223]: 2026-05-07T19:19:29.250785Z  WARN kiseki_gateway::mem_gateway: gateway write: compositions.create failed error=namespace not found: NamespaceId(4378ad03-d3a7-57ab-a3cf-f7e27a5a147b)
May 07 19:19:29 kiseki-storage-1 kiseki-server[9223]: 2026-05-07T19:19:29.254026Z  WARN kiseki_gateway::mem_gateway: gateway write: compositions.create failed error=namespace not found: NamespaceId(4378ad03-d3a7-57ab-a3cf-f7e27a5a147b)
May 07 19:19:29 kiseki-storage-1 kiseki-server[9223]: 2026-05-07T19:19:29.262383Z  WARN kiseki_gateway::mem_gateway: gateway write: compositions.create failed error=namespace not found: NamespaceId(4378ad03-d3a7-57ab-a3cf-f7e27a5a147b)
May 07 19:19:29 kiseki-storage-1 kiseki-server[9223]: 2026-05-07T19:19:29.263093Z  WARN kiseki_gateway::mem_gateway: gateway write: compositions.create failed error=namespace not found: NamespaceId(4378ad03-d3a7-57ab-a3cf-f7e27a5a147b)
May 07 19:19:29 kiseki-storage-1 kiseki-server[9223]: 2026-05-07T19:19:29.277320Z  WARN kiseki_gateway::mem_gateway: gateway write: compositions.create failed error=namespace not found: NamespaceId(4378ad03-d3a7-57ab-a3cf-f7e27a5a147b)
May 07 19:19:29 kiseki-storage-1 kiseki-server[9223]: 2026-05-07T19:19:29.304811Z  WARN kiseki_gateway::mem_gateway: gateway write: compositions.create failed error=namespace not found: NamespaceId(4378ad03-d3a7-57ab-a3cf-f7e27a5a147b)
May 07 19:19:29 kiseki-storage-1 kiseki-server[9223]: 2026-05-07T19:19:29.306083Z  WARN kiseki_gateway::mem_gateway: gateway write: compositions.create failed error=namespace not found: NamespaceId(4378ad03-d3a7-57ab-a3cf-f7e27a5a147b)
May 07 19:19:29 kiseki-storage-1 kiseki-server[9223]: 2026-05-07T19:19:29.317178Z  WARN kiseki_gateway::mem_gateway: gateway write: compositions.create failed error=namespace not found: NamespaceId(4378ad03-d3a7-57ab-a3cf-f7e27a5a147b)
May 07 19:19:29 kiseki-storage-1 kiseki-server[9223]: 2026-05-07T19:19:29.332991Z  WARN kiseki_gateway::mem_gateway: gateway write: compositions.create failed error=namespace not found: NamespaceId(4378ad03-d3a7-57ab-a3cf-f7e27a5a147b)
May 07 19:19:29 kiseki-storage-1 kiseki-server[9223]: 2026-05-07T19:19:29.336935Z  WARN kiseki_gateway::mem_gateway: gateway write: compositions.create failed error=namespace not found: NamespaceId(4378ad03-d3a7-57ab-a3cf-f7e27a5a147b)
May 07 19:19:29 kiseki-storage-1 kiseki-server[9223]: 2026-05-07T19:19:29.360615Z  WARN kiseki_gateway::mem_gateway: gateway write: compositions.create failed error=namespace not found: NamespaceId(4378ad03-d3a7-57ab-a3cf-f7e27a5a147b)
May 07 19:19:29 kiseki-storage-1 kiseki-server[9223]: 2026-05-07T19:19:29.371483Z  WARN kiseki_gateway::mem_gateway: gateway write: compositions.create failed error=namespace not found: NamespaceId(4378ad03-d3a7-57ab-a3cf-f7e27a5a147b)
May 07 19:19:29 kiseki-storage-1 kiseki-server[9223]: 2026-05-07T19:19:29.378438Z  WARN kiseki_gateway::mem_gateway: gateway write: compositions.create failed error=namespace not found: NamespaceId(4378ad03-d3a7-57ab-a3cf-f7e27a5a147b)
May 07 19:19:29 kiseki-storage-1 kiseki-server[9223]: 2026-05-07T19:19:29.414358Z  WARN kiseki_gateway::mem_gateway: gateway write: compositions.create failed error=namespace not found: NamespaceId(4378ad03-d3a7-57ab-a3cf-f7e27a5a147b)
May 07 19:19:29 kiseki-storage-1 kiseki-server[9223]: 2026-05-07T19:19:29.416209Z  WARN kiseki_gateway::mem_gateway: gateway write: compositions.create failed error=namespace not found: NamespaceId(4378ad03-d3a7-57ab-a3cf-f7e27a5a147b)
May 07 19:19:29 kiseki-storage-1 kiseki-server[9223]: 2026-05-07T19:19:29.417551Z  WARN kiseki_gateway::mem_gateway: gateway write: compositions.create failed error=namespace not found: NamespaceId(4378ad03-d3a7-57ab-a3cf-f7e27a5a147b)
May 07 19:19:29 kiseki-storage-1 kiseki-server[9223]: 2026-05-07T19:19:29.464813Z  WARN kiseki_gateway::mem_gateway: gateway write: compositions.create failed error=namespace not found: NamespaceId(4378ad03-d3a7-57ab-a3cf-f7e27a5a147b)
May 07 19:19:29 kiseki-storage-1 kiseki-server[9223]: 2026-05-07T19:19:29.466780Z  WARN kiseki_gateway::mem_gateway: gateway write: compositions.create failed error=namespace not found: NamespaceId(4378ad03-d3a7-57ab-a3cf-f7e27a5a147b)
May 07 19:19:29 kiseki-storage-1 kiseki-server[9223]: 2026-05-07T19:19:29.472361Z  WARN kiseki_gateway::mem_gateway: gateway write: compositions.create failed error=namespace not found: NamespaceId(4378ad03-d3a7-57ab-a3cf-f7e27a5a147b)
May 07 19:19:29 kiseki-storage-1 kiseki-server[9223]: 2026-05-07T19:19:29.486086Z  WARN kiseki_gateway::mem_gateway: gateway write: compositions.create failed error=namespace not found: NamespaceId(4378ad03-d3a7-57ab-a3cf-f7e27a5a147b)
May 07 19:19:29 kiseki-storage-1 kiseki-server[9223]: 2026-05-07T19:19:29.493196Z  WARN kiseki_gateway::mem_gateway: gateway write: compositions.create failed error=namespace not found: NamespaceId(4378ad03-d3a7-57ab-a3cf-f7e27a5a147b)
May 07 19:19:29 kiseki-storage-1 kiseki-server[9223]: 2026-05-07T19:19:29.495808Z  WARN kiseki_gateway::mem_gateway: gateway write: compositions.create failed error=namespace not found: NamespaceId(4378ad03-d3a7-57ab-a3cf-f7e27a5a147b)
May 07 19:19:29 kiseki-storage-1 kiseki-server[9223]: 2026-05-07T19:19:29.538374Z  WARN kiseki_gateway::mem_gateway: gateway write: compositions.create failed error=namespace not found: NamespaceId(4378ad03-d3a7-57ab-a3cf-f7e27a5a147b)
May 07 19:19:29 kiseki-storage-1 kiseki-server[9223]: 2026-05-07T19:19:29.551510Z  WARN kiseki_gateway::mem_gateway: gateway write: compositions.create failed error=namespace not found: NamespaceId(4378ad03-d3a7-57ab-a3cf-f7e27a5a147b)
May 07 19:19:29 kiseki-storage-1 kiseki-server[9223]: 2026-05-07T19:19:29.566450Z  WARN kiseki_gateway::mem_gateway: gateway write: compositions.create failed error=namespace not found: NamespaceId(4378ad03-d3a7-57ab-a3cf-f7e27a5a147b)
May 07 19:19:29 kiseki-storage-1 kiseki-server[9223]: 2026-05-07T19:19:29.581149Z  WARN kiseki_gateway::mem_gateway: gateway write: compositions.create failed error=namespace not found: NamespaceId(4378ad03-d3a7-57ab-a3cf-f7e27a5a147b)
May 07 19:19:29 kiseki-storage-1 kiseki-server[9223]: 2026-05-07T19:19:29.584537Z  WARN kiseki_gateway::mem_gateway: gateway write: compositions.create failed error=namespace not found: NamespaceId(4378ad03-d3a7-57ab-a3cf-f7e27a5a147b)
May 07 19:19:29 kiseki-storage-1 kiseki-server[9223]: 2026-05-07T19:19:29.599041Z  WARN kiseki_gateway::mem_gateway: gateway write: compositions.create failed error=namespace not found: NamespaceId(4378ad03-d3a7-57ab-a3cf-f7e27a5a147b)
May 07 19:19:29 kiseki-storage-1 kiseki-server[9223]: 2026-05-07T19:19:29.604236Z  WARN kiseki_gateway::mem_gateway: gateway write: compositions.create failed error=namespace not found: NamespaceId(4378ad03-d3a7-57ab-a3cf-f7e27a5a147b)
May 07 19:19:29 kiseki-storage-1 kiseki-server[9223]: 2026-05-07T19:19:29.606819Z  WARN kiseki_gateway::mem_gateway: gateway write: compositions.create failed error=namespace not found: NamespaceId(4378ad03-d3a7-57ab-a3cf-f7e27a5a147b)
May 07 19:19:29 kiseki-storage-1 kiseki-server[9223]: 2026-05-07T19:19:29.611420Z  WARN kiseki_gateway::mem_gateway: gateway write: compositions.create failed error=namespace not found: NamespaceId(4378ad03-d3a7-57ab-a3cf-f7e27a5a147b)
May 07 19:19:29 kiseki-storage-1 kiseki-server[9223]: 2026-05-07T19:19:29.620811Z  WARN kiseki_gateway::mem_gateway: gateway write: compositions.create failed error=namespace not found: NamespaceId(4378ad03-d3a7-57ab-a3cf-f7e27a5a147b)
May 07 19:19:29 kiseki-storage-1 kiseki-server[9223]: 2026-05-07T19:19:29.660788Z  WARN kiseki_gateway::mem_gateway: gateway write: compositions.create failed error=namespace not found: NamespaceId(4378ad03-d3a7-57ab-a3cf-f7e27a5a147b)
May 07 19:19:29 kiseki-storage-1 kiseki-server[9223]: 2026-05-07T19:19:29.676849Z  WARN kiseki_gateway::mem_gateway: gateway write: compositions.create failed error=namespace not found: NamespaceId(4378ad03-d3a7-57ab-a3cf-f7e27a5a147b)
May 07 19:19:29 kiseki-storage-1 kiseki-server[9223]: 2026-05-07T19:19:29.680470Z  WARN kiseki_gateway::mem_gateway: gateway write: compositions.create failed error=namespace not found: NamespaceId(4378ad03-d3a7-57ab-a3cf-f7e27a5a147b)
May 07 19:19:29 kiseki-storage-1 kiseki-server[9223]: 2026-05-07T19:19:29.694127Z  WARN kiseki_gateway::mem_gateway: gateway write: compositions.create failed error=namespace not found: NamespaceId(4378ad03-d3a7-57ab-a3cf-f7e27a5a147b)
May 07 19:19:29 kiseki-storage-1 kiseki-server[9223]: 2026-05-07T19:19:29.706137Z  WARN kiseki_gateway::mem_gateway: gateway write: compositions.create failed error=namespace not found: NamespaceId(4378ad03-d3a7-57ab-a3cf-f7e27a5a147b)
May 07 19:19:29 kiseki-storage-1 kiseki-server[9223]: 2026-05-07T19:19:29.718597Z  WARN kiseki_gateway::mem_gateway: gateway write: compositions.create failed error=namespace not found: NamespaceId(4378ad03-d3a7-57ab-a3cf-f7e27a5a147b)
May 07 19:19:29 kiseki-storage-1 kiseki-server[9223]: 2026-05-07T19:19:29.737719Z  WARN kiseki_gateway::mem_gateway: gateway write: compositions.create failed error=namespace not found: NamespaceId(4378ad03-d3a7-57ab-a3cf-f7e27a5a147b)
May 07 19:19:29 kiseki-storage-1 kiseki-server[9223]: 2026-05-07T19:19:29.747629Z  WARN kiseki_gateway::mem_gateway: gateway write: compositions.create failed error=namespace not found: NamespaceId(4378ad03-d3a7-57ab-a3cf-f7e27a5a147b)
May 07 19:19:29 kiseki-storage-1 kiseki-server[9223]: 2026-05-07T19:19:29.747942Z  WARN kiseki_gateway::mem_gateway: gateway write: compositions.create failed error=namespace not found: NamespaceId(4378ad03-d3a7-57ab-a3cf-f7e27a5a147b)
May 07 19:19:29 kiseki-storage-1 kiseki-server[9223]: 2026-05-07T19:19:29.751048Z  WARN kiseki_gateway::mem_gateway: gateway write: compositions.create failed error=namespace not found: NamespaceId(4378ad03-d3a7-57ab-a3cf-f7e27a5a147b)
May 07 19:19:29 kiseki-storage-1 kiseki-server[9223]: 2026-05-07T19:19:29.755520Z  WARN kiseki_gateway::mem_gateway: gateway write: compositions.create failed error=namespace not found: NamespaceId(4378ad03-d3a7-57ab-a3cf-f7e27a5a147b)
May 07 19:19:29 kiseki-storage-1 kiseki-server[9223]: 2026-05-07T19:19:29.759275Z  WARN kiseki_gateway::mem_gateway: gateway write: compositions.create failed error=namespace not found: NamespaceId(4378ad03-d3a7-57ab-a3cf-f7e27a5a147b)
May 07 19:19:29 kiseki-storage-1 kiseki-server[9223]: 2026-05-07T19:19:29.769856Z  WARN kiseki_gateway::mem_gateway: gateway write: compositions.create failed error=namespace not found: NamespaceId(4378ad03-d3a7-57ab-a3cf-f7e27a5a147b)
May 07 19:19:29 kiseki-storage-1 kiseki-server[9223]: 2026-05-07T19:19:29.781857Z  WARN kiseki_gateway::mem_gateway: gateway write: compositions.create failed error=namespace not found: NamespaceId(4378ad03-d3a7-57ab-a3cf-f7e27a5a147b)
May 07 19:19:29 kiseki-storage-1 kiseki-server[9223]: 2026-05-07T19:19:29.786828Z  WARN kiseki_gateway::mem_gateway: gateway write: compositions.create failed error=namespace not found: NamespaceId(4378ad03-d3a7-57ab-a3cf-f7e27a5a147b)
May 07 19:19:29 kiseki-storage-1 kiseki-server[9223]: 2026-05-07T19:19:29.787934Z  WARN kiseki_gateway::mem_gateway: gateway write: compositions.create failed error=namespace not found: NamespaceId(4378ad03-d3a7-57ab-a3cf-f7e27a5a147b)
May 07 19:19:29 kiseki-storage-1 kiseki-server[9223]: 2026-05-07T19:19:29.813777Z  WARN kiseki_gateway::mem_gateway: gateway write: compositions.create failed error=namespace not found: NamespaceId(4378ad03-d3a7-57ab-a3cf-f7e27a5a147b)
May 07 19:19:29 kiseki-storage-1 kiseki-server[9223]: 2026-05-07T19:19:29.818264Z  WARN kiseki_gateway::mem_gateway: gateway write: compositions.create failed error=namespace not found: NamespaceId(4378ad03-d3a7-57ab-a3cf-f7e27a5a147b)
May 07 19:19:29 kiseki-storage-1 kiseki-server[9223]: 2026-05-07T19:19:29.844376Z  WARN kiseki_gateway::mem_gateway: gateway write: compositions.create failed error=namespace not found: NamespaceId(4378ad03-d3a7-57ab-a3cf-f7e27a5a147b)
May 07 19:19:29 kiseki-storage-1 kiseki-server[9223]: 2026-05-07T19:19:29.851029Z  WARN kiseki_gateway::mem_gateway: gateway write: compositions.create failed error=namespace not found: NamespaceId(4378ad03-d3a7-57ab-a3cf-f7e27a5a147b)
May 07 19:19:29 kiseki-storage-1 kiseki-server[9223]: 2026-05-07T19:19:29.869118Z  WARN kiseki_gateway::mem_gateway: gateway write: compositions.create failed error=namespace not found: NamespaceId(4378ad03-d3a7-57ab-a3cf-f7e27a5a147b)
May 07 19:19:29 kiseki-storage-1 kiseki-server[9223]: 2026-05-07T19:19:29.890272Z  WARN kiseki_gateway::mem_gateway: gateway write: compositions.create failed error=namespace not found: NamespaceId(4378ad03-d3a7-57ab-a3cf-f7e27a5a147b)
May 07 19:19:29 kiseki-storage-1 kiseki-server[9223]: 2026-05-07T19:19:29.893402Z  WARN kiseki_gateway::mem_gateway: gateway write: compositions.create failed error=namespace not found: NamespaceId(4378ad03-d3a7-57ab-a3cf-f7e27a5a147b)
May 07 19:19:29 kiseki-storage-1 kiseki-server[9223]: 2026-05-07T19:19:29.897583Z  WARN kiseki_gateway::mem_gateway: gateway write: compositions.create failed error=namespace not found: NamespaceId(4378ad03-d3a7-57ab-a3cf-f7e27a5a147b)
May 07 19:19:29 kiseki-storage-1 kiseki-server[9223]: 2026-05-07T19:19:29.908658Z  WARN kiseki_gateway::mem_gateway: gateway write: compositions.create failed error=namespace not found: NamespaceId(4378ad03-d3a7-57ab-a3cf-f7e27a5a147b)
May 07 19:19:29 kiseki-storage-1 kiseki-server[9223]: 2026-05-07T19:19:29.914377Z  WARN kiseki_gateway::mem_gateway: gateway write: compositions.create failed error=namespace not found: NamespaceId(4378ad03-d3a7-57ab-a3cf-f7e27a5a147b)
May 07 19:19:29 kiseki-storage-1 kiseki-server[9223]: 2026-05-07T19:19:29.921766Z  WARN kiseki_gateway::mem_gateway: gateway write: compositions.create failed error=namespace not found: NamespaceId(4378ad03-d3a7-57ab-a3cf-f7e27a5a147b)
May 07 19:19:29 kiseki-storage-1 kiseki-server[9223]: 2026-05-07T19:19:29.921794Z  WARN kiseki_gateway::mem_gateway: gateway write: compositions.create failed error=namespace not found: NamespaceId(4378ad03-d3a7-57ab-a3cf-f7e27a5a147b)
May 07 19:19:29 kiseki-storage-1 kiseki-server[9223]: 2026-05-07T19:19:29.924866Z  WARN kiseki_gateway::mem_gateway: gateway write: compositions.create failed error=namespace not found: NamespaceId(4378ad03-d3a7-57ab-a3cf-f7e27a5a147b)
May 07 19:19:29 kiseki-storage-1 kiseki-server[9223]: 2026-05-07T19:19:29.926789Z  WARN kiseki_gateway::mem_gateway: gateway write: compositions.create failed error=namespace not found: NamespaceId(4378ad03-d3a7-57ab-a3cf-f7e27a5a147b)
May 07 19:19:29 kiseki-storage-1 kiseki-server[9223]: 2026-05-07T19:19:29.929952Z  WARN kiseki_gateway::mem_gateway: gateway write: compositions.create failed error=namespace not found: NamespaceId(4378ad03-d3a7-57ab-a3cf-f7e27a5a147b)
May 07 19:19:29 kiseki-storage-1 kiseki-server[9223]: 2026-05-07T19:19:29.936920Z  WARN kiseki_gateway::mem_gateway: gateway write: compositions.create failed error=namespace not found: NamespaceId(4378ad03-d3a7-57ab-a3cf-f7e27a5a147b)
May 07 19:19:29 kiseki-storage-1 kiseki-server[9223]: 2026-05-07T19:19:29.938540Z  WARN kiseki_gateway::mem_gateway: gateway write: compositions.create failed error=namespace not found: NamespaceId(4378ad03-d3a7-57ab-a3cf-f7e27a5a147b)
May 07 19:19:29 kiseki-storage-1 kiseki-server[9223]: 2026-05-07T19:19:29.942337Z  WARN kiseki_gateway::mem_gateway: gateway write: compositions.create failed error=namespace not found: NamespaceId(4378ad03-d3a7-57ab-a3cf-f7e27a5a147b)
May 07 19:19:29 kiseki-storage-1 kiseki-server[9223]: 2026-05-07T19:19:29.942436Z  WARN kiseki_gateway::mem_gateway: gateway write: compositions.create failed error=namespace not found: NamespaceId(4378ad03-d3a7-57ab-a3cf-f7e27a5a147b)
May 07 19:19:29 kiseki-storage-1 kiseki-server[9223]: 2026-05-07T19:19:29.943783Z  WARN kiseki_gateway::mem_gateway: gateway write: compositions.create failed error=namespace not found: NamespaceId(4378ad03-d3a7-57ab-a3cf-f7e27a5a147b)
May 07 19:19:29 kiseki-storage-1 kiseki-server[9223]: 2026-05-07T19:19:29.946900Z  WARN kiseki_gateway::mem_gateway: gateway write: compositions.create failed error=namespace not found: NamespaceId(4378ad03-d3a7-57ab-a3cf-f7e27a5a147b)
May 07 19:19:29 kiseki-storage-1 kiseki-server[9223]: 2026-05-07T19:19:29.949900Z  WARN kiseki_gateway::mem_gateway: gateway write: compositions.create failed error=namespace not found: NamespaceId(4378ad03-d3a7-57ab-a3cf-f7e27a5a147b)
May 07 19:19:29 kiseki-storage-1 kiseki-server[9223]: 2026-05-07T19:19:29.951681Z  WARN kiseki_gateway::mem_gateway: gateway write: compositions.create failed error=namespace not found: NamespaceId(4378ad03-d3a7-57ab-a3cf-f7e27a5a147b)
May 07 19:19:29 kiseki-storage-1 kiseki-server[9223]: 2026-05-07T19:19:29.954071Z  WARN kiseki_gateway::mem_gateway: gateway write: compositions.create failed error=namespace not found: NamespaceId(4378ad03-d3a7-57ab-a3cf-f7e27a5a147b)
May 07 19:19:29 kiseki-storage-1 kiseki-server[9223]: 2026-05-07T19:19:29.964185Z  WARN kiseki_gateway::mem_gateway: gateway write: compositions.create failed error=namespace not found: NamespaceId(4378ad03-d3a7-57ab-a3cf-f7e27a5a147b)
May 07 19:19:29 kiseki-storage-1 kiseki-server[9223]: 2026-05-07T19:19:29.966793Z  WARN kiseki_gateway::mem_gateway: gateway write: compositions.create failed error=namespace not found: NamespaceId(4378ad03-d3a7-57ab-a3cf-f7e27a5a147b)
May 07 19:19:29 kiseki-storage-1 kiseki-server[9223]: 2026-05-07T19:19:29.970256Z  WARN kiseki_gateway::mem_gateway: gateway write: compositions.create failed error=namespace not found: NamespaceId(4378ad03-d3a7-57ab-a3cf-f7e27a5a147b)
May 07 19:19:29 kiseki-storage-1 kiseki-server[9223]: 2026-05-07T19:19:29.986923Z  WARN kiseki_gateway::mem_gateway: gateway write: compositions.create failed error=namespace not found: NamespaceId(4378ad03-d3a7-57ab-a3cf-f7e27a5a147b)
May 07 19:19:29 kiseki-storage-1 kiseki-server[9223]: 2026-05-07T19:19:29.990135Z  WARN kiseki_gateway::mem_gateway: gateway write: compositions.create failed error=namespace not found: NamespaceId(4378ad03-d3a7-57ab-a3cf-f7e27a5a147b)
May 07 19:19:29 kiseki-storage-1 kiseki-server[9223]: 2026-05-07T19:19:29.993208Z  WARN kiseki_gateway::mem_gateway: gateway write: compositions.create failed error=namespace not found: NamespaceId(4378ad03-d3a7-57ab-a3cf-f7e27a5a147b)
May 07 19:19:29 kiseki-storage-1 kiseki-server[9223]: 2026-05-07T19:19:29.998386Z  WARN kiseki_gateway::mem_gateway: gateway write: compositions.create failed error=namespace not found: NamespaceId(4378ad03-d3a7-57ab-a3cf-f7e27a5a147b)
May 07 19:19:29 kiseki-storage-1 kiseki-server[9223]: 2026-05-07T19:19:29.999574Z  WARN kiseki_gateway::mem_gateway: gateway write: compositions.create failed error=namespace not found: NamespaceId(4378ad03-d3a7-57ab-a3cf-f7e27a5a147b)
May 07 19:19:30 kiseki-storage-1 kiseki-server[9223]: 2026-05-07T19:19:30.002331Z  WARN kiseki_gateway::mem_gateway: gateway write: compositions.create failed error=namespace not found: NamespaceId(4378ad03-d3a7-57ab-a3cf-f7e27a5a147b)
May 07 19:19:30 kiseki-storage-1 kiseki-server[9223]: 2026-05-07T19:19:30.004548Z  WARN kiseki_gateway::mem_gateway: gateway write: compositions.create failed error=namespace not found: NamespaceId(4378ad03-d3a7-57ab-a3cf-f7e27a5a147b)
May 07 19:19:30 kiseki-storage-1 kiseki-server[9223]: 2026-05-07T19:19:30.010784Z  WARN kiseki_gateway::mem_gateway: gateway write: compositions.create failed error=namespace not found: NamespaceId(4378ad03-d3a7-57ab-a3cf-f7e27a5a147b)
May 07 19:19:30 kiseki-storage-1 kiseki-server[9223]: 2026-05-07T19:19:30.023044Z  WARN kiseki_gateway::mem_gateway: gateway write: compositions.create failed error=namespace not found: NamespaceId(4378ad03-d3a7-57ab-a3cf-f7e27a5a147b)
May 07 19:19:30 kiseki-storage-1 kiseki-server[9223]: 2026-05-07T19:19:30.034814Z  WARN kiseki_gateway::mem_gateway: gateway write: compositions.create failed error=namespace not found: NamespaceId(4378ad03-d3a7-57ab-a3cf-f7e27a5a147b)
May 07 19:19:30 kiseki-storage-1 kiseki-server[9223]: 2026-05-07T19:19:30.045992Z  WARN kiseki_gateway::mem_gateway: gateway write: compositions.create failed error=namespace not found: NamespaceId(4378ad03-d3a7-57ab-a3cf-f7e27a5a147b)
May 07 19:19:30 kiseki-storage-1 kiseki-server[9223]: 2026-05-07T19:19:30.058995Z  WARN kiseki_gateway::mem_gateway: gateway write: compositions.create failed error=namespace not found: NamespaceId(4378ad03-d3a7-57ab-a3cf-f7e27a5a147b)
May 07 19:19:30 kiseki-storage-1 kiseki-server[9223]: 2026-05-07T19:19:30.063040Z  WARN kiseki_gateway::mem_gateway: gateway write: compositions.create failed error=namespace not found: NamespaceId(4378ad03-d3a7-57ab-a3cf-f7e27a5a147b)
May 07 19:19:30 kiseki-storage-1 kiseki-server[9223]: 2026-05-07T19:19:30.068124Z  WARN kiseki_gateway::mem_gateway: gateway write: compositions.create failed error=namespace not found: NamespaceId(4378ad03-d3a7-57ab-a3cf-f7e27a5a147b)
May 07 19:19:30 kiseki-storage-1 kiseki-server[9223]: 2026-05-07T19:19:30.069247Z  WARN kiseki_gateway::mem_gateway: gateway write: compositions.create failed error=namespace not found: NamespaceId(4378ad03-d3a7-57ab-a3cf-f7e27a5a147b)
May 07 19:19:30 kiseki-storage-1 kiseki-server[9223]: 2026-05-07T19:19:30.873759Z  WARN kiseki_gateway::mem_gateway: gateway write: compositions.create failed error=namespace not found: NamespaceId(4378ad03-d3a7-57ab-a3cf-f7e27a5a147b)
May 07 19:19:30 kiseki-storage-1 kiseki-server[9223]: 2026-05-07T19:19:30.996001Z  WARN kiseki_gateway::mem_gateway: gateway write: compositions.create failed error=namespace not found: NamespaceId(4378ad03-d3a7-57ab-a3cf-f7e27a5a147b)
May 07 19:19:31 kiseki-storage-1 kiseki-server[9223]: 2026-05-07T19:19:31.029481Z  WARN kiseki_gateway::mem_gateway: gateway write: compositions.create failed error=namespace not found: NamespaceId(4378ad03-d3a7-57ab-a3cf-f7e27a5a147b)
May 07 19:19:31 kiseki-storage-1 kiseki-server[9223]: 2026-05-07T19:19:31.100136Z  WARN kiseki_gateway::mem_gateway: gateway write: compositions.create failed error=namespace not found: NamespaceId(4378ad03-d3a7-57ab-a3cf-f7e27a5a147b)
May 07 19:19:31 kiseki-storage-1 kiseki-server[9223]: 2026-05-07T19:19:31.290950Z  WARN kiseki_gateway::mem_gateway: gateway write: compositions.create failed error=namespace not found: NamespaceId(4378ad03-d3a7-57ab-a3cf-f7e27a5a147b)
May 07 19:19:31 kiseki-storage-1 kiseki-server[9223]: 2026-05-07T19:19:31.468813Z  WARN kiseki_gateway::mem_gateway: gateway write: compositions.create failed error=namespace not found: NamespaceId(4378ad03-d3a7-57ab-a3cf-f7e27a5a147b)
May 07 19:19:31 kiseki-storage-1 kiseki-server[9223]: 2026-05-07T19:19:31.573323Z  WARN kiseki_gateway::mem_gateway: gateway write: compositions.create failed error=namespace not found: NamespaceId(4378ad03-d3a7-57ab-a3cf-f7e27a5a147b)
May 07 19:19:31 kiseki-storage-1 kiseki-server[9223]: 2026-05-07T19:19:31.660776Z  WARN kiseki_gateway::mem_gateway: gateway write: compositions.create failed error=namespace not found: NamespaceId(4378ad03-d3a7-57ab-a3cf-f7e27a5a147b)
May 07 19:19:31 kiseki-storage-1 kiseki-server[9223]: 2026-05-07T19:19:31.710404Z  WARN kiseki_gateway::mem_gateway: gateway write: compositions.create failed error=namespace not found: NamespaceId(4378ad03-d3a7-57ab-a3cf-f7e27a5a147b)
May 07 19:19:31 kiseki-storage-1 kiseki-server[9223]: 2026-05-07T19:19:31.762054Z  WARN kiseki_gateway::mem_gateway: gateway write: compositions.create failed error=namespace not found: NamespaceId(4378ad03-d3a7-57ab-a3cf-f7e27a5a147b)
May 07 19:19:31 kiseki-storage-1 kiseki-server[9223]: 2026-05-07T19:19:31.768043Z  WARN kiseki_gateway::mem_gateway: gateway write: compositions.create failed error=namespace not found: NamespaceId(4378ad03-d3a7-57ab-a3cf-f7e27a5a147b)
May 07 19:19:31 kiseki-storage-1 kiseki-server[9223]: 2026-05-07T19:19:31.796749Z  WARN kiseki_gateway::mem_gateway: gateway write: compositions.create failed error=namespace not found: NamespaceId(4378ad03-d3a7-57ab-a3cf-f7e27a5a147b)
May 07 19:19:31 kiseki-storage-1 kiseki-server[9223]: 2026-05-07T19:19:31.812378Z  WARN kiseki_gateway::mem_gateway: gateway write: compositions.create failed error=namespace not found: NamespaceId(4378ad03-d3a7-57ab-a3cf-f7e27a5a147b)
May 07 19:19:31 kiseki-storage-1 kiseki-server[9223]: 2026-05-07T19:19:31.852824Z  WARN kiseki_gateway::mem_gateway: gateway write: compositions.create failed error=namespace not found: NamespaceId(4378ad03-d3a7-57ab-a3cf-f7e27a5a147b)
May 07 19:19:31 kiseki-storage-1 kiseki-server[9223]: 2026-05-07T19:19:31.863850Z  WARN kiseki_gateway::mem_gateway: gateway write: compositions.create failed error=namespace not found: NamespaceId(4378ad03-d3a7-57ab-a3cf-f7e27a5a147b)
May 07 19:19:31 kiseki-storage-1 kiseki-server[9223]: 2026-05-07T19:19:31.871692Z  WARN kiseki_gateway::mem_gateway: gateway write: compositions.create failed error=namespace not found: NamespaceId(4378ad03-d3a7-57ab-a3cf-f7e27a5a147b)
May 07 19:19:31 kiseki-storage-1 kiseki-server[9223]: 2026-05-07T19:19:31.894301Z  WARN kiseki_gateway::mem_gateway: gateway write: compositions.create failed error=namespace not found: NamespaceId(4378ad03-d3a7-57ab-a3cf-f7e27a5a147b)
May 07 19:19:31 kiseki-storage-1 kiseki-server[9223]: 2026-05-07T19:19:31.910174Z  WARN kiseki_gateway::mem_gateway: gateway write: compositions.create failed error=namespace not found: NamespaceId(4378ad03-d3a7-57ab-a3cf-f7e27a5a147b)
May 07 19:19:31 kiseki-storage-1 kiseki-server[9223]: 2026-05-07T19:19:31.915312Z  WARN kiseki_gateway::mem_gateway: gateway write: compositions.create failed error=namespace not found: NamespaceId(4378ad03-d3a7-57ab-a3cf-f7e27a5a147b)
May 07 19:19:31 kiseki-storage-1 kiseki-server[9223]: 2026-05-07T19:19:31.985961Z  WARN kiseki_gateway::mem_gateway: gateway write: compositions.create failed error=namespace not found: NamespaceId(4378ad03-d3a7-57ab-a3cf-f7e27a5a147b)
May 07 19:19:32 kiseki-storage-1 kiseki-server[9223]: 2026-05-07T19:19:32.007828Z  WARN kiseki_gateway::mem_gateway: gateway write: compositions.create failed error=namespace not found: NamespaceId(4378ad03-d3a7-57ab-a3cf-f7e27a5a147b)
May 07 19:19:32 kiseki-storage-1 kiseki-server[9223]: 2026-05-07T19:19:32.019975Z  WARN kiseki_gateway::mem_gateway: gateway write: compositions.create failed error=namespace not found: NamespaceId(4378ad03-d3a7-57ab-a3cf-f7e27a5a147b)
May 07 19:19:32 kiseki-storage-1 kiseki-server[9223]: 2026-05-07T19:19:32.106820Z  WARN kiseki_gateway::mem_gateway: gateway write: compositions.create failed error=namespace not found: NamespaceId(4378ad03-d3a7-57ab-a3cf-f7e27a5a147b)
May 07 19:19:32 kiseki-storage-1 kiseki-server[9223]: 2026-05-07T19:19:32.108436Z  WARN kiseki_gateway::mem_gateway: gateway write: compositions.create failed error=namespace not found: NamespaceId(4378ad03-d3a7-57ab-a3cf-f7e27a5a147b)
May 07 19:19:32 kiseki-storage-1 kiseki-server[9223]: 2026-05-07T19:19:32.131183Z  WARN kiseki_gateway::mem_gateway: gateway write: compositions.create failed error=namespace not found: NamespaceId(4378ad03-d3a7-57ab-a3cf-f7e27a5a147b)
May 07 19:19:32 kiseki-storage-1 kiseki-server[9223]: 2026-05-07T19:19:32.141934Z  WARN kiseki_gateway::mem_gateway: gateway write: compositions.create failed error=namespace not found: NamespaceId(4378ad03-d3a7-57ab-a3cf-f7e27a5a147b)
May 07 19:19:32 kiseki-storage-1 kiseki-server[9223]: 2026-05-07T19:19:32.153836Z  WARN kiseki_gateway::mem_gateway: gateway write: compositions.create failed error=namespace not found: NamespaceId(4378ad03-d3a7-57ab-a3cf-f7e27a5a147b)
May 07 19:19:32 kiseki-storage-1 kiseki-server[9223]: 2026-05-07T19:19:32.159291Z  WARN kiseki_gateway::mem_gateway: gateway write: compositions.create failed error=namespace not found: NamespaceId(4378ad03-d3a7-57ab-a3cf-f7e27a5a147b)
May 07 19:19:32 kiseki-storage-1 kiseki-server[9223]: 2026-05-07T19:19:32.234099Z  WARN kiseki_gateway::mem_gateway: gateway write: compositions.create failed error=namespace not found: NamespaceId(4378ad03-d3a7-57ab-a3cf-f7e27a5a147b)
May 07 19:19:32 kiseki-storage-1 kiseki-server[9223]: 2026-05-07T19:19:32.245382Z  WARN kiseki_gateway::mem_gateway: gateway write: compositions.create failed error=namespace not found: NamespaceId(4378ad03-d3a7-57ab-a3cf-f7e27a5a147b)
May 07 19:19:32 kiseki-storage-1 kiseki-server[9223]: 2026-05-07T19:19:32.262065Z  WARN kiseki_gateway::mem_gateway: gateway write: compositions.create failed error=namespace not found: NamespaceId(4378ad03-d3a7-57ab-a3cf-f7e27a5a147b)
May 07 19:19:32 kiseki-storage-1 kiseki-server[9223]: 2026-05-07T19:19:32.286522Z  WARN kiseki_gateway::mem_gateway: gateway write: compositions.create failed error=namespace not found: NamespaceId(4378ad03-d3a7-57ab-a3cf-f7e27a5a147b)
May 07 19:19:32 kiseki-storage-1 kiseki-server[9223]: 2026-05-07T19:19:32.312279Z  WARN kiseki_gateway::mem_gateway: gateway write: compositions.create failed error=namespace not found: NamespaceId(4378ad03-d3a7-57ab-a3cf-f7e27a5a147b)
May 07 19:19:32 kiseki-storage-1 kiseki-server[9223]: 2026-05-07T19:19:32.324294Z  WARN kiseki_gateway::mem_gateway: gateway write: compositions.create failed error=namespace not found: NamespaceId(4378ad03-d3a7-57ab-a3cf-f7e27a5a147b)
May 07 19:19:32 kiseki-storage-1 kiseki-server[9223]: 2026-05-07T19:19:32.342460Z  WARN kiseki_gateway::mem_gateway: gateway write: compositions.create failed error=namespace not found: NamespaceId(4378ad03-d3a7-57ab-a3cf-f7e27a5a147b)
May 07 19:19:32 kiseki-storage-1 kiseki-server[9223]: 2026-05-07T19:19:32.363268Z  WARN kiseki_gateway::mem_gateway: gateway write: compositions.create failed error=namespace not found: NamespaceId(4378ad03-d3a7-57ab-a3cf-f7e27a5a147b)
May 07 19:19:32 kiseki-storage-1 kiseki-server[9223]: 2026-05-07T19:19:32.371035Z  WARN kiseki_gateway::mem_gateway: gateway write: compositions.create failed error=namespace not found: NamespaceId(4378ad03-d3a7-57ab-a3cf-f7e27a5a147b)
May 07 19:19:32 kiseki-storage-1 kiseki-server[9223]: 2026-05-07T19:19:32.371112Z  WARN kiseki_gateway::mem_gateway: gateway write: compositions.create failed error=namespace not found: NamespaceId(4378ad03-d3a7-57ab-a3cf-f7e27a5a147b)
May 07 19:19:32 kiseki-storage-1 kiseki-server[9223]: 2026-05-07T19:19:32.419033Z  WARN kiseki_gateway::mem_gateway: gateway write: compositions.create failed error=namespace not found: NamespaceId(4378ad03-d3a7-57ab-a3cf-f7e27a5a147b)
May 07 19:19:32 kiseki-storage-1 kiseki-server[9223]: 2026-05-07T19:19:32.426051Z  WARN kiseki_gateway::mem_gateway: gateway write: compositions.create failed error=namespace not found: NamespaceId(4378ad03-d3a7-57ab-a3cf-f7e27a5a147b)
May 07 19:19:32 kiseki-storage-1 kiseki-server[9223]: 2026-05-07T19:19:32.445312Z  WARN kiseki_gateway::mem_gateway: gateway write: compositions.create failed error=namespace not found: NamespaceId(4378ad03-d3a7-57ab-a3cf-f7e27a5a147b)
May 07 19:19:32 kiseki-storage-1 kiseki-server[9223]: 2026-05-07T19:19:32.446093Z  WARN kiseki_gateway::mem_gateway: gateway write: compositions.create failed error=namespace not found: NamespaceId(4378ad03-d3a7-57ab-a3cf-f7e27a5a147b)
May 07 19:19:32 kiseki-storage-1 kiseki-server[9223]: 2026-05-07T19:19:32.447342Z  WARN kiseki_gateway::mem_gateway: gateway write: compositions.create failed error=namespace not found: NamespaceId(4378ad03-d3a7-57ab-a3cf-f7e27a5a147b)
May 07 19:19:32 kiseki-storage-1 kiseki-server[9223]: 2026-05-07T19:19:32.455780Z  WARN kiseki_gateway::mem_gateway: gateway write: compositions.create failed error=namespace not found: NamespaceId(4378ad03-d3a7-57ab-a3cf-f7e27a5a147b)
May 07 19:19:32 kiseki-storage-1 kiseki-server[9223]: 2026-05-07T19:19:32.462379Z  WARN kiseki_gateway::mem_gateway: gateway write: compositions.create failed error=namespace not found: NamespaceId(4378ad03-d3a7-57ab-a3cf-f7e27a5a147b)
May 07 19:19:32 kiseki-storage-1 kiseki-server[9223]: 2026-05-07T19:19:32.476671Z  WARN kiseki_gateway::mem_gateway: gateway write: compositions.create failed error=namespace not found: NamespaceId(4378ad03-d3a7-57ab-a3cf-f7e27a5a147b)
May 07 19:19:32 kiseki-storage-1 kiseki-server[9223]: 2026-05-07T19:19:32.492989Z  WARN kiseki_gateway::mem_gateway: gateway write: compositions.create failed error=namespace not found: NamespaceId(4378ad03-d3a7-57ab-a3cf-f7e27a5a147b)
May 07 19:19:32 kiseki-storage-1 kiseki-server[9223]: 2026-05-07T19:19:32.493314Z  WARN kiseki_gateway::mem_gateway: gateway write: compositions.create failed error=namespace not found: NamespaceId(4378ad03-d3a7-57ab-a3cf-f7e27a5a147b)
May 07 19:19:32 kiseki-storage-1 kiseki-server[9223]: 2026-05-07T19:19:32.529357Z  WARN kiseki_gateway::mem_gateway: gateway write: compositions.create failed error=namespace not found: NamespaceId(4378ad03-d3a7-57ab-a3cf-f7e27a5a147b)
May 07 19:19:32 kiseki-storage-1 kiseki-server[9223]: 2026-05-07T19:19:32.544019Z  WARN kiseki_gateway::mem_gateway: gateway write: compositions.create failed error=namespace not found: NamespaceId(4378ad03-d3a7-57ab-a3cf-f7e27a5a147b)
May 07 19:19:32 kiseki-storage-1 kiseki-server[9223]: 2026-05-07T19:19:32.569846Z  WARN kiseki_gateway::mem_gateway: gateway write: compositions.create failed error=namespace not found: NamespaceId(4378ad03-d3a7-57ab-a3cf-f7e27a5a147b)
May 07 19:19:32 kiseki-storage-1 kiseki-server[9223]: 2026-05-07T19:19:32.580182Z  WARN kiseki_gateway::mem_gateway: gateway write: compositions.create failed error=namespace not found: NamespaceId(4378ad03-d3a7-57ab-a3cf-f7e27a5a147b)
May 07 19:19:32 kiseki-storage-1 kiseki-server[9223]: 2026-05-07T19:19:32.584308Z  WARN kiseki_gateway::mem_gateway: gateway write: compositions.create failed error=namespace not found: NamespaceId(4378ad03-d3a7-57ab-a3cf-f7e27a5a147b)
May 07 19:19:32 kiseki-storage-1 kiseki-server[9223]: 2026-05-07T19:19:32.599421Z  WARN kiseki_gateway::mem_gateway: gateway write: compositions.create failed error=namespace not found: NamespaceId(4378ad03-d3a7-57ab-a3cf-f7e27a5a147b)
May 07 19:19:32 kiseki-storage-1 kiseki-server[9223]: 2026-05-07T19:19:32.601029Z  WARN kiseki_gateway::mem_gateway: gateway write: compositions.create failed error=namespace not found: NamespaceId(4378ad03-d3a7-57ab-a3cf-f7e27a5a147b)
May 07 19:19:32 kiseki-storage-1 kiseki-server[9223]: 2026-05-07T19:19:32.615325Z  WARN kiseki_gateway::mem_gateway: gateway write: compositions.create failed error=namespace not found: NamespaceId(4378ad03-d3a7-57ab-a3cf-f7e27a5a147b)
May 07 19:19:32 kiseki-storage-1 kiseki-server[9223]: 2026-05-07T19:19:32.618083Z  WARN kiseki_gateway::mem_gateway: gateway write: compositions.create failed error=namespace not found: NamespaceId(4378ad03-d3a7-57ab-a3cf-f7e27a5a147b)
May 07 19:19:32 kiseki-storage-1 kiseki-server[9223]: 2026-05-07T19:19:32.623105Z  WARN kiseki_gateway::mem_gateway: gateway write: compositions.create failed error=namespace not found: NamespaceId(4378ad03-d3a7-57ab-a3cf-f7e27a5a147b)
May 07 19:19:32 kiseki-storage-1 kiseki-server[9223]: 2026-05-07T19:19:32.635775Z  WARN kiseki_gateway::mem_gateway: gateway write: compositions.create failed error=namespace not found: NamespaceId(4378ad03-d3a7-57ab-a3cf-f7e27a5a147b)
May 07 19:19:32 kiseki-storage-1 kiseki-server[9223]: 2026-05-07T19:19:32.647446Z  WARN kiseki_gateway::mem_gateway: gateway write: compositions.create failed error=namespace not found: NamespaceId(4378ad03-d3a7-57ab-a3cf-f7e27a5a147b)
May 07 19:19:32 kiseki-storage-1 kiseki-server[9223]: 2026-05-07T19:19:32.656833Z  WARN kiseki_gateway::mem_gateway: gateway write: compositions.create failed error=namespace not found: NamespaceId(4378ad03-d3a7-57ab-a3cf-f7e27a5a147b)
May 07 19:19:32 kiseki-storage-1 kiseki-server[9223]: 2026-05-07T19:19:32.662799Z  WARN kiseki_gateway::mem_gateway: gateway write: compositions.create failed error=namespace not found: NamespaceId(4378ad03-d3a7-57ab-a3cf-f7e27a5a147b)
May 07 19:19:32 kiseki-storage-1 kiseki-server[9223]: 2026-05-07T19:19:32.701693Z  WARN kiseki_gateway::mem_gateway: gateway write: compositions.create failed error=namespace not found: NamespaceId(4378ad03-d3a7-57ab-a3cf-f7e27a5a147b)
May 07 19:19:32 kiseki-storage-1 kiseki-server[9223]: 2026-05-07T19:19:32.702097Z  WARN kiseki_gateway::mem_gateway: gateway write: compositions.create failed error=namespace not found: NamespaceId(4378ad03-d3a7-57ab-a3cf-f7e27a5a147b)
May 07 19:19:32 kiseki-storage-1 kiseki-server[9223]: 2026-05-07T19:19:32.707188Z  WARN kiseki_gateway::mem_gateway: gateway write: compositions.create failed error=namespace not found: NamespaceId(4378ad03-d3a7-57ab-a3cf-f7e27a5a147b)
May 07 19:19:32 kiseki-storage-1 kiseki-server[9223]: 2026-05-07T19:19:32.712263Z  WARN kiseki_gateway::mem_gateway: gateway write: compositions.create failed error=namespace not found: NamespaceId(4378ad03-d3a7-57ab-a3cf-f7e27a5a147b)
May 07 19:19:32 kiseki-storage-1 kiseki-server[9223]: 2026-05-07T19:19:32.712281Z  WARN kiseki_gateway::mem_gateway: gateway write: compositions.create failed error=namespace not found: NamespaceId(4378ad03-d3a7-57ab-a3cf-f7e27a5a147b)
May 07 19:19:32 kiseki-storage-1 kiseki-server[9223]: 2026-05-07T19:19:32.746052Z  WARN kiseki_gateway::mem_gateway: gateway write: compositions.create failed error=namespace not found: NamespaceId(4378ad03-d3a7-57ab-a3cf-f7e27a5a147b)
May 07 19:19:32 kiseki-storage-1 kiseki-server[9223]: 2026-05-07T19:19:32.746063Z  WARN kiseki_gateway::mem_gateway: gateway write: compositions.create failed error=namespace not found: NamespaceId(4378ad03-d3a7-57ab-a3cf-f7e27a5a147b)
May 07 19:19:32 kiseki-storage-1 kiseki-server[9223]: 2026-05-07T19:19:32.753638Z  WARN kiseki_gateway::mem_gateway: gateway write: compositions.create failed error=namespace not found: NamespaceId(4378ad03-d3a7-57ab-a3cf-f7e27a5a147b)
May 07 19:19:32 kiseki-storage-1 kiseki-server[9223]: 2026-05-07T19:19:32.772433Z  WARN kiseki_gateway::mem_gateway: gateway write: compositions.create failed error=namespace not found: NamespaceId(4378ad03-d3a7-57ab-a3cf-f7e27a5a147b)
May 07 19:19:32 kiseki-storage-1 kiseki-server[9223]: 2026-05-07T19:19:32.773222Z  WARN kiseki_gateway::mem_gateway: gateway write: compositions.create failed error=namespace not found: NamespaceId(4378ad03-d3a7-57ab-a3cf-f7e27a5a147b)
May 07 19:19:32 kiseki-storage-1 kiseki-server[9223]: 2026-05-07T19:19:32.773591Z  WARN kiseki_gateway::mem_gateway: gateway write: compositions.create failed error=namespace not found: NamespaceId(4378ad03-d3a7-57ab-a3cf-f7e27a5a147b)
May 07 19:19:32 kiseki-storage-1 kiseki-server[9223]: 2026-05-07T19:19:32.774145Z  WARN kiseki_gateway::mem_gateway: gateway write: compositions.create failed error=namespace not found: NamespaceId(4378ad03-d3a7-57ab-a3cf-f7e27a5a147b)
May 07 19:19:32 kiseki-storage-1 kiseki-server[9223]: 2026-05-07T19:19:32.780098Z  WARN kiseki_gateway::mem_gateway: gateway write: compositions.create failed error=namespace not found: NamespaceId(4378ad03-d3a7-57ab-a3cf-f7e27a5a147b)
May 07 19:19:32 kiseki-storage-1 kiseki-server[9223]: 2026-05-07T19:19:32.785704Z  WARN kiseki_gateway::mem_gateway: gateway write: compositions.create failed error=namespace not found: NamespaceId(4378ad03-d3a7-57ab-a3cf-f7e27a5a147b)
May 07 19:19:32 kiseki-storage-1 kiseki-server[9223]: 2026-05-07T19:19:32.800547Z  WARN kiseki_gateway::mem_gateway: gateway write: compositions.create failed error=namespace not found: NamespaceId(4378ad03-d3a7-57ab-a3cf-f7e27a5a147b)
May 07 19:19:32 kiseki-storage-1 kiseki-server[9223]: 2026-05-07T19:19:32.859315Z  WARN kiseki_gateway::mem_gateway: gateway write: compositions.create failed error=namespace not found: NamespaceId(4378ad03-d3a7-57ab-a3cf-f7e27a5a147b)
May 07 19:19:32 kiseki-storage-1 kiseki-server[9223]: 2026-05-07T19:19:32.866353Z  WARN kiseki_gateway::mem_gateway: gateway write: compositions.create failed error=namespace not found: NamespaceId(4378ad03-d3a7-57ab-a3cf-f7e27a5a147b)
May 07 19:19:32 kiseki-storage-1 kiseki-server[9223]: 2026-05-07T19:19:32.873785Z  WARN kiseki_gateway::mem_gateway: gateway write: compositions.create failed error=namespace not found: NamespaceId(4378ad03-d3a7-57ab-a3cf-f7e27a5a147b)
May 07 19:19:32 kiseki-storage-1 kiseki-server[9223]: 2026-05-07T19:19:32.879629Z  WARN kiseki_gateway::mem_gateway: gateway write: compositions.create failed error=namespace not found: NamespaceId(4378ad03-d3a7-57ab-a3cf-f7e27a5a147b)
May 07 19:19:32 kiseki-storage-1 kiseki-server[9223]: 2026-05-07T19:19:32.902062Z  WARN kiseki_gateway::mem_gateway: gateway write: compositions.create failed error=namespace not found: NamespaceId(4378ad03-d3a7-57ab-a3cf-f7e27a5a147b)
May 07 19:19:32 kiseki-storage-1 kiseki-server[9223]: 2026-05-07T19:19:32.911475Z  WARN kiseki_gateway::mem_gateway: gateway write: compositions.create failed error=namespace not found: NamespaceId(4378ad03-d3a7-57ab-a3cf-f7e27a5a147b)
May 07 19:19:32 kiseki-storage-1 kiseki-server[9223]: 2026-05-07T19:19:32.924129Z  WARN kiseki_gateway::mem_gateway: gateway write: compositions.create failed error=namespace not found: NamespaceId(4378ad03-d3a7-57ab-a3cf-f7e27a5a147b)
May 07 19:19:32 kiseki-storage-1 kiseki-server[9223]: 2026-05-07T19:19:32.935995Z  WARN kiseki_gateway::mem_gateway: gateway write: compositions.create failed error=namespace not found: NamespaceId(4378ad03-d3a7-57ab-a3cf-f7e27a5a147b)
May 07 19:19:32 kiseki-storage-1 kiseki-server[9223]: 2026-05-07T19:19:32.947036Z  WARN kiseki_gateway::mem_gateway: gateway write: compositions.create failed error=namespace not found: NamespaceId(4378ad03-d3a7-57ab-a3cf-f7e27a5a147b)
May 07 19:19:32 kiseki-storage-1 kiseki-server[9223]: 2026-05-07T19:19:32.947473Z  WARN kiseki_gateway::mem_gateway: gateway write: compositions.create failed error=namespace not found: NamespaceId(4378ad03-d3a7-57ab-a3cf-f7e27a5a147b)
May 07 19:19:32 kiseki-storage-1 kiseki-server[9223]: 2026-05-07T19:19:32.962747Z  WARN kiseki_gateway::mem_gateway: gateway write: compositions.create failed error=namespace not found: NamespaceId(4378ad03-d3a7-57ab-a3cf-f7e27a5a147b)
May 07 19:19:32 kiseki-storage-1 kiseki-server[9223]: 2026-05-07T19:19:32.966373Z  WARN kiseki_gateway::mem_gateway: gateway write: compositions.create failed error=namespace not found: NamespaceId(4378ad03-d3a7-57ab-a3cf-f7e27a5a147b)
May 07 19:19:32 kiseki-storage-1 kiseki-server[9223]: 2026-05-07T19:19:32.974786Z  WARN kiseki_gateway::mem_gateway: gateway write: compositions.create failed error=namespace not found: NamespaceId(4378ad03-d3a7-57ab-a3cf-f7e27a5a147b)
May 07 19:19:32 kiseki-storage-1 kiseki-server[9223]: 2026-05-07T19:19:32.992764Z  WARN kiseki_gateway::mem_gateway: gateway write: compositions.create failed error=namespace not found: NamespaceId(4378ad03-d3a7-57ab-a3cf-f7e27a5a147b)
May 07 19:19:33 kiseki-storage-1 kiseki-server[9223]: 2026-05-07T19:19:33.024558Z  WARN kiseki_gateway::mem_gateway: gateway write: compositions.create failed error=namespace not found: NamespaceId(4378ad03-d3a7-57ab-a3cf-f7e27a5a147b)
May 07 19:19:33 kiseki-storage-1 kiseki-server[9223]: 2026-05-07T19:19:33.028535Z  WARN kiseki_gateway::mem_gateway: gateway write: compositions.create failed error=namespace not found: NamespaceId(4378ad03-d3a7-57ab-a3cf-f7e27a5a147b)
May 07 19:19:33 kiseki-storage-1 kiseki-server[9223]: 2026-05-07T19:19:33.030003Z  WARN kiseki_gateway::mem_gateway: gateway write: compositions.create failed error=namespace not found: NamespaceId(4378ad03-d3a7-57ab-a3cf-f7e27a5a147b)
May 07 19:19:33 kiseki-storage-1 kiseki-server[9223]: 2026-05-07T19:19:33.037675Z  WARN kiseki_gateway::mem_gateway: gateway write: compositions.create failed error=namespace not found: NamespaceId(4378ad03-d3a7-57ab-a3cf-f7e27a5a147b)
May 07 19:19:33 kiseki-storage-1 kiseki-server[9223]: 2026-05-07T19:19:33.056701Z  WARN kiseki_gateway::mem_gateway: gateway write: compositions.create failed error=namespace not found: NamespaceId(4378ad03-d3a7-57ab-a3cf-f7e27a5a147b)
May 07 19:19:33 kiseki-storage-1 kiseki-server[9223]: 2026-05-07T19:19:33.062353Z  WARN kiseki_gateway::mem_gateway: gateway write: compositions.create failed error=namespace not found: NamespaceId(4378ad03-d3a7-57ab-a3cf-f7e27a5a147b)
May 07 19:19:33 kiseki-storage-1 kiseki-server[9223]: 2026-05-07T19:19:33.063582Z  WARN kiseki_gateway::mem_gateway: gateway write: compositions.create failed error=namespace not found: NamespaceId(4378ad03-d3a7-57ab-a3cf-f7e27a5a147b)
May 07 19:19:33 kiseki-storage-1 kiseki-server[9223]: 2026-05-07T19:19:33.077874Z  WARN kiseki_gateway::mem_gateway: gateway write: compositions.create failed error=namespace not found: NamespaceId(4378ad03-d3a7-57ab-a3cf-f7e27a5a147b)
May 07 19:19:33 kiseki-storage-1 kiseki-server[9223]: 2026-05-07T19:19:33.081208Z  WARN kiseki_gateway::mem_gateway: gateway write: compositions.create failed error=namespace not found: NamespaceId(4378ad03-d3a7-57ab-a3cf-f7e27a5a147b)
May 07 19:19:33 kiseki-storage-1 kiseki-server[9223]: 2026-05-07T19:19:33.091305Z  WARN kiseki_gateway::mem_gateway: gateway write: compositions.create failed error=namespace not found: NamespaceId(4378ad03-d3a7-57ab-a3cf-f7e27a5a147b)
May 07 19:19:33 kiseki-storage-1 kiseki-server[9223]: 2026-05-07T19:19:33.093517Z  WARN kiseki_gateway::mem_gateway: gateway write: compositions.create failed error=namespace not found: NamespaceId(4378ad03-d3a7-57ab-a3cf-f7e27a5a147b)
May 07 19:19:33 kiseki-storage-1 kiseki-server[9223]: 2026-05-07T19:19:33.105162Z  WARN kiseki_gateway::mem_gateway: gateway write: compositions.create failed error=namespace not found: NamespaceId(4378ad03-d3a7-57ab-a3cf-f7e27a5a147b)
May 07 19:19:33 kiseki-storage-1 kiseki-server[9223]: 2026-05-07T19:19:33.108098Z  WARN kiseki_gateway::mem_gateway: gateway write: compositions.create failed error=namespace not found: NamespaceId(4378ad03-d3a7-57ab-a3cf-f7e27a5a147b)
May 07 19:19:33 kiseki-storage-1 kiseki-server[9223]: 2026-05-07T19:19:33.121295Z  WARN kiseki_gateway::mem_gateway: gateway write: compositions.create failed error=namespace not found: NamespaceId(4378ad03-d3a7-57ab-a3cf-f7e27a5a147b)
May 07 19:19:33 kiseki-storage-1 kiseki-server[9223]: 2026-05-07T19:19:33.122646Z  WARN kiseki_gateway::mem_gateway: gateway write: compositions.create failed error=namespace not found: NamespaceId(4378ad03-d3a7-57ab-a3cf-f7e27a5a147b)
May 07 19:19:33 kiseki-storage-1 kiseki-server[9223]: 2026-05-07T19:19:33.139671Z  WARN kiseki_gateway::mem_gateway: gateway write: compositions.create failed error=namespace not found: NamespaceId(4378ad03-d3a7-57ab-a3cf-f7e27a5a147b)
May 07 19:19:33 kiseki-storage-1 kiseki-server[9223]: 2026-05-07T19:19:33.141607Z  WARN kiseki_gateway::mem_gateway: gateway write: compositions.create failed error=namespace not found: NamespaceId(4378ad03-d3a7-57ab-a3cf-f7e27a5a147b)
May 07 19:19:33 kiseki-storage-1 kiseki-server[9223]: 2026-05-07T19:19:33.147882Z  WARN kiseki_gateway::mem_gateway: gateway write: compositions.create failed error=namespace not found: NamespaceId(4378ad03-d3a7-57ab-a3cf-f7e27a5a147b)
May 07 19:19:33 kiseki-storage-1 kiseki-server[9223]: 2026-05-07T19:19:33.148699Z  WARN kiseki_gateway::mem_gateway: gateway write: compositions.create failed error=namespace not found: NamespaceId(4378ad03-d3a7-57ab-a3cf-f7e27a5a147b)
May 07 19:19:33 kiseki-storage-1 kiseki-server[9223]: 2026-05-07T19:19:33.155320Z  WARN kiseki_gateway::mem_gateway: gateway write: compositions.create failed error=namespace not found: NamespaceId(4378ad03-d3a7-57ab-a3cf-f7e27a5a147b)
May 07 19:19:33 kiseki-storage-1 kiseki-server[9223]: 2026-05-07T19:19:33.161306Z  WARN kiseki_gateway::mem_gateway: gateway write: compositions.create failed error=namespace not found: NamespaceId(4378ad03-d3a7-57ab-a3cf-f7e27a5a147b)
May 07 19:19:33 kiseki-storage-1 kiseki-server[9223]: 2026-05-07T19:19:33.162891Z  WARN kiseki_gateway::mem_gateway: gateway write: compositions.create failed error=namespace not found: NamespaceId(4378ad03-d3a7-57ab-a3cf-f7e27a5a147b)
May 07 19:19:33 kiseki-storage-1 kiseki-server[9223]: 2026-05-07T19:19:33.187141Z  WARN kiseki_gateway::mem_gateway: gateway write: compositions.create failed error=namespace not found: NamespaceId(4378ad03-d3a7-57ab-a3cf-f7e27a5a147b)
May 07 19:19:33 kiseki-storage-1 kiseki-server[9223]: 2026-05-07T19:19:33.200361Z  WARN kiseki_gateway::mem_gateway: gateway write: compositions.create failed error=namespace not found: NamespaceId(4378ad03-d3a7-57ab-a3cf-f7e27a5a147b)
May 07 19:19:33 kiseki-storage-1 kiseki-server[9223]: 2026-05-07T19:19:33.209679Z  WARN kiseki_gateway::mem_gateway: gateway write: compositions.create failed error=namespace not found: NamespaceId(4378ad03-d3a7-57ab-a3cf-f7e27a5a147b)
May 07 19:19:33 kiseki-storage-1 kiseki-server[9223]: 2026-05-07T19:19:33.212592Z  WARN kiseki_gateway::mem_gateway: gateway write: compositions.create failed error=namespace not found: NamespaceId(4378ad03-d3a7-57ab-a3cf-f7e27a5a147b)
May 07 19:19:33 kiseki-storage-1 kiseki-server[9223]: 2026-05-07T19:19:33.229054Z  WARN kiseki_gateway::mem_gateway: gateway write: compositions.create failed error=namespace not found: NamespaceId(4378ad03-d3a7-57ab-a3cf-f7e27a5a147b)
May 07 19:19:33 kiseki-storage-1 kiseki-server[9223]: 2026-05-07T19:19:33.234232Z  WARN kiseki_gateway::mem_gateway: gateway write: compositions.create failed error=namespace not found: NamespaceId(4378ad03-d3a7-57ab-a3cf-f7e27a5a147b)
May 07 19:19:33 kiseki-storage-1 kiseki-server[9223]: 2026-05-07T19:19:33.235775Z  WARN kiseki_gateway::mem_gateway: gateway write: compositions.create failed error=namespace not found: NamespaceId(4378ad03-d3a7-57ab-a3cf-f7e27a5a147b)
May 07 19:19:33 kiseki-storage-1 kiseki-server[9223]: 2026-05-07T19:19:33.241177Z  WARN kiseki_gateway::mem_gateway: gateway write: compositions.create failed error=namespace not found: NamespaceId(4378ad03-d3a7-57ab-a3cf-f7e27a5a147b)
May 07 19:19:33 kiseki-storage-1 kiseki-server[9223]: 2026-05-07T19:19:33.258347Z  WARN kiseki_gateway::mem_gateway: gateway write: compositions.create failed error=namespace not found: NamespaceId(4378ad03-d3a7-57ab-a3cf-f7e27a5a147b)
May 07 19:19:33 kiseki-storage-1 kiseki-server[9223]: 2026-05-07T19:19:33.264877Z  WARN kiseki_gateway::mem_gateway: gateway write: compositions.create failed error=namespace not found: NamespaceId(4378ad03-d3a7-57ab-a3cf-f7e27a5a147b)
May 07 19:19:33 kiseki-storage-1 kiseki-server[9223]: 2026-05-07T19:19:33.306266Z  WARN kiseki_gateway::mem_gateway: gateway write: compositions.create failed error=namespace not found: NamespaceId(4378ad03-d3a7-57ab-a3cf-f7e27a5a147b)
May 07 19:19:33 kiseki-storage-1 kiseki-server[9223]: 2026-05-07T19:19:33.315170Z  WARN kiseki_gateway::mem_gateway: gateway write: compositions.create failed error=namespace not found: NamespaceId(4378ad03-d3a7-57ab-a3cf-f7e27a5a147b)
May 07 19:19:33 kiseki-storage-1 kiseki-server[9223]: 2026-05-07T19:19:33.323785Z  WARN kiseki_gateway::mem_gateway: gateway write: compositions.create failed error=namespace not found: NamespaceId(4378ad03-d3a7-57ab-a3cf-f7e27a5a147b)
May 07 19:19:33 kiseki-storage-1 kiseki-server[9223]: 2026-05-07T19:19:33.331725Z  WARN kiseki_gateway::mem_gateway: gateway write: compositions.create failed error=namespace not found: NamespaceId(4378ad03-d3a7-57ab-a3cf-f7e27a5a147b)
May 07 19:19:33 kiseki-storage-1 kiseki-server[9223]: 2026-05-07T19:19:33.340094Z  WARN kiseki_gateway::mem_gateway: gateway write: compositions.create failed error=namespace not found: NamespaceId(4378ad03-d3a7-57ab-a3cf-f7e27a5a147b)
May 07 19:19:33 kiseki-storage-1 kiseki-server[9223]: 2026-05-07T19:19:33.349674Z  WARN kiseki_gateway::mem_gateway: gateway write: compositions.create failed error=namespace not found: NamespaceId(4378ad03-d3a7-57ab-a3cf-f7e27a5a147b)
May 07 19:19:33 kiseki-storage-1 kiseki-server[9223]: 2026-05-07T19:19:33.352301Z  WARN kiseki_gateway::mem_gateway: gateway write: compositions.create failed error=namespace not found: NamespaceId(4378ad03-d3a7-57ab-a3cf-f7e27a5a147b)
May 07 19:19:33 kiseki-storage-1 kiseki-server[9223]: 2026-05-07T19:19:33.353520Z  WARN kiseki_gateway::mem_gateway: gateway write: compositions.create failed error=namespace not found: NamespaceId(4378ad03-d3a7-57ab-a3cf-f7e27a5a147b)
May 07 19:19:33 kiseki-storage-1 kiseki-server[9223]: 2026-05-07T19:19:33.387958Z  WARN kiseki_gateway::mem_gateway: gateway write: compositions.create failed error=namespace not found: NamespaceId(4378ad03-d3a7-57ab-a3cf-f7e27a5a147b)
May 07 19:19:33 kiseki-storage-1 kiseki-server[9223]: 2026-05-07T19:19:33.395217Z  WARN kiseki_gateway::mem_gateway: gateway write: compositions.create failed error=namespace not found: NamespaceId(4378ad03-d3a7-57ab-a3cf-f7e27a5a147b)
May 07 19:19:33 kiseki-storage-1 kiseki-server[9223]: 2026-05-07T19:19:33.399816Z  WARN kiseki_gateway::mem_gateway: gateway write: compositions.create failed error=namespace not found: NamespaceId(4378ad03-d3a7-57ab-a3cf-f7e27a5a147b)
May 07 19:19:33 kiseki-storage-1 kiseki-server[9223]: 2026-05-07T19:19:33.401650Z  WARN kiseki_gateway::mem_gateway: gateway write: compositions.create failed error=namespace not found: NamespaceId(4378ad03-d3a7-57ab-a3cf-f7e27a5a147b)
May 07 19:19:33 kiseki-storage-1 kiseki-server[9223]: 2026-05-07T19:19:33.408441Z  WARN kiseki_gateway::mem_gateway: gateway write: compositions.create failed error=namespace not found: NamespaceId(4378ad03-d3a7-57ab-a3cf-f7e27a5a147b)
May 07 19:19:33 kiseki-storage-1 kiseki-server[9223]: 2026-05-07T19:19:33.419806Z  WARN kiseki_gateway::mem_gateway: gateway write: compositions.create failed error=namespace not found: NamespaceId(4378ad03-d3a7-57ab-a3cf-f7e27a5a147b)
May 07 19:19:33 kiseki-storage-1 kiseki-server[9223]: 2026-05-07T19:19:33.421755Z  WARN kiseki_gateway::mem_gateway: gateway write: compositions.create failed error=namespace not found: NamespaceId(4378ad03-d3a7-57ab-a3cf-f7e27a5a147b)
May 07 19:19:33 kiseki-storage-1 kiseki-server[9223]: 2026-05-07T19:19:33.423538Z  WARN kiseki_gateway::mem_gateway: gateway write: compositions.create failed error=namespace not found: NamespaceId(4378ad03-d3a7-57ab-a3cf-f7e27a5a147b)
May 07 19:19:33 kiseki-storage-1 kiseki-server[9223]: 2026-05-07T19:19:33.439525Z  WARN kiseki_gateway::mem_gateway: gateway write: compositions.create failed error=namespace not found: NamespaceId(4378ad03-d3a7-57ab-a3cf-f7e27a5a147b)
May 07 19:19:33 kiseki-storage-1 kiseki-server[9223]: 2026-05-07T19:19:33.453928Z  WARN kiseki_gateway::mem_gateway: gateway write: compositions.create failed error=namespace not found: NamespaceId(4378ad03-d3a7-57ab-a3cf-f7e27a5a147b)
May 07 19:19:33 kiseki-storage-1 kiseki-server[9223]: 2026-05-07T19:19:33.474383Z  WARN kiseki_gateway::mem_gateway: gateway write: compositions.create failed error=namespace not found: NamespaceId(4378ad03-d3a7-57ab-a3cf-f7e27a5a147b)
May 07 19:19:33 kiseki-storage-1 kiseki-server[9223]: 2026-05-07T19:19:33.477055Z  WARN kiseki_gateway::mem_gateway: gateway write: compositions.create failed error=namespace not found: NamespaceId(4378ad03-d3a7-57ab-a3cf-f7e27a5a147b)
May 07 19:19:33 kiseki-storage-1 kiseki-server[9223]: 2026-05-07T19:19:33.480054Z  WARN kiseki_gateway::mem_gateway: gateway write: compositions.create failed error=namespace not found: NamespaceId(4378ad03-d3a7-57ab-a3cf-f7e27a5a147b)
May 07 19:19:33 kiseki-storage-1 kiseki-server[9223]: 2026-05-07T19:19:33.490503Z  WARN kiseki_gateway::mem_gateway: gateway write: compositions.create failed error=namespace not found: NamespaceId(4378ad03-d3a7-57ab-a3cf-f7e27a5a147b)
May 07 19:19:33 kiseki-storage-1 kiseki-server[9223]: 2026-05-07T19:19:33.501092Z  WARN kiseki_gateway::mem_gateway: gateway write: compositions.create failed error=namespace not found: NamespaceId(4378ad03-d3a7-57ab-a3cf-f7e27a5a147b)
May 07 19:19:33 kiseki-storage-1 kiseki-server[9223]: 2026-05-07T19:19:33.507243Z  WARN kiseki_gateway::mem_gateway: gateway write: compositions.create failed error=namespace not found: NamespaceId(4378ad03-d3a7-57ab-a3cf-f7e27a5a147b)
May 07 19:19:33 kiseki-storage-1 kiseki-server[9223]: 2026-05-07T19:19:33.559308Z  WARN kiseki_gateway::mem_gateway: gateway write: compositions.create failed error=namespace not found: NamespaceId(4378ad03-d3a7-57ab-a3cf-f7e27a5a147b)
May 07 19:19:33 kiseki-storage-1 kiseki-server[9223]: 2026-05-07T19:19:33.563387Z  WARN kiseki_gateway::mem_gateway: gateway write: compositions.create failed error=namespace not found: NamespaceId(4378ad03-d3a7-57ab-a3cf-f7e27a5a147b)
May 07 19:19:33 kiseki-storage-1 kiseki-server[9223]: 2026-05-07T19:19:33.575209Z  WARN kiseki_gateway::mem_gateway: gateway write: compositions.create failed error=namespace not found: NamespaceId(4378ad03-d3a7-57ab-a3cf-f7e27a5a147b)
May 07 19:19:33 kiseki-storage-1 kiseki-server[9223]: 2026-05-07T19:19:33.584237Z  WARN kiseki_gateway::mem_gateway: gateway write: compositions.create failed error=namespace not found: NamespaceId(4378ad03-d3a7-57ab-a3cf-f7e27a5a147b)
May 07 19:19:33 kiseki-storage-1 kiseki-server[9223]: 2026-05-07T19:19:33.586541Z  WARN kiseki_gateway::mem_gateway: gateway write: compositions.create failed error=namespace not found: NamespaceId(4378ad03-d3a7-57ab-a3cf-f7e27a5a147b)
May 07 19:19:33 kiseki-storage-1 kiseki-server[9223]: 2026-05-07T19:19:33.588157Z  WARN kiseki_gateway::mem_gateway: gateway write: compositions.create failed error=namespace not found: NamespaceId(4378ad03-d3a7-57ab-a3cf-f7e27a5a147b)
May 07 19:19:33 kiseki-storage-1 kiseki-server[9223]: 2026-05-07T19:19:33.597579Z  WARN kiseki_gateway::mem_gateway: gateway write: compositions.create failed error=namespace not found: NamespaceId(4378ad03-d3a7-57ab-a3cf-f7e27a5a147b)
May 07 19:19:33 kiseki-storage-1 kiseki-server[9223]: 2026-05-07T19:19:33.599672Z  WARN kiseki_gateway::mem_gateway: gateway write: compositions.create failed error=namespace not found: NamespaceId(4378ad03-d3a7-57ab-a3cf-f7e27a5a147b)
May 07 19:19:33 kiseki-storage-1 kiseki-server[9223]: 2026-05-07T19:19:33.601617Z  WARN kiseki_gateway::mem_gateway: gateway write: compositions.create failed error=namespace not found: NamespaceId(4378ad03-d3a7-57ab-a3cf-f7e27a5a147b)
May 07 19:19:33 kiseki-storage-1 kiseki-server[9223]: 2026-05-07T19:19:33.604653Z  WARN kiseki_gateway::mem_gateway: gateway write: compositions.create failed error=namespace not found: NamespaceId(4378ad03-d3a7-57ab-a3cf-f7e27a5a147b)
May 07 19:19:33 kiseki-storage-1 kiseki-server[9223]: 2026-05-07T19:19:33.608923Z  WARN kiseki_gateway::mem_gateway: gateway write: compositions.create failed error=namespace not found: NamespaceId(4378ad03-d3a7-57ab-a3cf-f7e27a5a147b)
May 07 19:19:33 kiseki-storage-1 kiseki-server[9223]: 2026-05-07T19:19:33.611749Z  WARN kiseki_gateway::mem_gateway: gateway write: compositions.create failed error=namespace not found: NamespaceId(4378ad03-d3a7-57ab-a3cf-f7e27a5a147b)
May 07 19:19:33 kiseki-storage-1 kiseki-server[9223]: 2026-05-07T19:19:33.626095Z  WARN kiseki_gateway::mem_gateway: gateway write: compositions.create failed error=namespace not found: NamespaceId(4378ad03-d3a7-57ab-a3cf-f7e27a5a147b)
May 07 19:19:33 kiseki-storage-1 kiseki-server[9223]: 2026-05-07T19:19:33.654165Z  WARN kiseki_gateway::mem_gateway: gateway write: compositions.create failed error=namespace not found: NamespaceId(4378ad03-d3a7-57ab-a3cf-f7e27a5a147b)
May 07 19:19:33 kiseki-storage-1 kiseki-server[9223]: 2026-05-07T19:19:33.668773Z  WARN kiseki_gateway::mem_gateway: gateway write: compositions.create failed error=namespace not found: NamespaceId(4378ad03-d3a7-57ab-a3cf-f7e27a5a147b)
May 07 19:19:33 kiseki-storage-1 kiseki-server[9223]: 2026-05-07T19:19:33.671684Z  WARN kiseki_gateway::mem_gateway: gateway write: compositions.create failed error=namespace not found: NamespaceId(4378ad03-d3a7-57ab-a3cf-f7e27a5a147b)
May 07 19:19:33 kiseki-storage-1 kiseki-server[9223]: 2026-05-07T19:19:33.671722Z  WARN kiseki_gateway::mem_gateway: gateway write: compositions.create failed error=namespace not found: NamespaceId(4378ad03-d3a7-57ab-a3cf-f7e27a5a147b)
May 07 19:19:33 kiseki-storage-1 kiseki-server[9223]: 2026-05-07T19:19:33.672965Z  WARN kiseki_gateway::mem_gateway: gateway write: compositions.create failed error=namespace not found: NamespaceId(4378ad03-d3a7-57ab-a3cf-f7e27a5a147b)
May 07 19:19:33 kiseki-storage-1 kiseki-server[9223]: 2026-05-07T19:19:33.674103Z  WARN kiseki_gateway::mem_gateway: gateway write: compositions.create failed error=namespace not found: NamespaceId(4378ad03-d3a7-57ab-a3cf-f7e27a5a147b)
May 07 19:19:33 kiseki-storage-1 kiseki-server[9223]: 2026-05-07T19:19:33.677249Z  WARN kiseki_gateway::mem_gateway: gateway write: compositions.create failed error=namespace not found: NamespaceId(4378ad03-d3a7-57ab-a3cf-f7e27a5a147b)
May 07 19:19:33 kiseki-storage-1 kiseki-server[9223]: 2026-05-07T19:19:33.696483Z  WARN kiseki_gateway::mem_gateway: gateway write: compositions.create failed error=namespace not found: NamespaceId(4378ad03-d3a7-57ab-a3cf-f7e27a5a147b)
May 07 19:19:33 kiseki-storage-1 kiseki-server[9223]: 2026-05-07T19:19:33.697114Z  WARN kiseki_gateway::mem_gateway: gateway write: compositions.create failed error=namespace not found: NamespaceId(4378ad03-d3a7-57ab-a3cf-f7e27a5a147b)
May 07 19:19:33 kiseki-storage-1 kiseki-server[9223]: 2026-05-07T19:19:33.717579Z  WARN kiseki_gateway::mem_gateway: gateway write: compositions.create failed error=namespace not found: NamespaceId(4378ad03-d3a7-57ab-a3cf-f7e27a5a147b)
May 07 19:19:33 kiseki-storage-1 kiseki-server[9223]: 2026-05-07T19:19:33.722887Z  WARN kiseki_gateway::mem_gateway: gateway write: compositions.create failed error=namespace not found: NamespaceId(4378ad03-d3a7-57ab-a3cf-f7e27a5a147b)
May 07 19:19:33 kiseki-storage-1 kiseki-server[9223]: 2026-05-07T19:19:33.727802Z  WARN kiseki_gateway::mem_gateway: gateway write: compositions.create failed error=namespace not found: NamespaceId(4378ad03-d3a7-57ab-a3cf-f7e27a5a147b)
May 07 19:19:33 kiseki-storage-1 kiseki-server[9223]: 2026-05-07T19:19:33.749045Z  WARN kiseki_gateway::mem_gateway: gateway write: compositions.create failed error=namespace not found: NamespaceId(4378ad03-d3a7-57ab-a3cf-f7e27a5a147b)
May 07 19:19:33 kiseki-storage-1 kiseki-server[9223]: 2026-05-07T19:19:33.749294Z  WARN kiseki_gateway::mem_gateway: gateway write: compositions.create failed error=namespace not found: NamespaceId(4378ad03-d3a7-57ab-a3cf-f7e27a5a147b)
May 07 19:19:33 kiseki-storage-1 kiseki-server[9223]: 2026-05-07T19:19:33.750564Z  WARN kiseki_gateway::mem_gateway: gateway write: compositions.create failed error=namespace not found: NamespaceId(4378ad03-d3a7-57ab-a3cf-f7e27a5a147b)
May 07 19:19:33 kiseki-storage-1 kiseki-server[9223]: 2026-05-07T19:19:33.754812Z  WARN kiseki_gateway::mem_gateway: gateway write: compositions.create failed error=namespace not found: NamespaceId(4378ad03-d3a7-57ab-a3cf-f7e27a5a147b)
May 07 19:19:33 kiseki-storage-1 kiseki-server[9223]: 2026-05-07T19:19:33.804999Z  WARN kiseki_gateway::mem_gateway: gateway write: compositions.create failed error=namespace not found: NamespaceId(4378ad03-d3a7-57ab-a3cf-f7e27a5a147b)
May 07 19:19:33 kiseki-storage-1 kiseki-server[9223]: 2026-05-07T19:19:33.820112Z  WARN kiseki_gateway::mem_gateway: gateway write: compositions.create failed error=namespace not found: NamespaceId(4378ad03-d3a7-57ab-a3cf-f7e27a5a147b)
May 07 19:19:33 kiseki-storage-1 kiseki-server[9223]: 2026-05-07T19:19:33.829236Z  WARN kiseki_gateway::mem_gateway: gateway write: compositions.create failed error=namespace not found: NamespaceId(4378ad03-d3a7-57ab-a3cf-f7e27a5a147b)
May 07 19:19:33 kiseki-storage-1 kiseki-server[9223]: 2026-05-07T19:19:33.832712Z  WARN kiseki_gateway::mem_gateway: gateway write: compositions.create failed error=namespace not found: NamespaceId(4378ad03-d3a7-57ab-a3cf-f7e27a5a147b)
May 07 19:19:33 kiseki-storage-1 kiseki-server[9223]: 2026-05-07T19:19:33.834897Z  WARN kiseki_gateway::mem_gateway: gateway write: compositions.create failed error=namespace not found: NamespaceId(4378ad03-d3a7-57ab-a3cf-f7e27a5a147b)
May 07 19:19:33 kiseki-storage-1 kiseki-server[9223]: 2026-05-07T19:19:33.843104Z  WARN kiseki_gateway::mem_gateway: gateway write: compositions.create failed error=namespace not found: NamespaceId(4378ad03-d3a7-57ab-a3cf-f7e27a5a147b)
May 07 19:19:33 kiseki-storage-1 kiseki-server[9223]: 2026-05-07T19:19:33.845606Z  WARN kiseki_gateway::mem_gateway: gateway write: compositions.create failed error=namespace not found: NamespaceId(4378ad03-d3a7-57ab-a3cf-f7e27a5a147b)
May 07 19:19:33 kiseki-storage-1 kiseki-server[9223]: 2026-05-07T19:19:33.846522Z  WARN kiseki_gateway::mem_gateway: gateway write: compositions.create failed error=namespace not found: NamespaceId(4378ad03-d3a7-57ab-a3cf-f7e27a5a147b)
May 07 19:19:33 kiseki-storage-1 kiseki-server[9223]: 2026-05-07T19:19:33.849639Z  WARN kiseki_gateway::mem_gateway: gateway write: compositions.create failed error=namespace not found: NamespaceId(4378ad03-d3a7-57ab-a3cf-f7e27a5a147b)
May 07 19:19:33 kiseki-storage-1 kiseki-server[9223]: 2026-05-07T19:19:33.877266Z  WARN kiseki_gateway::mem_gateway: gateway write: compositions.create failed error=namespace not found: NamespaceId(4378ad03-d3a7-57ab-a3cf-f7e27a5a147b)
May 07 19:19:33 kiseki-storage-1 kiseki-server[9223]: 2026-05-07T19:19:33.917680Z  WARN kiseki_gateway::mem_gateway: gateway write: compositions.create failed error=namespace not found: NamespaceId(4378ad03-d3a7-57ab-a3cf-f7e27a5a147b)
May 07 19:19:33 kiseki-storage-1 kiseki-server[9223]: 2026-05-07T19:19:33.920103Z  WARN kiseki_gateway::mem_gateway: gateway write: compositions.create failed error=namespace not found: NamespaceId(4378ad03-d3a7-57ab-a3cf-f7e27a5a147b)
May 07 19:19:33 kiseki-storage-1 kiseki-server[9223]: 2026-05-07T19:19:33.926315Z  WARN kiseki_gateway::mem_gateway: gateway write: compositions.create failed error=namespace not found: NamespaceId(4378ad03-d3a7-57ab-a3cf-f7e27a5a147b)
May 07 19:19:33 kiseki-storage-1 kiseki-server[9223]: 2026-05-07T19:19:33.928482Z  WARN kiseki_gateway::mem_gateway: gateway write: compositions.create failed error=namespace not found: NamespaceId(4378ad03-d3a7-57ab-a3cf-f7e27a5a147b)
May 07 19:19:33 kiseki-storage-1 kiseki-server[9223]: 2026-05-07T19:19:33.931721Z  WARN kiseki_gateway::mem_gateway: gateway write: compositions.create failed error=namespace not found: NamespaceId(4378ad03-d3a7-57ab-a3cf-f7e27a5a147b)
May 07 19:19:33 kiseki-storage-1 kiseki-server[9223]: 2026-05-07T19:19:33.932805Z  WARN kiseki_gateway::mem_gateway: gateway write: compositions.create failed error=namespace not found: NamespaceId(4378ad03-d3a7-57ab-a3cf-f7e27a5a147b)
May 07 19:19:33 kiseki-storage-1 kiseki-server[9223]: 2026-05-07T19:19:33.935061Z  WARN kiseki_gateway::mem_gateway: gateway write: compositions.create failed error=namespace not found: NamespaceId(4378ad03-d3a7-57ab-a3cf-f7e27a5a147b)
May 07 19:19:33 kiseki-storage-1 kiseki-server[9223]: 2026-05-07T19:19:33.939807Z  WARN kiseki_gateway::mem_gateway: gateway write: compositions.create failed error=namespace not found: NamespaceId(4378ad03-d3a7-57ab-a3cf-f7e27a5a147b)
May 07 19:19:33 kiseki-storage-1 kiseki-server[9223]: 2026-05-07T19:19:33.948533Z  WARN kiseki_gateway::mem_gateway: gateway write: compositions.create failed error=namespace not found: NamespaceId(4378ad03-d3a7-57ab-a3cf-f7e27a5a147b)
May 07 19:19:33 kiseki-storage-1 kiseki-server[9223]: 2026-05-07T19:19:33.974088Z  WARN kiseki_gateway::mem_gateway: gateway write: compositions.create failed error=namespace not found: NamespaceId(4378ad03-d3a7-57ab-a3cf-f7e27a5a147b)
May 07 19:19:33 kiseki-storage-1 kiseki-server[9223]: 2026-05-07T19:19:33.977564Z  WARN kiseki_gateway::mem_gateway: gateway write: compositions.create failed error=namespace not found: NamespaceId(4378ad03-d3a7-57ab-a3cf-f7e27a5a147b)
May 07 19:19:33 kiseki-storage-1 kiseki-server[9223]: 2026-05-07T19:19:33.992838Z  WARN kiseki_gateway::mem_gateway: gateway write: compositions.create failed error=namespace not found: NamespaceId(4378ad03-d3a7-57ab-a3cf-f7e27a5a147b)
May 07 19:19:33 kiseki-storage-1 kiseki-server[9223]: 2026-05-07T19:19:33.995730Z  WARN kiseki_gateway::mem_gateway: gateway write: compositions.create failed error=namespace not found: NamespaceId(4378ad03-d3a7-57ab-a3cf-f7e27a5a147b)
May 07 19:19:33 kiseki-storage-1 kiseki-server[9223]: 2026-05-07T19:19:33.996620Z  WARN kiseki_gateway::mem_gateway: gateway write: compositions.create failed error=namespace not found: NamespaceId(4378ad03-d3a7-57ab-a3cf-f7e27a5a147b)
May 07 19:19:33 kiseki-storage-1 kiseki-server[9223]: 2026-05-07T19:19:33.998302Z  WARN kiseki_gateway::mem_gateway: gateway write: compositions.create failed error=namespace not found: NamespaceId(4378ad03-d3a7-57ab-a3cf-f7e27a5a147b)
May 07 19:19:34 kiseki-storage-1 kiseki-server[9223]: 2026-05-07T19:19:34.013344Z  WARN kiseki_gateway::mem_gateway: gateway write: compositions.create failed error=namespace not found: NamespaceId(4378ad03-d3a7-57ab-a3cf-f7e27a5a147b)
May 07 19:19:34 kiseki-storage-1 kiseki-server[9223]: 2026-05-07T19:19:34.014509Z  WARN kiseki_gateway::mem_gateway: gateway write: compositions.create failed error=namespace not found: NamespaceId(4378ad03-d3a7-57ab-a3cf-f7e27a5a147b)
May 07 19:19:34 kiseki-storage-1 kiseki-server[9223]: 2026-05-07T19:19:34.029324Z  WARN kiseki_gateway::mem_gateway: gateway write: compositions.create failed error=namespace not found: NamespaceId(4378ad03-d3a7-57ab-a3cf-f7e27a5a147b)
May 07 19:19:34 kiseki-storage-1 kiseki-server[9223]: 2026-05-07T19:19:34.059450Z  WARN kiseki_gateway::mem_gateway: gateway write: compositions.create failed error=namespace not found: NamespaceId(4378ad03-d3a7-57ab-a3cf-f7e27a5a147b)
May 07 19:19:34 kiseki-storage-1 kiseki-server[9223]: 2026-05-07T19:19:34.059531Z  WARN kiseki_gateway::mem_gateway: gateway write: compositions.create failed error=namespace not found: NamespaceId(4378ad03-d3a7-57ab-a3cf-f7e27a5a147b)
May 07 19:19:34 kiseki-storage-1 kiseki-server[9223]: 2026-05-07T19:19:34.076332Z  WARN kiseki_gateway::mem_gateway: gateway write: compositions.create failed error=namespace not found: NamespaceId(4378ad03-d3a7-57ab-a3cf-f7e27a5a147b)
May 07 19:19:34 kiseki-storage-1 kiseki-server[9223]: 2026-05-07T19:19:34.076730Z  WARN kiseki_gateway::mem_gateway: gateway write: compositions.create failed error=namespace not found: NamespaceId(4378ad03-d3a7-57ab-a3cf-f7e27a5a147b)
May 07 19:19:34 kiseki-storage-1 kiseki-server[9223]: 2026-05-07T19:19:34.098281Z  WARN kiseki_gateway::mem_gateway: gateway write: compositions.create failed error=namespace not found: NamespaceId(4378ad03-d3a7-57ab-a3cf-f7e27a5a147b)
May 07 19:19:34 kiseki-storage-1 kiseki-server[9223]: 2026-05-07T19:19:34.098336Z  WARN kiseki_gateway::mem_gateway: gateway write: compositions.create failed error=namespace not found: NamespaceId(4378ad03-d3a7-57ab-a3cf-f7e27a5a147b)
May 07 19:19:34 kiseki-storage-1 kiseki-server[9223]: 2026-05-07T19:19:34.101870Z  WARN kiseki_gateway::mem_gateway: gateway write: compositions.create failed error=namespace not found: NamespaceId(4378ad03-d3a7-57ab-a3cf-f7e27a5a147b)
May 07 19:19:34 kiseki-storage-1 kiseki-server[9223]: 2026-05-07T19:19:34.115221Z  WARN kiseki_gateway::mem_gateway: gateway write: compositions.create failed error=namespace not found: NamespaceId(4378ad03-d3a7-57ab-a3cf-f7e27a5a147b)
May 07 19:19:34 kiseki-storage-1 kiseki-server[9223]: 2026-05-07T19:19:34.116688Z  WARN kiseki_gateway::mem_gateway: gateway write: compositions.create failed error=namespace not found: NamespaceId(4378ad03-d3a7-57ab-a3cf-f7e27a5a147b)
May 07 19:19:34 kiseki-storage-1 kiseki-server[9223]: 2026-05-07T19:19:34.129887Z  WARN kiseki_gateway::mem_gateway: gateway write: compositions.create failed error=namespace not found: NamespaceId(4378ad03-d3a7-57ab-a3cf-f7e27a5a147b)
May 07 19:19:34 kiseki-storage-1 kiseki-server[9223]: 2026-05-07T19:19:34.134224Z  WARN kiseki_gateway::mem_gateway: gateway write: compositions.create failed error=namespace not found: NamespaceId(4378ad03-d3a7-57ab-a3cf-f7e27a5a147b)
May 07 19:19:34 kiseki-storage-1 kiseki-server[9223]: 2026-05-07T19:19:34.139144Z  WARN kiseki_gateway::mem_gateway: gateway write: compositions.create failed error=namespace not found: NamespaceId(4378ad03-d3a7-57ab-a3cf-f7e27a5a147b)
May 07 19:19:34 kiseki-storage-1 kiseki-server[9223]: 2026-05-07T19:19:34.148809Z  WARN kiseki_gateway::mem_gateway: gateway write: compositions.create failed error=namespace not found: NamespaceId(4378ad03-d3a7-57ab-a3cf-f7e27a5a147b)
May 07 19:19:34 kiseki-storage-1 kiseki-server[9223]: 2026-05-07T19:19:34.168207Z  WARN kiseki_gateway::mem_gateway: gateway write: compositions.create failed error=namespace not found: NamespaceId(4378ad03-d3a7-57ab-a3cf-f7e27a5a147b)
May 07 19:19:34 kiseki-storage-1 kiseki-server[9223]: 2026-05-07T19:19:34.171663Z  WARN kiseki_gateway::mem_gateway: gateway write: compositions.create failed error=namespace not found: NamespaceId(4378ad03-d3a7-57ab-a3cf-f7e27a5a147b)
May 07 19:19:34 kiseki-storage-1 kiseki-server[9223]: 2026-05-07T19:19:34.208141Z  WARN kiseki_gateway::mem_gateway: gateway write: compositions.create failed error=namespace not found: NamespaceId(4378ad03-d3a7-57ab-a3cf-f7e27a5a147b)
May 07 19:19:34 kiseki-storage-1 kiseki-server[9223]: 2026-05-07T19:19:34.217134Z  WARN kiseki_gateway::mem_gateway: gateway write: compositions.create failed error=namespace not found: NamespaceId(4378ad03-d3a7-57ab-a3cf-f7e27a5a147b)
May 07 19:19:34 kiseki-storage-1 kiseki-server[9223]: 2026-05-07T19:19:34.217205Z  WARN kiseki_gateway::mem_gateway: gateway write: compositions.create failed error=namespace not found: NamespaceId(4378ad03-d3a7-57ab-a3cf-f7e27a5a147b)
May 07 19:19:34 kiseki-storage-1 kiseki-server[9223]: 2026-05-07T19:19:34.218457Z  WARN kiseki_gateway::mem_gateway: gateway write: compositions.create failed error=namespace not found: NamespaceId(4378ad03-d3a7-57ab-a3cf-f7e27a5a147b)
May 07 19:19:34 kiseki-storage-1 kiseki-server[9223]: 2026-05-07T19:19:34.230463Z  WARN kiseki_gateway::mem_gateway: gateway write: compositions.create failed error=namespace not found: NamespaceId(4378ad03-d3a7-57ab-a3cf-f7e27a5a147b)
May 07 19:19:34 kiseki-storage-1 kiseki-server[9223]: 2026-05-07T19:19:34.236527Z  WARN kiseki_gateway::mem_gateway: gateway write: compositions.create failed error=namespace not found: NamespaceId(4378ad03-d3a7-57ab-a3cf-f7e27a5a147b)
May 07 19:19:34 kiseki-storage-1 kiseki-server[9223]: 2026-05-07T19:19:34.240364Z  WARN kiseki_gateway::mem_gateway: gateway write: compositions.create failed error=namespace not found: NamespaceId(4378ad03-d3a7-57ab-a3cf-f7e27a5a147b)
May 07 19:19:34 kiseki-storage-1 kiseki-server[9223]: 2026-05-07T19:19:34.253865Z  WARN kiseki_gateway::mem_gateway: gateway write: compositions.create failed error=namespace not found: NamespaceId(4378ad03-d3a7-57ab-a3cf-f7e27a5a147b)
May 07 19:19:34 kiseki-storage-1 kiseki-server[9223]: 2026-05-07T19:19:34.254678Z  WARN kiseki_gateway::mem_gateway: gateway write: compositions.create failed error=namespace not found: NamespaceId(4378ad03-d3a7-57ab-a3cf-f7e27a5a147b)
May 07 19:19:34 kiseki-storage-1 kiseki-server[9223]: 2026-05-07T19:19:34.266992Z  WARN kiseki_gateway::mem_gateway: gateway write: compositions.create failed error=namespace not found: NamespaceId(4378ad03-d3a7-57ab-a3cf-f7e27a5a147b)
May 07 19:19:34 kiseki-storage-1 kiseki-server[9223]: 2026-05-07T19:19:34.275047Z  WARN kiseki_gateway::mem_gateway: gateway write: compositions.create failed error=namespace not found: NamespaceId(4378ad03-d3a7-57ab-a3cf-f7e27a5a147b)
May 07 19:19:34 kiseki-storage-1 kiseki-server[9223]: 2026-05-07T19:19:34.275079Z  WARN kiseki_gateway::mem_gateway: gateway write: compositions.create failed error=namespace not found: NamespaceId(4378ad03-d3a7-57ab-a3cf-f7e27a5a147b)
May 07 19:19:34 kiseki-storage-1 kiseki-server[9223]: 2026-05-07T19:19:34.277268Z  WARN kiseki_gateway::mem_gateway: gateway write: compositions.create failed error=namespace not found: NamespaceId(4378ad03-d3a7-57ab-a3cf-f7e27a5a147b)
May 07 19:19:34 kiseki-storage-1 kiseki-server[9223]: 2026-05-07T19:19:34.277744Z  WARN kiseki_gateway::mem_gateway: gateway write: compositions.create failed error=namespace not found: NamespaceId(4378ad03-d3a7-57ab-a3cf-f7e27a5a147b)
May 07 19:19:34 kiseki-storage-1 kiseki-server[9223]: 2026-05-07T19:19:34.280534Z  WARN kiseki_gateway::mem_gateway: gateway write: compositions.create failed error=namespace not found: NamespaceId(4378ad03-d3a7-57ab-a3cf-f7e27a5a147b)
May 07 19:19:34 kiseki-storage-1 kiseki-server[9223]: 2026-05-07T19:19:34.287265Z  WARN kiseki_gateway::mem_gateway: gateway write: compositions.create failed error=namespace not found: NamespaceId(4378ad03-d3a7-57ab-a3cf-f7e27a5a147b)
May 07 19:19:34 kiseki-storage-1 kiseki-server[9223]: 2026-05-07T19:19:34.289300Z  WARN kiseki_gateway::mem_gateway: gateway write: compositions.create failed error=namespace not found: NamespaceId(4378ad03-d3a7-57ab-a3cf-f7e27a5a147b)
May 07 19:19:34 kiseki-storage-1 kiseki-server[9223]: 2026-05-07T19:19:34.304072Z  WARN kiseki_gateway::mem_gateway: gateway write: compositions.create failed error=namespace not found: NamespaceId(4378ad03-d3a7-57ab-a3cf-f7e27a5a147b)
May 07 19:19:34 kiseki-storage-1 kiseki-server[9223]: 2026-05-07T19:19:34.312114Z  WARN kiseki_gateway::mem_gateway: gateway write: compositions.create failed error=namespace not found: NamespaceId(4378ad03-d3a7-57ab-a3cf-f7e27a5a147b)
May 07 19:19:34 kiseki-storage-1 kiseki-server[9223]: 2026-05-07T19:19:34.357402Z  WARN kiseki_gateway::mem_gateway: gateway write: compositions.create failed error=namespace not found: NamespaceId(4378ad03-d3a7-57ab-a3cf-f7e27a5a147b)
May 07 19:19:34 kiseki-storage-1 kiseki-server[9223]: 2026-05-07T19:19:34.360757Z  WARN kiseki_gateway::mem_gateway: gateway write: compositions.create failed error=namespace not found: NamespaceId(4378ad03-d3a7-57ab-a3cf-f7e27a5a147b)
May 07 19:19:34 kiseki-storage-1 kiseki-server[9223]: 2026-05-07T19:19:34.366072Z  WARN kiseki_gateway::mem_gateway: gateway write: compositions.create failed error=namespace not found: NamespaceId(4378ad03-d3a7-57ab-a3cf-f7e27a5a147b)
May 07 19:19:34 kiseki-storage-1 kiseki-server[9223]: 2026-05-07T19:19:34.375846Z  WARN kiseki_gateway::mem_gateway: gateway write: compositions.create failed error=namespace not found: NamespaceId(4378ad03-d3a7-57ab-a3cf-f7e27a5a147b)
May 07 19:19:34 kiseki-storage-1 kiseki-server[9223]: 2026-05-07T19:19:34.377461Z  WARN kiseki_gateway::mem_gateway: gateway write: compositions.create failed error=namespace not found: NamespaceId(4378ad03-d3a7-57ab-a3cf-f7e27a5a147b)
May 07 19:19:34 kiseki-storage-1 kiseki-server[9223]: 2026-05-07T19:19:34.382747Z  WARN kiseki_gateway::mem_gateway: gateway write: compositions.create failed error=namespace not found: NamespaceId(4378ad03-d3a7-57ab-a3cf-f7e27a5a147b)
May 07 19:19:34 kiseki-storage-1 kiseki-server[9223]: 2026-05-07T19:19:34.395710Z  WARN kiseki_gateway::mem_gateway: gateway write: compositions.create failed error=namespace not found: NamespaceId(4378ad03-d3a7-57ab-a3cf-f7e27a5a147b)
May 07 19:19:34 kiseki-storage-1 kiseki-server[9223]: 2026-05-07T19:19:34.407928Z  WARN kiseki_gateway::mem_gateway: gateway write: compositions.create failed error=namespace not found: NamespaceId(4378ad03-d3a7-57ab-a3cf-f7e27a5a147b)
May 07 19:19:34 kiseki-storage-1 kiseki-server[9223]: 2026-05-07T19:19:34.410972Z  WARN kiseki_gateway::mem_gateway: gateway write: compositions.create failed error=namespace not found: NamespaceId(4378ad03-d3a7-57ab-a3cf-f7e27a5a147b)
May 07 19:19:34 kiseki-storage-1 kiseki-server[9223]: 2026-05-07T19:19:34.425027Z  WARN kiseki_gateway::mem_gateway: gateway write: compositions.create failed error=namespace not found: NamespaceId(4378ad03-d3a7-57ab-a3cf-f7e27a5a147b)
May 07 19:19:34 kiseki-storage-1 kiseki-server[9223]: 2026-05-07T19:19:34.426388Z  WARN kiseki_gateway::mem_gateway: gateway write: compositions.create failed error=namespace not found: NamespaceId(4378ad03-d3a7-57ab-a3cf-f7e27a5a147b)
May 07 19:19:34 kiseki-storage-1 kiseki-server[9223]: 2026-05-07T19:19:34.434154Z  WARN kiseki_gateway::mem_gateway: gateway write: compositions.create failed error=namespace not found: NamespaceId(4378ad03-d3a7-57ab-a3cf-f7e27a5a147b)
May 07 19:19:34 kiseki-storage-1 kiseki-server[9223]: 2026-05-07T19:19:34.447831Z  WARN kiseki_gateway::mem_gateway: gateway write: compositions.create failed error=namespace not found: NamespaceId(4378ad03-d3a7-57ab-a3cf-f7e27a5a147b)
May 07 19:19:34 kiseki-storage-1 kiseki-server[9223]: 2026-05-07T19:19:34.467634Z  WARN kiseki_gateway::mem_gateway: gateway write: compositions.create failed error=namespace not found: NamespaceId(4378ad03-d3a7-57ab-a3cf-f7e27a5a147b)
May 07 19:19:34 kiseki-storage-1 kiseki-server[9223]: 2026-05-07T19:19:34.467765Z  WARN kiseki_gateway::mem_gateway: gateway write: compositions.create failed error=namespace not found: NamespaceId(4378ad03-d3a7-57ab-a3cf-f7e27a5a147b)
May 07 19:19:34 kiseki-storage-1 kiseki-server[9223]: 2026-05-07T19:19:34.474260Z  WARN kiseki_gateway::mem_gateway: gateway write: compositions.create failed error=namespace not found: NamespaceId(4378ad03-d3a7-57ab-a3cf-f7e27a5a147b)
May 07 19:19:34 kiseki-storage-1 kiseki-server[9223]: 2026-05-07T19:19:34.483649Z  WARN kiseki_gateway::mem_gateway: gateway write: compositions.create failed error=namespace not found: NamespaceId(4378ad03-d3a7-57ab-a3cf-f7e27a5a147b)
May 07 19:19:34 kiseki-storage-1 kiseki-server[9223]: 2026-05-07T19:19:34.494837Z  WARN kiseki_gateway::mem_gateway: gateway write: compositions.create failed error=namespace not found: NamespaceId(4378ad03-d3a7-57ab-a3cf-f7e27a5a147b)
May 07 19:19:34 kiseki-storage-1 kiseki-server[9223]: 2026-05-07T19:19:34.504714Z  WARN kiseki_gateway::mem_gateway: gateway write: compositions.create failed error=namespace not found: NamespaceId(4378ad03-d3a7-57ab-a3cf-f7e27a5a147b)
May 07 19:19:34 kiseki-storage-1 kiseki-server[9223]: 2026-05-07T19:19:34.506164Z  WARN kiseki_gateway::mem_gateway: gateway write: compositions.create failed error=namespace not found: NamespaceId(4378ad03-d3a7-57ab-a3cf-f7e27a5a147b)
May 07 19:19:34 kiseki-storage-1 kiseki-server[9223]: 2026-05-07T19:19:34.520939Z  WARN kiseki_gateway::mem_gateway: gateway write: compositions.create failed error=namespace not found: NamespaceId(4378ad03-d3a7-57ab-a3cf-f7e27a5a147b)
May 07 19:19:34 kiseki-storage-1 kiseki-server[9223]: 2026-05-07T19:19:34.523284Z  WARN kiseki_gateway::mem_gateway: gateway write: compositions.create failed error=namespace not found: NamespaceId(4378ad03-d3a7-57ab-a3cf-f7e27a5a147b)
May 07 19:19:34 kiseki-storage-1 kiseki-server[9223]: 2026-05-07T19:19:34.531959Z  WARN kiseki_gateway::mem_gateway: gateway write: compositions.create failed error=namespace not found: NamespaceId(4378ad03-d3a7-57ab-a3cf-f7e27a5a147b)
May 07 19:19:34 kiseki-storage-1 kiseki-server[9223]: 2026-05-07T19:19:34.532046Z  WARN kiseki_gateway::mem_gateway: gateway write: compositions.create failed error=namespace not found: NamespaceId(4378ad03-d3a7-57ab-a3cf-f7e27a5a147b)
May 07 19:19:34 kiseki-storage-1 kiseki-server[9223]: 2026-05-07T19:19:34.536529Z  WARN kiseki_gateway::mem_gateway: gateway write: compositions.create failed error=namespace not found: NamespaceId(4378ad03-d3a7-57ab-a3cf-f7e27a5a147b)
May 07 19:19:34 kiseki-storage-1 kiseki-server[9223]: 2026-05-07T19:19:34.554351Z  WARN kiseki_gateway::mem_gateway: gateway write: compositions.create failed error=namespace not found: NamespaceId(4378ad03-d3a7-57ab-a3cf-f7e27a5a147b)
May 07 19:19:34 kiseki-storage-1 kiseki-server[9223]: 2026-05-07T19:19:34.556639Z  WARN kiseki_gateway::mem_gateway: gateway write: compositions.create failed error=namespace not found: NamespaceId(4378ad03-d3a7-57ab-a3cf-f7e27a5a147b)
May 07 19:19:34 kiseki-storage-1 kiseki-server[9223]: 2026-05-07T19:19:34.578553Z  WARN kiseki_gateway::mem_gateway: gateway write: compositions.create failed error=namespace not found: NamespaceId(4378ad03-d3a7-57ab-a3cf-f7e27a5a147b)
May 07 19:19:34 kiseki-storage-1 kiseki-server[9223]: 2026-05-07T19:19:34.580448Z  WARN kiseki_gateway::mem_gateway: gateway write: compositions.create failed error=namespace not found: NamespaceId(4378ad03-d3a7-57ab-a3cf-f7e27a5a147b)
May 07 19:19:34 kiseki-storage-1 kiseki-server[9223]: 2026-05-07T19:19:34.587719Z  WARN kiseki_gateway::mem_gateway: gateway write: compositions.create failed error=namespace not found: NamespaceId(4378ad03-d3a7-57ab-a3cf-f7e27a5a147b)
May 07 19:19:34 kiseki-storage-1 kiseki-server[9223]: 2026-05-07T19:19:34.596525Z  WARN kiseki_gateway::mem_gateway: gateway write: compositions.create failed error=namespace not found: NamespaceId(4378ad03-d3a7-57ab-a3cf-f7e27a5a147b)
May 07 19:19:34 kiseki-storage-1 kiseki-server[9223]: 2026-05-07T19:19:34.599467Z  WARN kiseki_gateway::mem_gateway: gateway write: compositions.create failed error=namespace not found: NamespaceId(4378ad03-d3a7-57ab-a3cf-f7e27a5a147b)
May 07 19:19:34 kiseki-storage-1 kiseki-server[9223]: 2026-05-07T19:19:34.604288Z  WARN kiseki_gateway::mem_gateway: gateway write: compositions.create failed error=namespace not found: NamespaceId(4378ad03-d3a7-57ab-a3cf-f7e27a5a147b)
May 07 19:19:34 kiseki-storage-1 kiseki-server[9223]: 2026-05-07T19:19:34.618880Z  WARN kiseki_gateway::mem_gateway: gateway write: compositions.create failed error=namespace not found: NamespaceId(4378ad03-d3a7-57ab-a3cf-f7e27a5a147b)
May 07 19:19:34 kiseki-storage-1 kiseki-server[9223]: 2026-05-07T19:19:34.621193Z  WARN kiseki_gateway::mem_gateway: gateway write: compositions.create failed error=namespace not found: NamespaceId(4378ad03-d3a7-57ab-a3cf-f7e27a5a147b)
May 07 19:19:34 kiseki-storage-1 kiseki-server[9223]: 2026-05-07T19:19:34.622730Z  WARN kiseki_gateway::mem_gateway: gateway write: compositions.create failed error=namespace not found: NamespaceId(4378ad03-d3a7-57ab-a3cf-f7e27a5a147b)
May 07 19:19:34 kiseki-storage-1 kiseki-server[9223]: 2026-05-07T19:19:34.624286Z  WARN kiseki_gateway::mem_gateway: gateway write: compositions.create failed error=namespace not found: NamespaceId(4378ad03-d3a7-57ab-a3cf-f7e27a5a147b)
May 07 19:19:34 kiseki-storage-1 kiseki-server[9223]: 2026-05-07T19:19:34.624414Z  WARN kiseki_gateway::mem_gateway: gateway write: compositions.create failed error=namespace not found: NamespaceId(4378ad03-d3a7-57ab-a3cf-f7e27a5a147b)
May 07 19:19:34 kiseki-storage-1 kiseki-server[9223]: 2026-05-07T19:19:34.639776Z  WARN kiseki_gateway::mem_gateway: gateway write: compositions.create failed error=namespace not found: NamespaceId(4378ad03-d3a7-57ab-a3cf-f7e27a5a147b)
May 07 19:19:34 kiseki-storage-1 kiseki-server[9223]: 2026-05-07T19:19:34.650236Z  WARN kiseki_gateway::mem_gateway: gateway write: compositions.create failed error=namespace not found: NamespaceId(4378ad03-d3a7-57ab-a3cf-f7e27a5a147b)
May 07 19:19:34 kiseki-storage-1 kiseki-server[9223]: 2026-05-07T19:19:34.662581Z  WARN kiseki_gateway::mem_gateway: gateway write: compositions.create failed error=namespace not found: NamespaceId(4378ad03-d3a7-57ab-a3cf-f7e27a5a147b)
May 07 19:19:34 kiseki-storage-1 kiseki-server[9223]: 2026-05-07T19:19:34.668108Z  WARN kiseki_gateway::mem_gateway: gateway write: compositions.create failed error=namespace not found: NamespaceId(4378ad03-d3a7-57ab-a3cf-f7e27a5a147b)
May 07 19:19:34 kiseki-storage-1 kiseki-server[9223]: 2026-05-07T19:19:34.685638Z  WARN kiseki_gateway::mem_gateway: gateway write: compositions.create failed error=namespace not found: NamespaceId(4378ad03-d3a7-57ab-a3cf-f7e27a5a147b)
May 07 19:19:34 kiseki-storage-1 kiseki-server[9223]: 2026-05-07T19:19:34.697167Z  WARN kiseki_gateway::mem_gateway: gateway write: compositions.create failed error=namespace not found: NamespaceId(4378ad03-d3a7-57ab-a3cf-f7e27a5a147b)
May 07 19:19:34 kiseki-storage-1 kiseki-server[9223]: 2026-05-07T19:19:34.706416Z  WARN kiseki_gateway::mem_gateway: gateway write: compositions.create failed error=namespace not found: NamespaceId(4378ad03-d3a7-57ab-a3cf-f7e27a5a147b)
May 07 19:19:34 kiseki-storage-1 kiseki-server[9223]: 2026-05-07T19:19:34.713071Z  WARN kiseki_gateway::mem_gateway: gateway write: compositions.create failed error=namespace not found: NamespaceId(4378ad03-d3a7-57ab-a3cf-f7e27a5a147b)
May 07 19:19:34 kiseki-storage-1 kiseki-server[9223]: 2026-05-07T19:19:34.726430Z  WARN kiseki_gateway::mem_gateway: gateway write: compositions.create failed error=namespace not found: NamespaceId(4378ad03-d3a7-57ab-a3cf-f7e27a5a147b)
May 07 19:19:34 kiseki-storage-1 kiseki-server[9223]: 2026-05-07T19:19:34.731153Z  WARN kiseki_gateway::mem_gateway: gateway write: compositions.create failed error=namespace not found: NamespaceId(4378ad03-d3a7-57ab-a3cf-f7e27a5a147b)
May 07 19:19:34 kiseki-storage-1 kiseki-server[9223]: 2026-05-07T19:19:34.738039Z  WARN kiseki_gateway::mem_gateway: gateway write: compositions.create failed error=namespace not found: NamespaceId(4378ad03-d3a7-57ab-a3cf-f7e27a5a147b)
May 07 19:19:34 kiseki-storage-1 kiseki-server[9223]: 2026-05-07T19:19:34.759860Z  WARN kiseki_gateway::mem_gateway: gateway write: compositions.create failed error=namespace not found: NamespaceId(4378ad03-d3a7-57ab-a3cf-f7e27a5a147b)
May 07 19:19:34 kiseki-storage-1 kiseki-server[9223]: 2026-05-07T19:19:34.768156Z  WARN kiseki_gateway::mem_gateway: gateway write: compositions.create failed error=namespace not found: NamespaceId(4378ad03-d3a7-57ab-a3cf-f7e27a5a147b)
May 07 19:19:34 kiseki-storage-1 kiseki-server[9223]: 2026-05-07T19:19:34.820216Z  WARN kiseki_gateway::mem_gateway: gateway write: compositions.create failed error=namespace not found: NamespaceId(4378ad03-d3a7-57ab-a3cf-f7e27a5a147b)
May 07 19:19:34 kiseki-storage-1 kiseki-server[9223]: 2026-05-07T19:19:34.821966Z  WARN kiseki_gateway::mem_gateway: gateway write: compositions.create failed error=namespace not found: NamespaceId(4378ad03-d3a7-57ab-a3cf-f7e27a5a147b)
May 07 19:19:34 kiseki-storage-1 kiseki-server[9223]: 2026-05-07T19:19:34.833908Z  WARN kiseki_gateway::mem_gateway: gateway write: compositions.create failed error=namespace not found: NamespaceId(4378ad03-d3a7-57ab-a3cf-f7e27a5a147b)
May 07 19:19:34 kiseki-storage-1 kiseki-server[9223]: 2026-05-07T19:19:34.867069Z  WARN kiseki_gateway::mem_gateway: gateway write: compositions.create failed error=namespace not found: NamespaceId(4378ad03-d3a7-57ab-a3cf-f7e27a5a147b)
May 07 19:19:34 kiseki-storage-1 kiseki-server[9223]: 2026-05-07T19:19:34.888319Z  WARN kiseki_gateway::mem_gateway: gateway write: compositions.create failed error=namespace not found: NamespaceId(4378ad03-d3a7-57ab-a3cf-f7e27a5a147b)
May 07 19:19:34 kiseki-storage-1 kiseki-server[9223]: 2026-05-07T19:19:34.901263Z  WARN kiseki_gateway::mem_gateway: gateway write: compositions.create failed error=namespace not found: NamespaceId(4378ad03-d3a7-57ab-a3cf-f7e27a5a147b)
May 07 19:19:34 kiseki-storage-1 kiseki-server[9223]: 2026-05-07T19:19:34.917821Z  WARN kiseki_gateway::mem_gateway: gateway write: compositions.create failed error=namespace not found: NamespaceId(4378ad03-d3a7-57ab-a3cf-f7e27a5a147b)
May 07 19:19:34 kiseki-storage-1 kiseki-server[9223]: 2026-05-07T19:19:34.936804Z  WARN kiseki_gateway::mem_gateway: gateway write: compositions.create failed error=namespace not found: NamespaceId(4378ad03-d3a7-57ab-a3cf-f7e27a5a147b)
May 07 19:19:34 kiseki-storage-1 kiseki-server[9223]: 2026-05-07T19:19:34.954710Z  WARN kiseki_gateway::mem_gateway: gateway write: compositions.create failed error=namespace not found: NamespaceId(4378ad03-d3a7-57ab-a3cf-f7e27a5a147b)
May 07 19:19:34 kiseki-storage-1 kiseki-server[9223]: 2026-05-07T19:19:34.962010Z  WARN kiseki_gateway::mem_gateway: gateway write: compositions.create failed error=namespace not found: NamespaceId(4378ad03-d3a7-57ab-a3cf-f7e27a5a147b)
May 07 19:19:34 kiseki-storage-1 kiseki-server[9223]: 2026-05-07T19:19:34.971539Z  WARN kiseki_gateway::mem_gateway: gateway write: compositions.create failed error=namespace not found: NamespaceId(4378ad03-d3a7-57ab-a3cf-f7e27a5a147b)
May 07 19:19:35 kiseki-storage-1 kiseki-server[9223]: 2026-05-07T19:19:35.028427Z  WARN kiseki_gateway::mem_gateway: gateway write: compositions.create failed error=namespace not found: NamespaceId(4378ad03-d3a7-57ab-a3cf-f7e27a5a147b)
May 07 19:19:35 kiseki-storage-1 kiseki-server[9223]: 2026-05-07T19:19:35.040175Z  WARN kiseki_gateway::mem_gateway: gateway write: compositions.create failed error=namespace not found: NamespaceId(4378ad03-d3a7-57ab-a3cf-f7e27a5a147b)
May 07 19:19:35 kiseki-storage-1 kiseki-server[9223]: 2026-05-07T19:19:35.047963Z  WARN kiseki_gateway::mem_gateway: gateway write: compositions.create failed error=namespace not found: NamespaceId(4378ad03-d3a7-57ab-a3cf-f7e27a5a147b)
May 07 19:19:35 kiseki-storage-1 kiseki-server[9223]: 2026-05-07T19:19:35.051831Z  WARN kiseki_gateway::mem_gateway: gateway write: compositions.create failed error=namespace not found: NamespaceId(4378ad03-d3a7-57ab-a3cf-f7e27a5a147b)
May 07 19:19:35 kiseki-storage-1 kiseki-server[9223]: 2026-05-07T19:19:35.061742Z  WARN kiseki_gateway::mem_gateway: gateway write: compositions.create failed error=namespace not found: NamespaceId(4378ad03-d3a7-57ab-a3cf-f7e27a5a147b)
May 07 19:19:35 kiseki-storage-1 kiseki-server[9223]: 2026-05-07T19:19:35.110992Z  WARN kiseki_gateway::mem_gateway: gateway write: compositions.create failed error=namespace not found: NamespaceId(4378ad03-d3a7-57ab-a3cf-f7e27a5a147b)
May 07 19:19:35 kiseki-storage-1 kiseki-server[9223]: 2026-05-07T19:19:35.111124Z  WARN kiseki_gateway::mem_gateway: gateway write: compositions.create failed error=namespace not found: NamespaceId(4378ad03-d3a7-57ab-a3cf-f7e27a5a147b)
May 07 19:19:35 kiseki-storage-1 kiseki-server[9223]: 2026-05-07T19:19:35.111864Z  WARN kiseki_gateway::mem_gateway: gateway write: compositions.create failed error=namespace not found: NamespaceId(4378ad03-d3a7-57ab-a3cf-f7e27a5a147b)
May 07 19:19:35 kiseki-storage-1 kiseki-server[9223]: 2026-05-07T19:19:35.116750Z  WARN kiseki_gateway::mem_gateway: gateway write: compositions.create failed error=namespace not found: NamespaceId(4378ad03-d3a7-57ab-a3cf-f7e27a5a147b)
May 07 19:19:35 kiseki-storage-1 kiseki-server[9223]: 2026-05-07T19:19:35.120035Z  WARN kiseki_gateway::mem_gateway: gateway write: compositions.create failed error=namespace not found: NamespaceId(4378ad03-d3a7-57ab-a3cf-f7e27a5a147b)
May 07 19:19:35 kiseki-storage-1 kiseki-server[9223]: 2026-05-07T19:19:35.123720Z  WARN kiseki_gateway::mem_gateway: gateway write: compositions.create failed error=namespace not found: NamespaceId(4378ad03-d3a7-57ab-a3cf-f7e27a5a147b)
May 07 19:19:35 kiseki-storage-1 kiseki-server[9223]: 2026-05-07T19:19:35.129320Z  WARN kiseki_gateway::mem_gateway: gateway write: compositions.create failed error=namespace not found: NamespaceId(4378ad03-d3a7-57ab-a3cf-f7e27a5a147b)
May 07 19:19:35 kiseki-storage-1 kiseki-server[9223]: 2026-05-07T19:19:35.151961Z  WARN kiseki_gateway::mem_gateway: gateway write: compositions.create failed error=namespace not found: NamespaceId(4378ad03-d3a7-57ab-a3cf-f7e27a5a147b)
May 07 19:19:35 kiseki-storage-1 kiseki-server[9223]: 2026-05-07T19:19:35.154265Z  WARN kiseki_gateway::mem_gateway: gateway write: compositions.create failed error=namespace not found: NamespaceId(4378ad03-d3a7-57ab-a3cf-f7e27a5a147b)
May 07 19:19:35 kiseki-storage-1 kiseki-server[9223]: 2026-05-07T19:19:35.154829Z  WARN kiseki_gateway::mem_gateway: gateway write: compositions.create failed error=namespace not found: NamespaceId(4378ad03-d3a7-57ab-a3cf-f7e27a5a147b)
May 07 19:19:35 kiseki-storage-1 kiseki-server[9223]: 2026-05-07T19:19:35.159640Z  WARN kiseki_gateway::mem_gateway: gateway write: compositions.create failed error=namespace not found: NamespaceId(4378ad03-d3a7-57ab-a3cf-f7e27a5a147b)
May 07 19:19:35 kiseki-storage-1 kiseki-server[9223]: 2026-05-07T19:19:35.165146Z  WARN kiseki_gateway::mem_gateway: gateway write: compositions.create failed error=namespace not found: NamespaceId(4378ad03-d3a7-57ab-a3cf-f7e27a5a147b)
May 07 19:19:35 kiseki-storage-1 kiseki-server[9223]: 2026-05-07T19:19:35.187580Z  WARN kiseki_gateway::mem_gateway: gateway write: compositions.create failed error=namespace not found: NamespaceId(4378ad03-d3a7-57ab-a3cf-f7e27a5a147b)
May 07 19:19:35 kiseki-storage-1 kiseki-server[9223]: 2026-05-07T19:19:35.188843Z  WARN kiseki_gateway::mem_gateway: gateway write: compositions.create failed error=namespace not found: NamespaceId(4378ad03-d3a7-57ab-a3cf-f7e27a5a147b)
May 07 19:19:35 kiseki-storage-1 kiseki-server[9223]: 2026-05-07T19:19:35.210608Z  WARN kiseki_gateway::mem_gateway: gateway write: compositions.create failed error=namespace not found: NamespaceId(4378ad03-d3a7-57ab-a3cf-f7e27a5a147b)
May 07 19:19:35 kiseki-storage-1 kiseki-server[9223]: 2026-05-07T19:19:35.237057Z  WARN kiseki_gateway::mem_gateway: gateway write: compositions.create failed error=namespace not found: NamespaceId(4378ad03-d3a7-57ab-a3cf-f7e27a5a147b)
May 07 19:19:35 kiseki-storage-1 kiseki-server[9223]: 2026-05-07T19:19:35.271653Z  WARN kiseki_gateway::mem_gateway: gateway write: compositions.create failed error=namespace not found: NamespaceId(4378ad03-d3a7-57ab-a3cf-f7e27a5a147b)
May 07 19:19:35 kiseki-storage-1 kiseki-server[9223]: 2026-05-07T19:19:35.284901Z  WARN kiseki_gateway::mem_gateway: gateway write: compositions.create failed error=namespace not found: NamespaceId(4378ad03-d3a7-57ab-a3cf-f7e27a5a147b)
May 07 19:19:35 kiseki-storage-1 kiseki-server[9223]: 2026-05-07T19:19:35.289288Z  WARN kiseki_gateway::mem_gateway: gateway write: compositions.create failed error=namespace not found: NamespaceId(4378ad03-d3a7-57ab-a3cf-f7e27a5a147b)
May 07 19:19:35 kiseki-storage-1 kiseki-server[9223]: 2026-05-07T19:19:35.296453Z  WARN kiseki_gateway::mem_gateway: gateway write: compositions.create failed error=namespace not found: NamespaceId(4378ad03-d3a7-57ab-a3cf-f7e27a5a147b)
May 07 19:19:35 kiseki-storage-1 kiseki-server[9223]: 2026-05-07T19:19:35.296471Z  WARN kiseki_gateway::mem_gateway: gateway write: compositions.create failed error=namespace not found: NamespaceId(4378ad03-d3a7-57ab-a3cf-f7e27a5a147b)
May 07 19:19:35 kiseki-storage-1 kiseki-server[9223]: 2026-05-07T19:19:35.308815Z  WARN kiseki_gateway::mem_gateway: gateway write: compositions.create failed error=namespace not found: NamespaceId(4378ad03-d3a7-57ab-a3cf-f7e27a5a147b)
May 07 19:19:35 kiseki-storage-1 kiseki-server[9223]: 2026-05-07T19:19:35.312648Z  WARN kiseki_gateway::mem_gateway: gateway write: compositions.create failed error=namespace not found: NamespaceId(4378ad03-d3a7-57ab-a3cf-f7e27a5a147b)
May 07 19:19:35 kiseki-storage-1 kiseki-server[9223]: 2026-05-07T19:19:35.324539Z  WARN kiseki_gateway::mem_gateway: gateway write: compositions.create failed error=namespace not found: NamespaceId(4378ad03-d3a7-57ab-a3cf-f7e27a5a147b)
May 07 19:19:35 kiseki-storage-1 kiseki-server[9223]: 2026-05-07T19:19:35.379226Z  WARN kiseki_gateway::mem_gateway: gateway write: compositions.create failed error=namespace not found: NamespaceId(4378ad03-d3a7-57ab-a3cf-f7e27a5a147b)
May 07 19:19:35 kiseki-storage-1 kiseki-server[9223]: 2026-05-07T19:19:35.416496Z  WARN kiseki_gateway::mem_gateway: gateway write: compositions.create failed error=namespace not found: NamespaceId(4378ad03-d3a7-57ab-a3cf-f7e27a5a147b)
May 07 19:19:35 kiseki-storage-1 kiseki-server[9223]: 2026-05-07T19:19:35.420937Z  WARN kiseki_gateway::mem_gateway: gateway write: compositions.create failed error=namespace not found: NamespaceId(4378ad03-d3a7-57ab-a3cf-f7e27a5a147b)
May 07 19:19:35 kiseki-storage-1 kiseki-server[9223]: 2026-05-07T19:19:35.427008Z  WARN kiseki_gateway::mem_gateway: gateway write: compositions.create failed error=namespace not found: NamespaceId(4378ad03-d3a7-57ab-a3cf-f7e27a5a147b)
May 07 19:19:35 kiseki-storage-1 kiseki-server[9223]: 2026-05-07T19:19:35.435055Z  WARN kiseki_gateway::mem_gateway: gateway write: compositions.create failed error=namespace not found: NamespaceId(4378ad03-d3a7-57ab-a3cf-f7e27a5a147b)
May 07 19:19:35 kiseki-storage-1 kiseki-server[9223]: 2026-05-07T19:19:35.459501Z  WARN kiseki_gateway::mem_gateway: gateway write: compositions.create failed error=namespace not found: NamespaceId(4378ad03-d3a7-57ab-a3cf-f7e27a5a147b)
May 07 19:19:35 kiseki-storage-1 kiseki-server[9223]: 2026-05-07T19:19:35.478935Z  WARN kiseki_gateway::mem_gateway: gateway write: compositions.create failed error=namespace not found: NamespaceId(4378ad03-d3a7-57ab-a3cf-f7e27a5a147b)
May 07 19:19:35 kiseki-storage-1 kiseki-server[9223]: 2026-05-07T19:19:35.480971Z  WARN kiseki_gateway::mem_gateway: gateway write: compositions.create failed error=namespace not found: NamespaceId(4378ad03-d3a7-57ab-a3cf-f7e27a5a147b)
May 07 19:19:35 kiseki-storage-1 kiseki-server[9223]: 2026-05-07T19:19:35.482746Z  WARN kiseki_gateway::mem_gateway: gateway write: compositions.create failed error=namespace not found: NamespaceId(4378ad03-d3a7-57ab-a3cf-f7e27a5a147b)
May 07 19:19:35 kiseki-storage-1 kiseki-server[9223]: 2026-05-07T19:19:35.500216Z  WARN kiseki_gateway::mem_gateway: gateway write: compositions.create failed error=namespace not found: NamespaceId(4378ad03-d3a7-57ab-a3cf-f7e27a5a147b)
May 07 19:19:35 kiseki-storage-1 kiseki-server[9223]: 2026-05-07T19:19:35.509007Z  WARN kiseki_gateway::mem_gateway: gateway write: compositions.create failed error=namespace not found: NamespaceId(4378ad03-d3a7-57ab-a3cf-f7e27a5a147b)
May 07 19:19:35 kiseki-storage-1 kiseki-server[9223]: 2026-05-07T19:19:35.511113Z  WARN kiseki_gateway::mem_gateway: gateway write: compositions.create failed error=namespace not found: NamespaceId(4378ad03-d3a7-57ab-a3cf-f7e27a5a147b)
May 07 19:19:35 kiseki-storage-1 kiseki-server[9223]: 2026-05-07T19:19:35.511914Z  WARN kiseki_gateway::mem_gateway: gateway write: compositions.create failed error=namespace not found: NamespaceId(4378ad03-d3a7-57ab-a3cf-f7e27a5a147b)
May 07 19:19:35 kiseki-storage-1 kiseki-server[9223]: 2026-05-07T19:19:35.550212Z  WARN kiseki_gateway::mem_gateway: gateway write: compositions.create failed error=namespace not found: NamespaceId(4378ad03-d3a7-57ab-a3cf-f7e27a5a147b)
May 07 19:19:35 kiseki-storage-1 kiseki-server[9223]: 2026-05-07T19:19:35.554695Z  WARN kiseki_gateway::mem_gateway: gateway write: compositions.create failed error=namespace not found: NamespaceId(4378ad03-d3a7-57ab-a3cf-f7e27a5a147b)
May 07 19:19:35 kiseki-storage-1 kiseki-server[9223]: 2026-05-07T19:19:35.585012Z  WARN kiseki_gateway::mem_gateway: gateway write: compositions.create failed error=namespace not found: NamespaceId(4378ad03-d3a7-57ab-a3cf-f7e27a5a147b)
May 07 19:19:35 kiseki-storage-1 kiseki-server[9223]: 2026-05-07T19:19:35.589075Z  WARN kiseki_gateway::mem_gateway: gateway write: compositions.create failed error=namespace not found: NamespaceId(4378ad03-d3a7-57ab-a3cf-f7e27a5a147b)
May 07 19:19:35 kiseki-storage-1 kiseki-server[9223]: 2026-05-07T19:19:35.615326Z  WARN kiseki_gateway::mem_gateway: gateway write: compositions.create failed error=namespace not found: NamespaceId(4378ad03-d3a7-57ab-a3cf-f7e27a5a147b)
May 07 19:19:35 kiseki-storage-1 kiseki-server[9223]: 2026-05-07T19:19:35.632969Z  WARN kiseki_gateway::mem_gateway: gateway write: compositions.create failed error=namespace not found: NamespaceId(4378ad03-d3a7-57ab-a3cf-f7e27a5a147b)
May 07 19:19:35 kiseki-storage-1 kiseki-server[9223]: 2026-05-07T19:19:35.643183Z  WARN kiseki_gateway::mem_gateway: gateway write: compositions.create failed error=namespace not found: NamespaceId(4378ad03-d3a7-57ab-a3cf-f7e27a5a147b)
May 07 19:19:35 kiseki-storage-1 kiseki-server[9223]: 2026-05-07T19:19:35.653926Z  WARN kiseki_gateway::mem_gateway: gateway write: compositions.create failed error=namespace not found: NamespaceId(4378ad03-d3a7-57ab-a3cf-f7e27a5a147b)
May 07 19:19:35 kiseki-storage-1 kiseki-server[9223]: 2026-05-07T19:19:35.674377Z  WARN kiseki_gateway::mem_gateway: gateway write: compositions.create failed error=namespace not found: NamespaceId(4378ad03-d3a7-57ab-a3cf-f7e27a5a147b)
May 07 19:19:35 kiseki-storage-1 kiseki-server[9223]: 2026-05-07T19:19:35.679522Z  WARN kiseki_gateway::mem_gateway: gateway write: compositions.create failed error=namespace not found: NamespaceId(4378ad03-d3a7-57ab-a3cf-f7e27a5a147b)
May 07 19:19:35 kiseki-storage-1 kiseki-server[9223]: 2026-05-07T19:19:35.681897Z  WARN kiseki_gateway::mem_gateway: gateway write: compositions.create failed error=namespace not found: NamespaceId(4378ad03-d3a7-57ab-a3cf-f7e27a5a147b)
May 07 19:19:35 kiseki-storage-1 kiseki-server[9223]: 2026-05-07T19:19:35.698138Z  WARN kiseki_gateway::mem_gateway: gateway write: compositions.create failed error=namespace not found: NamespaceId(4378ad03-d3a7-57ab-a3cf-f7e27a5a147b)
May 07 19:19:35 kiseki-storage-1 kiseki-server[9223]: 2026-05-07T19:19:35.704168Z  WARN kiseki_gateway::mem_gateway: gateway write: compositions.create failed error=namespace not found: NamespaceId(4378ad03-d3a7-57ab-a3cf-f7e27a5a147b)
May 07 19:19:35 kiseki-storage-1 kiseki-server[9223]: 2026-05-07T19:19:35.727834Z  WARN kiseki_gateway::mem_gateway: gateway write: compositions.create failed error=namespace not found: NamespaceId(4378ad03-d3a7-57ab-a3cf-f7e27a5a147b)
May 07 19:19:35 kiseki-storage-1 kiseki-server[9223]: 2026-05-07T19:19:35.728183Z  WARN kiseki_gateway::mem_gateway: gateway write: compositions.create failed error=namespace not found: NamespaceId(4378ad03-d3a7-57ab-a3cf-f7e27a5a147b)
May 07 19:19:35 kiseki-storage-1 kiseki-server[9223]: 2026-05-07T19:19:35.742112Z  WARN kiseki_gateway::mem_gateway: gateway write: compositions.create failed error=namespace not found: NamespaceId(4378ad03-d3a7-57ab-a3cf-f7e27a5a147b)
May 07 19:19:35 kiseki-storage-1 kiseki-server[9223]: 2026-05-07T19:19:35.744969Z  WARN kiseki_gateway::mem_gateway: gateway write: compositions.create failed error=namespace not found: NamespaceId(4378ad03-d3a7-57ab-a3cf-f7e27a5a147b)
May 07 19:19:35 kiseki-storage-1 kiseki-server[9223]: 2026-05-07T19:19:35.760237Z  WARN kiseki_gateway::mem_gateway: gateway write: compositions.create failed error=namespace not found: NamespaceId(4378ad03-d3a7-57ab-a3cf-f7e27a5a147b)
May 07 19:19:35 kiseki-storage-1 kiseki-server[9223]: 2026-05-07T19:19:35.763997Z  WARN kiseki_gateway::mem_gateway: gateway write: compositions.create failed error=namespace not found: NamespaceId(4378ad03-d3a7-57ab-a3cf-f7e27a5a147b)
May 07 19:19:35 kiseki-storage-1 kiseki-server[9223]: 2026-05-07T19:19:35.788302Z  WARN kiseki_gateway::mem_gateway: gateway write: compositions.create failed error=namespace not found: NamespaceId(4378ad03-d3a7-57ab-a3cf-f7e27a5a147b)
May 07 19:19:35 kiseki-storage-1 kiseki-server[9223]: 2026-05-07T19:19:35.792792Z  WARN kiseki_gateway::mem_gateway: gateway write: compositions.create failed error=namespace not found: NamespaceId(4378ad03-d3a7-57ab-a3cf-f7e27a5a147b)
May 07 19:19:35 kiseki-storage-1 kiseki-server[9223]: 2026-05-07T19:19:35.807325Z  WARN kiseki_gateway::mem_gateway: gateway write: compositions.create failed error=namespace not found: NamespaceId(4378ad03-d3a7-57ab-a3cf-f7e27a5a147b)
May 07 19:19:35 kiseki-storage-1 kiseki-server[9223]: 2026-05-07T19:19:35.816375Z  WARN kiseki_gateway::mem_gateway: gateway write: compositions.create failed error=namespace not found: NamespaceId(4378ad03-d3a7-57ab-a3cf-f7e27a5a147b)
May 07 19:19:35 kiseki-storage-1 kiseki-server[9223]: 2026-05-07T19:19:35.859523Z  WARN kiseki_gateway::mem_gateway: gateway write: compositions.create failed error=namespace not found: NamespaceId(4378ad03-d3a7-57ab-a3cf-f7e27a5a147b)
May 07 19:19:35 kiseki-storage-1 kiseki-server[9223]: 2026-05-07T19:19:35.867351Z  WARN kiseki_gateway::mem_gateway: gateway write: compositions.create failed error=namespace not found: NamespaceId(4378ad03-d3a7-57ab-a3cf-f7e27a5a147b)
May 07 19:19:35 kiseki-storage-1 kiseki-server[9223]: 2026-05-07T19:19:35.887611Z  WARN kiseki_gateway::mem_gateway: gateway write: compositions.create failed error=namespace not found: NamespaceId(4378ad03-d3a7-57ab-a3cf-f7e27a5a147b)
May 07 19:19:35 kiseki-storage-1 kiseki-server[9223]: 2026-05-07T19:19:35.901674Z  WARN kiseki_gateway::mem_gateway: gateway write: compositions.create failed error=namespace not found: NamespaceId(4378ad03-d3a7-57ab-a3cf-f7e27a5a147b)
May 07 19:19:35 kiseki-storage-1 kiseki-server[9223]: 2026-05-07T19:19:35.933472Z  WARN kiseki_gateway::mem_gateway: gateway write: compositions.create failed error=namespace not found: NamespaceId(4378ad03-d3a7-57ab-a3cf-f7e27a5a147b)
May 07 19:19:35 kiseki-storage-1 kiseki-server[9223]: 2026-05-07T19:19:35.952881Z  WARN kiseki_gateway::mem_gateway: gateway write: compositions.create failed error=namespace not found: NamespaceId(4378ad03-d3a7-57ab-a3cf-f7e27a5a147b)
May 07 19:19:35 kiseki-storage-1 kiseki-server[9223]: 2026-05-07T19:19:35.992179Z  WARN kiseki_gateway::mem_gateway: gateway write: compositions.create failed error=namespace not found: NamespaceId(4378ad03-d3a7-57ab-a3cf-f7e27a5a147b)
May 07 19:19:35 kiseki-storage-1 kiseki-server[9223]: 2026-05-07T19:19:35.996709Z  WARN kiseki_gateway::mem_gateway: gateway write: compositions.create failed error=namespace not found: NamespaceId(4378ad03-d3a7-57ab-a3cf-f7e27a5a147b)
May 07 19:19:36 kiseki-storage-1 kiseki-server[9223]: 2026-05-07T19:19:36.003081Z  WARN kiseki_gateway::mem_gateway: gateway write: compositions.create failed error=namespace not found: NamespaceId(4378ad03-d3a7-57ab-a3cf-f7e27a5a147b)
May 07 19:19:36 kiseki-storage-1 kiseki-server[9223]: 2026-05-07T19:19:36.017478Z  WARN kiseki_gateway::mem_gateway: gateway write: compositions.create failed error=namespace not found: NamespaceId(4378ad03-d3a7-57ab-a3cf-f7e27a5a147b)
May 07 19:19:36 kiseki-storage-1 kiseki-server[9223]: 2026-05-07T19:19:36.019372Z  WARN kiseki_gateway::mem_gateway: gateway write: compositions.create failed error=namespace not found: NamespaceId(4378ad03-d3a7-57ab-a3cf-f7e27a5a147b)
May 07 19:19:36 kiseki-storage-1 kiseki-server[9223]: 2026-05-07T19:19:36.019722Z  WARN kiseki_gateway::mem_gateway: gateway write: compositions.create failed error=namespace not found: NamespaceId(4378ad03-d3a7-57ab-a3cf-f7e27a5a147b)
May 07 19:19:36 kiseki-storage-1 kiseki-server[9223]: 2026-05-07T19:19:36.024491Z  WARN kiseki_gateway::mem_gateway: gateway write: compositions.create failed error=namespace not found: NamespaceId(4378ad03-d3a7-57ab-a3cf-f7e27a5a147b)
May 07 19:19:36 kiseki-storage-1 kiseki-server[9223]: 2026-05-07T19:19:36.027590Z  WARN kiseki_gateway::mem_gateway: gateway write: compositions.create failed error=namespace not found: NamespaceId(4378ad03-d3a7-57ab-a3cf-f7e27a5a147b)
May 07 19:19:36 kiseki-storage-1 kiseki-server[9223]: 2026-05-07T19:19:36.030367Z  WARN kiseki_gateway::mem_gateway: gateway write: compositions.create failed error=namespace not found: NamespaceId(4378ad03-d3a7-57ab-a3cf-f7e27a5a147b)
May 07 19:19:36 kiseki-storage-1 kiseki-server[9223]: 2026-05-07T19:19:36.036756Z  WARN kiseki_gateway::mem_gateway: gateway write: compositions.create failed error=namespace not found: NamespaceId(4378ad03-d3a7-57ab-a3cf-f7e27a5a147b)
May 07 19:19:36 kiseki-storage-1 kiseki-server[9223]: 2026-05-07T19:19:36.069207Z  WARN kiseki_gateway::mem_gateway: gateway write: compositions.create failed error=namespace not found: NamespaceId(4378ad03-d3a7-57ab-a3cf-f7e27a5a147b)
May 07 19:19:36 kiseki-storage-1 kiseki-server[9223]: 2026-05-07T19:19:36.086138Z  WARN kiseki_gateway::mem_gateway: gateway write: compositions.create failed error=namespace not found: NamespaceId(4378ad03-d3a7-57ab-a3cf-f7e27a5a147b)
May 07 19:19:36 kiseki-storage-1 kiseki-server[9223]: 2026-05-07T19:19:36.091026Z  WARN kiseki_gateway::mem_gateway: gateway write: compositions.create failed error=namespace not found: NamespaceId(4378ad03-d3a7-57ab-a3cf-f7e27a5a147b)
May 07 19:19:36 kiseki-storage-1 kiseki-server[9223]: 2026-05-07T19:19:36.105267Z  WARN kiseki_gateway::mem_gateway: gateway write: compositions.create failed error=namespace not found: NamespaceId(4378ad03-d3a7-57ab-a3cf-f7e27a5a147b)
May 07 19:19:36 kiseki-storage-1 kiseki-server[9223]: 2026-05-07T19:19:36.126780Z  INFO kiseki_server::runtime: scrub: periodic check completed
May 07 19:19:36 kiseki-storage-1 kiseki-server[9223]: 2026-05-07T19:19:36.128696Z  WARN kiseki_gateway::mem_gateway: gateway write: compositions.create failed error=namespace not found: NamespaceId(4378ad03-d3a7-57ab-a3cf-f7e27a5a147b)
May 07 19:19:36 kiseki-storage-1 kiseki-server[9223]: 2026-05-07T19:19:36.129403Z  WARN kiseki_gateway::mem_gateway: gateway write: compositions.create failed error=namespace not found: NamespaceId(4378ad03-d3a7-57ab-a3cf-f7e27a5a147b)
May 07 19:19:36 kiseki-storage-1 kiseki-server[9223]: 2026-05-07T19:19:36.131601Z  WARN kiseki_gateway::mem_gateway: gateway write: compositions.create failed error=namespace not found: NamespaceId(4378ad03-d3a7-57ab-a3cf-f7e27a5a147b)
May 07 19:19:36 kiseki-storage-1 kiseki-server[9223]: 2026-05-07T19:19:36.162756Z  WARN kiseki_gateway::mem_gateway: gateway write: compositions.create failed error=namespace not found: NamespaceId(4378ad03-d3a7-57ab-a3cf-f7e27a5a147b)
May 07 19:19:36 kiseki-storage-1 kiseki-server[9223]: 2026-05-07T19:19:36.173110Z  WARN kiseki_gateway::mem_gateway: gateway write: compositions.create failed error=namespace not found: NamespaceId(4378ad03-d3a7-57ab-a3cf-f7e27a5a147b)
May 07 19:19:36 kiseki-storage-1 kiseki-server[9223]: 2026-05-07T19:19:36.187769Z  WARN kiseki_gateway::mem_gateway: gateway write: compositions.create failed error=namespace not found: NamespaceId(4378ad03-d3a7-57ab-a3cf-f7e27a5a147b)
May 07 19:19:36 kiseki-storage-1 kiseki-server[9223]: 2026-05-07T19:19:36.195571Z  WARN kiseki_gateway::mem_gateway: gateway write: compositions.create failed error=namespace not found: NamespaceId(4378ad03-d3a7-57ab-a3cf-f7e27a5a147b)
May 07 19:19:36 kiseki-storage-1 kiseki-server[9223]: 2026-05-07T19:19:36.199865Z  WARN kiseki_gateway::mem_gateway: gateway write: compositions.create failed error=namespace not found: NamespaceId(4378ad03-d3a7-57ab-a3cf-f7e27a5a147b)
May 07 19:19:36 kiseki-storage-1 kiseki-server[9223]: 2026-05-07T19:19:36.201586Z  WARN kiseki_gateway::mem_gateway: gateway write: compositions.create failed error=namespace not found: NamespaceId(4378ad03-d3a7-57ab-a3cf-f7e27a5a147b)
May 07 19:19:36 kiseki-storage-1 kiseki-server[9223]: 2026-05-07T19:19:36.203520Z  WARN kiseki_gateway::mem_gateway: gateway write: compositions.create failed error=namespace not found: NamespaceId(4378ad03-d3a7-57ab-a3cf-f7e27a5a147b)
May 07 19:19:36 kiseki-storage-1 kiseki-server[9223]: 2026-05-07T19:19:36.221552Z  WARN kiseki_gateway::mem_gateway: gateway write: compositions.create failed error=namespace not found: NamespaceId(4378ad03-d3a7-57ab-a3cf-f7e27a5a147b)
May 07 19:19:36 kiseki-storage-1 kiseki-server[9223]: 2026-05-07T19:19:36.225897Z  WARN kiseki_gateway::mem_gateway: gateway write: compositions.create failed error=namespace not found: NamespaceId(4378ad03-d3a7-57ab-a3cf-f7e27a5a147b)
May 07 19:19:36 kiseki-storage-1 kiseki-server[9223]: 2026-05-07T19:19:36.226254Z  WARN kiseki_gateway::mem_gateway: gateway write: compositions.create failed error=namespace not found: NamespaceId(4378ad03-d3a7-57ab-a3cf-f7e27a5a147b)
May 07 19:19:36 kiseki-storage-1 kiseki-server[9223]: 2026-05-07T19:19:36.231801Z  WARN kiseki_gateway::mem_gateway: gateway write: compositions.create failed error=namespace not found: NamespaceId(4378ad03-d3a7-57ab-a3cf-f7e27a5a147b)
May 07 19:19:36 kiseki-storage-1 kiseki-server[9223]: 2026-05-07T19:19:36.242666Z  WARN kiseki_gateway::mem_gateway: gateway write: compositions.create failed error=namespace not found: NamespaceId(4378ad03-d3a7-57ab-a3cf-f7e27a5a147b)
May 07 19:19:36 kiseki-storage-1 kiseki-server[9223]: 2026-05-07T19:19:36.243475Z  WARN kiseki_gateway::mem_gateway: gateway write: compositions.create failed error=namespace not found: NamespaceId(4378ad03-d3a7-57ab-a3cf-f7e27a5a147b)
May 07 19:19:36 kiseki-storage-1 kiseki-server[9223]: 2026-05-07T19:19:36.250436Z  WARN kiseki_gateway::mem_gateway: gateway write: compositions.create failed error=namespace not found: NamespaceId(4378ad03-d3a7-57ab-a3cf-f7e27a5a147b)
May 07 19:19:36 kiseki-storage-1 kiseki-server[9223]: 2026-05-07T19:19:36.252305Z  WARN kiseki_gateway::mem_gateway: gateway write: compositions.create failed error=namespace not found: NamespaceId(4378ad03-d3a7-57ab-a3cf-f7e27a5a147b)
May 07 19:19:36 kiseki-storage-1 kiseki-server[9223]: 2026-05-07T19:19:36.262084Z  WARN kiseki_gateway::mem_gateway: gateway write: compositions.create failed error=namespace not found: NamespaceId(4378ad03-d3a7-57ab-a3cf-f7e27a5a147b)
May 07 19:19:36 kiseki-storage-1 kiseki-server[9223]: 2026-05-07T19:19:36.286542Z  WARN kiseki_gateway::mem_gateway: gateway write: compositions.create failed error=namespace not found: NamespaceId(4378ad03-d3a7-57ab-a3cf-f7e27a5a147b)
May 07 19:19:36 kiseki-storage-1 kiseki-server[9223]: 2026-05-07T19:19:36.297497Z  WARN kiseki_gateway::mem_gateway: gateway write: compositions.create failed error=namespace not found: NamespaceId(4378ad03-d3a7-57ab-a3cf-f7e27a5a147b)
May 07 19:19:36 kiseki-storage-1 kiseki-server[9223]: 2026-05-07T19:19:36.304106Z  WARN kiseki_gateway::mem_gateway: gateway write: compositions.create failed error=namespace not found: NamespaceId(4378ad03-d3a7-57ab-a3cf-f7e27a5a147b)
May 07 19:19:36 kiseki-storage-1 kiseki-server[9223]: 2026-05-07T19:19:36.309017Z  WARN kiseki_gateway::mem_gateway: gateway write: compositions.create failed error=namespace not found: NamespaceId(4378ad03-d3a7-57ab-a3cf-f7e27a5a147b)
May 07 19:19:36 kiseki-storage-1 kiseki-server[9223]: 2026-05-07T19:19:36.327775Z  WARN kiseki_gateway::mem_gateway: gateway write: compositions.create failed error=namespace not found: NamespaceId(4378ad03-d3a7-57ab-a3cf-f7e27a5a147b)
May 07 19:19:36 kiseki-storage-1 kiseki-server[9223]: 2026-05-07T19:19:36.335266Z  WARN kiseki_gateway::mem_gateway: gateway write: compositions.create failed error=namespace not found: NamespaceId(4378ad03-d3a7-57ab-a3cf-f7e27a5a147b)
May 07 19:19:36 kiseki-storage-1 kiseki-server[9223]: 2026-05-07T19:19:36.361928Z  WARN kiseki_gateway::mem_gateway: gateway write: compositions.create failed error=namespace not found: NamespaceId(4378ad03-d3a7-57ab-a3cf-f7e27a5a147b)
May 07 19:19:36 kiseki-storage-1 kiseki-server[9223]: 2026-05-07T19:19:36.389975Z  WARN kiseki_gateway::mem_gateway: gateway write: compositions.create failed error=namespace not found: NamespaceId(4378ad03-d3a7-57ab-a3cf-f7e27a5a147b)
May 07 19:19:36 kiseki-storage-1 kiseki-server[9223]: 2026-05-07T19:19:36.391816Z  WARN kiseki_gateway::mem_gateway: gateway write: compositions.create failed error=namespace not found: NamespaceId(4378ad03-d3a7-57ab-a3cf-f7e27a5a147b)
May 07 19:19:36 kiseki-storage-1 kiseki-server[9223]: 2026-05-07T19:19:36.400671Z  WARN kiseki_gateway::mem_gateway: gateway write: compositions.create failed error=namespace not found: NamespaceId(4378ad03-d3a7-57ab-a3cf-f7e27a5a147b)
May 07 19:19:36 kiseki-storage-1 kiseki-server[9223]: 2026-05-07T19:19:36.410433Z  WARN kiseki_gateway::mem_gateway: gateway write: compositions.create failed error=namespace not found: NamespaceId(4378ad03-d3a7-57ab-a3cf-f7e27a5a147b)
May 07 19:19:36 kiseki-storage-1 kiseki-server[9223]: 2026-05-07T19:19:36.444241Z  WARN kiseki_gateway::mem_gateway: gateway write: compositions.create failed error=namespace not found: NamespaceId(4378ad03-d3a7-57ab-a3cf-f7e27a5a147b)
May 07 19:19:36 kiseki-storage-1 kiseki-server[9223]: 2026-05-07T19:19:36.474873Z  WARN kiseki_gateway::mem_gateway: gateway write: compositions.create failed error=namespace not found: NamespaceId(4378ad03-d3a7-57ab-a3cf-f7e27a5a147b)
May 07 19:19:36 kiseki-storage-1 kiseki-server[9223]: 2026-05-07T19:19:36.521271Z  WARN kiseki_gateway::mem_gateway: gateway write: compositions.create failed error=namespace not found: NamespaceId(4378ad03-d3a7-57ab-a3cf-f7e27a5a147b)
May 07 19:19:36 kiseki-storage-1 kiseki-server[9223]: 2026-05-07T19:19:36.523055Z  WARN kiseki_gateway::mem_gateway: gateway write: compositions.create failed error=namespace not found: NamespaceId(4378ad03-d3a7-57ab-a3cf-f7e27a5a147b)
May 07 19:19:36 kiseki-storage-1 kiseki-server[9223]: 2026-05-07T19:19:36.533259Z  WARN kiseki_gateway::mem_gateway: gateway write: compositions.create failed error=namespace not found: NamespaceId(4378ad03-d3a7-57ab-a3cf-f7e27a5a147b)
May 07 19:19:36 kiseki-storage-1 kiseki-server[9223]: 2026-05-07T19:19:36.545093Z  WARN kiseki_gateway::mem_gateway: gateway write: compositions.create failed error=namespace not found: NamespaceId(4378ad03-d3a7-57ab-a3cf-f7e27a5a147b)
May 07 19:19:36 kiseki-storage-1 kiseki-server[9223]: 2026-05-07T19:19:36.551485Z  WARN kiseki_gateway::mem_gateway: gateway write: compositions.create failed error=namespace not found: NamespaceId(4378ad03-d3a7-57ab-a3cf-f7e27a5a147b)
May 07 19:19:36 kiseki-storage-1 kiseki-server[9223]: 2026-05-07T19:19:36.556800Z  WARN kiseki_gateway::mem_gateway: gateway write: compositions.create failed error=namespace not found: NamespaceId(4378ad03-d3a7-57ab-a3cf-f7e27a5a147b)
May 07 19:19:36 kiseki-storage-1 kiseki-server[9223]: 2026-05-07T19:19:36.561066Z  WARN kiseki_gateway::mem_gateway: gateway write: compositions.create failed error=namespace not found: NamespaceId(4378ad03-d3a7-57ab-a3cf-f7e27a5a147b)
May 07 19:19:36 kiseki-storage-1 kiseki-server[9223]: 2026-05-07T19:19:36.611587Z  WARN kiseki_gateway::mem_gateway: gateway write: compositions.create failed error=namespace not found: NamespaceId(4378ad03-d3a7-57ab-a3cf-f7e27a5a147b)
May 07 19:19:36 kiseki-storage-1 kiseki-server[9223]: 2026-05-07T19:19:36.616534Z  WARN kiseki_gateway::mem_gateway: gateway write: compositions.create failed error=namespace not found: NamespaceId(4378ad03-d3a7-57ab-a3cf-f7e27a5a147b)
May 07 19:19:36 kiseki-storage-1 kiseki-server[9223]: 2026-05-07T19:19:36.617413Z  WARN kiseki_gateway::mem_gateway: gateway write: compositions.create failed error=namespace not found: NamespaceId(4378ad03-d3a7-57ab-a3cf-f7e27a5a147b)
May 07 19:19:36 kiseki-storage-1 kiseki-server[9223]: 2026-05-07T19:19:36.617819Z  WARN kiseki_gateway::mem_gateway: gateway write: compositions.create failed error=namespace not found: NamespaceId(4378ad03-d3a7-57ab-a3cf-f7e27a5a147b)
May 07 19:19:36 kiseki-storage-1 kiseki-server[9223]: 2026-05-07T19:19:36.647102Z  WARN kiseki_gateway::mem_gateway: gateway write: compositions.create failed error=namespace not found: NamespaceId(4378ad03-d3a7-57ab-a3cf-f7e27a5a147b)
May 07 19:19:36 kiseki-storage-1 kiseki-server[9223]: 2026-05-07T19:19:36.667064Z  WARN kiseki_gateway::mem_gateway: gateway write: compositions.create failed error=namespace not found: NamespaceId(4378ad03-d3a7-57ab-a3cf-f7e27a5a147b)
May 07 19:19:36 kiseki-storage-1 kiseki-server[9223]: 2026-05-07T19:19:36.676992Z  WARN kiseki_gateway::mem_gateway: gateway write: compositions.create failed error=namespace not found: NamespaceId(4378ad03-d3a7-57ab-a3cf-f7e27a5a147b)
May 07 19:19:36 kiseki-storage-1 kiseki-server[9223]: 2026-05-07T19:19:36.679624Z  WARN kiseki_gateway::mem_gateway: gateway write: compositions.create failed error=namespace not found: NamespaceId(4378ad03-d3a7-57ab-a3cf-f7e27a5a147b)
May 07 19:19:36 kiseki-storage-1 kiseki-server[9223]: 2026-05-07T19:19:36.690580Z  WARN kiseki_gateway::mem_gateway: gateway write: compositions.create failed error=namespace not found: NamespaceId(4378ad03-d3a7-57ab-a3cf-f7e27a5a147b)
May 07 19:19:36 kiseki-storage-1 kiseki-server[9223]: 2026-05-07T19:19:36.718393Z  WARN kiseki_gateway::mem_gateway: gateway write: compositions.create failed error=namespace not found: NamespaceId(4378ad03-d3a7-57ab-a3cf-f7e27a5a147b)
May 07 19:19:36 kiseki-storage-1 kiseki-server[9223]: 2026-05-07T19:19:36.728648Z  WARN kiseki_gateway::mem_gateway: gateway write: compositions.create failed error=namespace not found: NamespaceId(4378ad03-d3a7-57ab-a3cf-f7e27a5a147b)
May 07 19:19:36 kiseki-storage-1 kiseki-server[9223]: 2026-05-07T19:19:36.748307Z  WARN kiseki_gateway::mem_gateway: gateway write: compositions.create failed error=namespace not found: NamespaceId(4378ad03-d3a7-57ab-a3cf-f7e27a5a147b)
May 07 19:19:36 kiseki-storage-1 kiseki-server[9223]: 2026-05-07T19:19:36.757853Z  WARN kiseki_gateway::mem_gateway: gateway write: compositions.create failed error=namespace not found: NamespaceId(4378ad03-d3a7-57ab-a3cf-f7e27a5a147b)
May 07 19:19:36 kiseki-storage-1 kiseki-server[9223]: 2026-05-07T19:19:36.761239Z  WARN kiseki_gateway::mem_gateway: gateway write: compositions.create failed error=namespace not found: NamespaceId(4378ad03-d3a7-57ab-a3cf-f7e27a5a147b)
May 07 19:19:36 kiseki-storage-1 kiseki-server[9223]: 2026-05-07T19:19:36.781903Z  WARN kiseki_gateway::mem_gateway: gateway write: compositions.create failed error=namespace not found: NamespaceId(4378ad03-d3a7-57ab-a3cf-f7e27a5a147b)
May 07 19:19:36 kiseki-storage-1 kiseki-server[9223]: 2026-05-07T19:19:36.784512Z  WARN kiseki_gateway::mem_gateway: gateway write: compositions.create failed error=namespace not found: NamespaceId(4378ad03-d3a7-57ab-a3cf-f7e27a5a147b)
May 07 19:19:36 kiseki-storage-1 kiseki-server[9223]: 2026-05-07T19:19:36.799811Z  WARN kiseki_gateway::mem_gateway: gateway write: compositions.create failed error=namespace not found: NamespaceId(4378ad03-d3a7-57ab-a3cf-f7e27a5a147b)
May 07 19:19:36 kiseki-storage-1 kiseki-server[9223]: 2026-05-07T19:19:36.803835Z  WARN kiseki_gateway::mem_gateway: gateway write: compositions.create failed error=namespace not found: NamespaceId(4378ad03-d3a7-57ab-a3cf-f7e27a5a147b)
May 07 19:19:36 kiseki-storage-1 kiseki-server[9223]: 2026-05-07T19:19:36.808859Z  WARN kiseki_gateway::mem_gateway: gateway write: compositions.create failed error=namespace not found: NamespaceId(4378ad03-d3a7-57ab-a3cf-f7e27a5a147b)
May 07 19:19:36 kiseki-storage-1 kiseki-server[9223]: 2026-05-07T19:19:36.814590Z  WARN kiseki_gateway::mem_gateway: gateway write: compositions.create failed error=namespace not found: NamespaceId(4378ad03-d3a7-57ab-a3cf-f7e27a5a147b)
May 07 19:19:36 kiseki-storage-1 kiseki-server[9223]: 2026-05-07T19:19:36.843110Z  WARN kiseki_gateway::mem_gateway: gateway write: compositions.create failed error=namespace not found: NamespaceId(4378ad03-d3a7-57ab-a3cf-f7e27a5a147b)
May 07 19:19:36 kiseki-storage-1 kiseki-server[9223]: 2026-05-07T19:19:36.862662Z  WARN kiseki_gateway::mem_gateway: gateway write: compositions.create failed error=namespace not found: NamespaceId(4378ad03-d3a7-57ab-a3cf-f7e27a5a147b)
May 07 19:19:36 kiseki-storage-1 kiseki-server[9223]: 2026-05-07T19:19:36.879311Z  WARN kiseki_gateway::mem_gateway: gateway write: compositions.create failed error=namespace not found: NamespaceId(4378ad03-d3a7-57ab-a3cf-f7e27a5a147b)
May 07 19:19:36 kiseki-storage-1 kiseki-server[9223]: 2026-05-07T19:19:36.895540Z  WARN kiseki_gateway::mem_gateway: gateway write: compositions.create failed error=namespace not found: NamespaceId(4378ad03-d3a7-57ab-a3cf-f7e27a5a147b)
May 07 19:19:36 kiseki-storage-1 kiseki-server[9223]: 2026-05-07T19:19:36.899455Z  WARN kiseki_gateway::mem_gateway: gateway write: compositions.create failed error=namespace not found: NamespaceId(4378ad03-d3a7-57ab-a3cf-f7e27a5a147b)
May 07 19:19:36 kiseki-storage-1 kiseki-server[9223]: 2026-05-07T19:19:36.915213Z  WARN kiseki_gateway::mem_gateway: gateway write: compositions.create failed error=namespace not found: NamespaceId(4378ad03-d3a7-57ab-a3cf-f7e27a5a147b)
May 07 19:19:36 kiseki-storage-1 kiseki-server[9223]: 2026-05-07T19:19:36.919827Z  WARN kiseki_gateway::mem_gateway: gateway write: compositions.create failed error=namespace not found: NamespaceId(4378ad03-d3a7-57ab-a3cf-f7e27a5a147b)
May 07 19:19:36 kiseki-storage-1 kiseki-server[9223]: 2026-05-07T19:19:36.921600Z  WARN kiseki_gateway::mem_gateway: gateway write: compositions.create failed error=namespace not found: NamespaceId(4378ad03-d3a7-57ab-a3cf-f7e27a5a147b)
May 07 19:19:36 kiseki-storage-1 kiseki-server[9223]: 2026-05-07T19:19:36.925675Z  WARN kiseki_gateway::mem_gateway: gateway write: compositions.create failed error=namespace not found: NamespaceId(4378ad03-d3a7-57ab-a3cf-f7e27a5a147b)
May 07 19:19:36 kiseki-storage-1 kiseki-server[9223]: 2026-05-07T19:19:36.932164Z  WARN kiseki_gateway::mem_gateway: gateway write: compositions.create failed error=namespace not found: NamespaceId(4378ad03-d3a7-57ab-a3cf-f7e27a5a147b)
May 07 19:19:36 kiseki-storage-1 kiseki-server[9223]: 2026-05-07T19:19:36.946095Z  WARN kiseki_gateway::mem_gateway: gateway write: compositions.create failed error=namespace not found: NamespaceId(4378ad03-d3a7-57ab-a3cf-f7e27a5a147b)
May 07 19:19:36 kiseki-storage-1 kiseki-server[9223]: 2026-05-07T19:19:36.973573Z  WARN kiseki_gateway::mem_gateway: gateway write: compositions.create failed error=namespace not found: NamespaceId(4378ad03-d3a7-57ab-a3cf-f7e27a5a147b)
May 07 19:19:36 kiseki-storage-1 kiseki-server[9223]: 2026-05-07T19:19:36.974866Z  WARN kiseki_gateway::mem_gateway: gateway write: compositions.create failed error=namespace not found: NamespaceId(4378ad03-d3a7-57ab-a3cf-f7e27a5a147b)
May 07 19:19:36 kiseki-storage-1 kiseki-server[9223]: 2026-05-07T19:19:36.991649Z  WARN kiseki_gateway::mem_gateway: gateway write: compositions.create failed error=namespace not found: NamespaceId(4378ad03-d3a7-57ab-a3cf-f7e27a5a147b)
May 07 19:19:36 kiseki-storage-1 kiseki-server[9223]: 2026-05-07T19:19:36.992684Z  WARN kiseki_gateway::mem_gateway: gateway write: compositions.create failed error=namespace not found: NamespaceId(4378ad03-d3a7-57ab-a3cf-f7e27a5a147b)
May 07 19:19:36 kiseki-storage-1 kiseki-server[9223]: 2026-05-07T19:19:36.996756Z  WARN kiseki_gateway::mem_gateway: gateway write: compositions.create failed error=namespace not found: NamespaceId(4378ad03-d3a7-57ab-a3cf-f7e27a5a147b)
May 07 19:19:36 kiseki-storage-1 kiseki-server[9223]: 2026-05-07T19:19:36.998430Z  WARN kiseki_gateway::mem_gateway: gateway write: compositions.create failed error=namespace not found: NamespaceId(4378ad03-d3a7-57ab-a3cf-f7e27a5a147b)
May 07 19:19:37 kiseki-storage-1 kiseki-server[9223]: 2026-05-07T19:19:37.000722Z  WARN kiseki_gateway::mem_gateway: gateway write: compositions.create failed error=namespace not found: NamespaceId(4378ad03-d3a7-57ab-a3cf-f7e27a5a147b)
May 07 19:19:37 kiseki-storage-1 kiseki-server[9223]: 2026-05-07T19:19:37.024672Z  WARN kiseki_gateway::mem_gateway: gateway write: compositions.create failed error=namespace not found: NamespaceId(4378ad03-d3a7-57ab-a3cf-f7e27a5a147b)
May 07 19:19:37 kiseki-storage-1 kiseki-server[9223]: 2026-05-07T19:19:37.035042Z  WARN kiseki_gateway::mem_gateway: gateway write: compositions.create failed error=namespace not found: NamespaceId(4378ad03-d3a7-57ab-a3cf-f7e27a5a147b)
May 07 19:19:37 kiseki-storage-1 kiseki-server[9223]: 2026-05-07T19:19:37.040322Z  WARN kiseki_gateway::mem_gateway: gateway write: compositions.create failed error=namespace not found: NamespaceId(4378ad03-d3a7-57ab-a3cf-f7e27a5a147b)
May 07 19:19:37 kiseki-storage-1 kiseki-server[9223]: 2026-05-07T19:19:37.040506Z  WARN kiseki_gateway::mem_gateway: gateway write: compositions.create failed error=namespace not found: NamespaceId(4378ad03-d3a7-57ab-a3cf-f7e27a5a147b)
May 07 19:19:37 kiseki-storage-1 kiseki-server[9223]: 2026-05-07T19:19:37.045418Z  WARN kiseki_gateway::mem_gateway: gateway write: compositions.create failed error=namespace not found: NamespaceId(4378ad03-d3a7-57ab-a3cf-f7e27a5a147b)
May 07 19:19:37 kiseki-storage-1 kiseki-server[9223]: 2026-05-07T19:19:37.067499Z  WARN kiseki_gateway::mem_gateway: gateway write: compositions.create failed error=namespace not found: NamespaceId(4378ad03-d3a7-57ab-a3cf-f7e27a5a147b)
May 07 19:19:37 kiseki-storage-1 kiseki-server[9223]: 2026-05-07T19:19:37.072334Z  WARN kiseki_gateway::mem_gateway: gateway write: compositions.create failed error=namespace not found: NamespaceId(4378ad03-d3a7-57ab-a3cf-f7e27a5a147b)
May 07 19:19:37 kiseki-storage-1 kiseki-server[9223]: 2026-05-07T19:19:37.073452Z  WARN kiseki_gateway::mem_gateway: gateway write: compositions.create failed error=namespace not found: NamespaceId(4378ad03-d3a7-57ab-a3cf-f7e27a5a147b)
May 07 19:19:37 kiseki-storage-1 kiseki-server[9223]: 2026-05-07T19:19:37.085110Z  WARN kiseki_gateway::mem_gateway: gateway write: compositions.create failed error=namespace not found: NamespaceId(4378ad03-d3a7-57ab-a3cf-f7e27a5a147b)
May 07 19:19:37 kiseki-storage-1 kiseki-server[9223]: 2026-05-07T19:19:37.093184Z  WARN kiseki_gateway::mem_gateway: gateway write: compositions.create failed error=namespace not found: NamespaceId(4378ad03-d3a7-57ab-a3cf-f7e27a5a147b)
May 07 19:19:37 kiseki-storage-1 kiseki-server[9223]: 2026-05-07T19:19:37.108835Z  WARN kiseki_gateway::mem_gateway: gateway write: compositions.create failed error=namespace not found: NamespaceId(4378ad03-d3a7-57ab-a3cf-f7e27a5a147b)
May 07 19:19:37 kiseki-storage-1 kiseki-server[9223]: 2026-05-07T19:19:37.129669Z  WARN kiseki_gateway::mem_gateway: gateway write: compositions.create failed error=namespace not found: NamespaceId(4378ad03-d3a7-57ab-a3cf-f7e27a5a147b)
May 07 19:19:37 kiseki-storage-1 kiseki-server[9223]: 2026-05-07T19:19:37.167536Z  WARN kiseki_gateway::mem_gateway: gateway write: compositions.create failed error=namespace not found: NamespaceId(4378ad03-d3a7-57ab-a3cf-f7e27a5a147b)
May 07 19:19:37 kiseki-storage-1 kiseki-server[9223]: 2026-05-07T19:19:37.172217Z  WARN kiseki_gateway::mem_gateway: gateway write: compositions.create failed error=namespace not found: NamespaceId(4378ad03-d3a7-57ab-a3cf-f7e27a5a147b)
May 07 19:19:37 kiseki-storage-1 kiseki-server[9223]: 2026-05-07T19:19:37.176570Z  WARN kiseki_gateway::mem_gateway: gateway write: compositions.create failed error=namespace not found: NamespaceId(4378ad03-d3a7-57ab-a3cf-f7e27a5a147b)
May 07 19:19:37 kiseki-storage-1 kiseki-server[9223]: 2026-05-07T19:19:37.193227Z  WARN kiseki_gateway::mem_gateway: gateway write: compositions.create failed error=namespace not found: NamespaceId(4378ad03-d3a7-57ab-a3cf-f7e27a5a147b)
May 07 19:19:37 kiseki-storage-1 kiseki-server[9223]: 2026-05-07T19:19:37.196209Z  WARN kiseki_gateway::mem_gateway: gateway write: compositions.create failed error=namespace not found: NamespaceId(4378ad03-d3a7-57ab-a3cf-f7e27a5a147b)
May 07 19:19:37 kiseki-storage-1 kiseki-server[9223]: 2026-05-07T19:19:37.205798Z  WARN kiseki_gateway::mem_gateway: gateway write: compositions.create failed error=namespace not found: NamespaceId(4378ad03-d3a7-57ab-a3cf-f7e27a5a147b)
May 07 19:19:37 kiseki-storage-1 kiseki-server[9223]: 2026-05-07T19:19:37.215228Z  WARN kiseki_gateway::mem_gateway: gateway write: compositions.create failed error=namespace not found: NamespaceId(4378ad03-d3a7-57ab-a3cf-f7e27a5a147b)
May 07 19:19:37 kiseki-storage-1 kiseki-server[9223]: 2026-05-07T19:19:37.216551Z  WARN kiseki_gateway::mem_gateway: gateway write: compositions.create failed error=namespace not found: NamespaceId(4378ad03-d3a7-57ab-a3cf-f7e27a5a147b)
May 07 19:19:37 kiseki-storage-1 kiseki-server[9223]: 2026-05-07T19:19:37.216578Z  WARN kiseki_gateway::mem_gateway: gateway write: compositions.create failed error=namespace not found: NamespaceId(4378ad03-d3a7-57ab-a3cf-f7e27a5a147b)
May 07 19:19:37 kiseki-storage-1 kiseki-server[9223]: 2026-05-07T19:19:37.226155Z  WARN kiseki_gateway::mem_gateway: gateway write: compositions.create failed error=namespace not found: NamespaceId(4378ad03-d3a7-57ab-a3cf-f7e27a5a147b)
May 07 19:19:37 kiseki-storage-1 kiseki-server[9223]: 2026-05-07T19:19:37.235422Z  WARN kiseki_gateway::mem_gateway: gateway write: compositions.create failed error=namespace not found: NamespaceId(4378ad03-d3a7-57ab-a3cf-f7e27a5a147b)
May 07 19:19:37 kiseki-storage-1 kiseki-server[9223]: 2026-05-07T19:19:37.250482Z  WARN kiseki_gateway::mem_gateway: gateway write: compositions.create failed error=namespace not found: NamespaceId(4378ad03-d3a7-57ab-a3cf-f7e27a5a147b)
May 07 19:19:37 kiseki-storage-1 kiseki-server[9223]: 2026-05-07T19:19:37.258745Z  WARN kiseki_gateway::mem_gateway: gateway write: compositions.create failed error=namespace not found: NamespaceId(4378ad03-d3a7-57ab-a3cf-f7e27a5a147b)
May 07 19:19:37 kiseki-storage-1 kiseki-server[9223]: 2026-05-07T19:19:37.282004Z  WARN kiseki_gateway::mem_gateway: gateway write: compositions.create failed error=namespace not found: NamespaceId(4378ad03-d3a7-57ab-a3cf-f7e27a5a147b)
May 07 19:19:37 kiseki-storage-1 kiseki-server[9223]: 2026-05-07T19:19:37.291859Z  WARN kiseki_gateway::mem_gateway: gateway write: compositions.create failed error=namespace not found: NamespaceId(4378ad03-d3a7-57ab-a3cf-f7e27a5a147b)
May 07 19:19:37 kiseki-storage-1 kiseki-server[9223]: 2026-05-07T19:19:37.295490Z  WARN kiseki_gateway::mem_gateway: gateway write: compositions.create failed error=namespace not found: NamespaceId(4378ad03-d3a7-57ab-a3cf-f7e27a5a147b)
May 07 19:19:37 kiseki-storage-1 kiseki-server[9223]: 2026-05-07T19:19:37.302714Z  WARN kiseki_gateway::mem_gateway: gateway write: compositions.create failed error=namespace not found: NamespaceId(4378ad03-d3a7-57ab-a3cf-f7e27a5a147b)
May 07 19:19:37 kiseki-storage-1 kiseki-server[9223]: 2026-05-07T19:19:37.311254Z  WARN kiseki_gateway::mem_gateway: gateway write: compositions.create failed error=namespace not found: NamespaceId(4378ad03-d3a7-57ab-a3cf-f7e27a5a147b)
May 07 19:19:37 kiseki-storage-1 kiseki-server[9223]: 2026-05-07T19:19:37.326658Z  WARN kiseki_gateway::mem_gateway: gateway write: compositions.create failed error=namespace not found: NamespaceId(4378ad03-d3a7-57ab-a3cf-f7e27a5a147b)
May 07 19:19:37 kiseki-storage-1 kiseki-server[9223]: 2026-05-07T19:19:37.327105Z  WARN kiseki_gateway::mem_gateway: gateway write: compositions.create failed error=namespace not found: NamespaceId(4378ad03-d3a7-57ab-a3cf-f7e27a5a147b)
May 07 19:19:37 kiseki-storage-1 kiseki-server[9223]: 2026-05-07T19:19:37.338504Z  WARN kiseki_gateway::mem_gateway: gateway write: compositions.create failed error=namespace not found: NamespaceId(4378ad03-d3a7-57ab-a3cf-f7e27a5a147b)
May 07 19:19:37 kiseki-storage-1 kiseki-server[9223]: 2026-05-07T19:19:37.341093Z  WARN kiseki_gateway::mem_gateway: gateway write: compositions.create failed error=namespace not found: NamespaceId(4378ad03-d3a7-57ab-a3cf-f7e27a5a147b)
May 07 19:19:37 kiseki-storage-1 kiseki-server[9223]: 2026-05-07T19:19:37.346992Z  WARN kiseki_gateway::mem_gateway: gateway write: compositions.create failed error=namespace not found: NamespaceId(4378ad03-d3a7-57ab-a3cf-f7e27a5a147b)
May 07 19:19:37 kiseki-storage-1 kiseki-server[9223]: 2026-05-07T19:19:37.357394Z  WARN kiseki_gateway::mem_gateway: gateway write: compositions.create failed error=namespace not found: NamespaceId(4378ad03-d3a7-57ab-a3cf-f7e27a5a147b)
May 07 19:19:37 kiseki-storage-1 kiseki-server[9223]: 2026-05-07T19:19:37.360869Z  WARN kiseki_gateway::mem_gateway: gateway write: compositions.create failed error=namespace not found: NamespaceId(4378ad03-d3a7-57ab-a3cf-f7e27a5a147b)
May 07 19:19:37 kiseki-storage-1 kiseki-server[9223]: 2026-05-07T19:19:37.382157Z  WARN kiseki_gateway::mem_gateway: gateway write: compositions.create failed error=namespace not found: NamespaceId(4378ad03-d3a7-57ab-a3cf-f7e27a5a147b)
May 07 19:19:37 kiseki-storage-1 kiseki-server[9223]: 2026-05-07T19:19:37.404249Z  WARN kiseki_gateway::mem_gateway: gateway write: compositions.create failed error=namespace not found: NamespaceId(4378ad03-d3a7-57ab-a3cf-f7e27a5a147b)
May 07 19:19:37 kiseki-storage-1 kiseki-server[9223]: 2026-05-07T19:19:37.423637Z  WARN kiseki_gateway::mem_gateway: gateway write: compositions.create failed error=namespace not found: NamespaceId(4378ad03-d3a7-57ab-a3cf-f7e27a5a147b)
May 07 19:19:37 kiseki-storage-1 kiseki-server[9223]: 2026-05-07T19:19:37.430035Z  WARN kiseki_gateway::mem_gateway: gateway write: compositions.create failed error=namespace not found: NamespaceId(4378ad03-d3a7-57ab-a3cf-f7e27a5a147b)
May 07 19:19:37 kiseki-storage-1 kiseki-server[9223]: 2026-05-07T19:19:37.437625Z  WARN kiseki_gateway::mem_gateway: gateway write: compositions.create failed error=namespace not found: NamespaceId(4378ad03-d3a7-57ab-a3cf-f7e27a5a147b)
May 07 19:19:37 kiseki-storage-1 kiseki-server[9223]: 2026-05-07T19:19:37.441754Z  WARN kiseki_gateway::mem_gateway: gateway write: compositions.create failed error=namespace not found: NamespaceId(4378ad03-d3a7-57ab-a3cf-f7e27a5a147b)
May 07 19:19:37 kiseki-storage-1 kiseki-server[9223]: 2026-05-07T19:19:37.459052Z  WARN kiseki_gateway::mem_gateway: gateway write: compositions.create failed error=namespace not found: NamespaceId(4378ad03-d3a7-57ab-a3cf-f7e27a5a147b)
May 07 19:19:37 kiseki-storage-1 kiseki-server[9223]: 2026-05-07T19:19:37.463469Z  WARN kiseki_gateway::mem_gateway: gateway write: compositions.create failed error=namespace not found: NamespaceId(4378ad03-d3a7-57ab-a3cf-f7e27a5a147b)
May 07 19:19:37 kiseki-storage-1 kiseki-server[9223]: 2026-05-07T19:19:37.476537Z  WARN kiseki_gateway::mem_gateway: gateway write: compositions.create failed error=namespace not found: NamespaceId(4378ad03-d3a7-57ab-a3cf-f7e27a5a147b)
May 07 19:19:37 kiseki-storage-1 kiseki-server[9223]: 2026-05-07T19:19:37.477280Z  WARN kiseki_gateway::mem_gateway: gateway write: compositions.create failed error=namespace not found: NamespaceId(4378ad03-d3a7-57ab-a3cf-f7e27a5a147b)
May 07 19:19:37 kiseki-storage-1 kiseki-server[9223]: 2026-05-07T19:19:37.483263Z  WARN kiseki_gateway::mem_gateway: gateway write: compositions.create failed error=namespace not found: NamespaceId(4378ad03-d3a7-57ab-a3cf-f7e27a5a147b)
May 07 19:19:37 kiseki-storage-1 kiseki-server[9223]: 2026-05-07T19:19:37.490753Z  WARN kiseki_gateway::mem_gateway: gateway write: compositions.create failed error=namespace not found: NamespaceId(4378ad03-d3a7-57ab-a3cf-f7e27a5a147b)
May 07 19:19:37 kiseki-storage-1 kiseki-server[9223]: 2026-05-07T19:19:37.495132Z  WARN kiseki_gateway::mem_gateway: gateway write: compositions.create failed error=namespace not found: NamespaceId(4378ad03-d3a7-57ab-a3cf-f7e27a5a147b)
May 07 19:19:37 kiseki-storage-1 kiseki-server[9223]: 2026-05-07T19:19:37.498307Z  WARN kiseki_gateway::mem_gateway: gateway write: compositions.create failed error=namespace not found: NamespaceId(4378ad03-d3a7-57ab-a3cf-f7e27a5a147b)
May 07 19:19:37 kiseki-storage-1 kiseki-server[9223]: 2026-05-07T19:19:37.506852Z  WARN kiseki_gateway::mem_gateway: gateway write: compositions.create failed error=namespace not found: NamespaceId(4378ad03-d3a7-57ab-a3cf-f7e27a5a147b)
May 07 19:19:37 kiseki-storage-1 kiseki-server[9223]: 2026-05-07T19:19:37.510358Z  WARN kiseki_gateway::mem_gateway: gateway write: compositions.create failed error=namespace not found: NamespaceId(4378ad03-d3a7-57ab-a3cf-f7e27a5a147b)
May 07 19:19:37 kiseki-storage-1 kiseki-server[9223]: 2026-05-07T19:19:37.513996Z  WARN kiseki_gateway::mem_gateway: gateway write: compositions.create failed error=namespace not found: NamespaceId(4378ad03-d3a7-57ab-a3cf-f7e27a5a147b)
May 07 19:19:37 kiseki-storage-1 kiseki-server[9223]: 2026-05-07T19:19:37.526434Z  WARN kiseki_gateway::mem_gateway: gateway write: compositions.create failed error=namespace not found: NamespaceId(4378ad03-d3a7-57ab-a3cf-f7e27a5a147b)
May 07 19:19:37 kiseki-storage-1 kiseki-server[9223]: 2026-05-07T19:19:37.536251Z  WARN kiseki_gateway::mem_gateway: gateway write: compositions.create failed error=namespace not found: NamespaceId(4378ad03-d3a7-57ab-a3cf-f7e27a5a147b)
May 07 19:19:37 kiseki-storage-1 kiseki-server[9223]: 2026-05-07T19:19:37.541370Z  WARN kiseki_gateway::mem_gateway: gateway write: compositions.create failed error=namespace not found: NamespaceId(4378ad03-d3a7-57ab-a3cf-f7e27a5a147b)
May 07 19:19:37 kiseki-storage-1 kiseki-server[9223]: 2026-05-07T19:19:37.544667Z  WARN kiseki_gateway::mem_gateway: gateway write: compositions.create failed error=namespace not found: NamespaceId(4378ad03-d3a7-57ab-a3cf-f7e27a5a147b)
May 07 19:19:37 kiseki-storage-1 kiseki-server[9223]: 2026-05-07T19:19:37.544687Z  WARN kiseki_gateway::mem_gateway: gateway write: compositions.create failed error=namespace not found: NamespaceId(4378ad03-d3a7-57ab-a3cf-f7e27a5a147b)
May 07 19:19:37 kiseki-storage-1 kiseki-server[9223]: 2026-05-07T19:19:37.544787Z  WARN kiseki_gateway::mem_gateway: gateway write: compositions.create failed error=namespace not found: NamespaceId(4378ad03-d3a7-57ab-a3cf-f7e27a5a147b)
May 07 19:19:37 kiseki-storage-1 kiseki-server[9223]: 2026-05-07T19:19:37.568627Z  WARN kiseki_gateway::mem_gateway: gateway write: compositions.create failed error=namespace not found: NamespaceId(4378ad03-d3a7-57ab-a3cf-f7e27a5a147b)
May 07 19:19:37 kiseki-storage-1 kiseki-server[9223]: 2026-05-07T19:19:37.586984Z  WARN kiseki_gateway::mem_gateway: gateway write: compositions.create failed error=namespace not found: NamespaceId(4378ad03-d3a7-57ab-a3cf-f7e27a5a147b)
May 07 19:19:37 kiseki-storage-1 kiseki-server[9223]: 2026-05-07T19:19:37.588049Z  WARN kiseki_gateway::mem_gateway: gateway write: compositions.create failed error=namespace not found: NamespaceId(4378ad03-d3a7-57ab-a3cf-f7e27a5a147b)
May 07 19:19:37 kiseki-storage-1 kiseki-server[9223]: 2026-05-07T19:19:37.593106Z  WARN kiseki_gateway::mem_gateway: gateway write: compositions.create failed error=namespace not found: NamespaceId(4378ad03-d3a7-57ab-a3cf-f7e27a5a147b)
May 07 19:19:37 kiseki-storage-1 kiseki-server[9223]: 2026-05-07T19:19:37.618623Z  WARN kiseki_gateway::mem_gateway: gateway write: compositions.create failed error=namespace not found: NamespaceId(4378ad03-d3a7-57ab-a3cf-f7e27a5a147b)
May 07 19:19:37 kiseki-storage-1 kiseki-server[9223]: 2026-05-07T19:19:37.631799Z  WARN kiseki_gateway::mem_gateway: gateway write: compositions.create failed error=namespace not found: NamespaceId(4378ad03-d3a7-57ab-a3cf-f7e27a5a147b)
May 07 19:19:37 kiseki-storage-1 kiseki-server[9223]: 2026-05-07T19:19:37.676446Z  WARN kiseki_gateway::mem_gateway: gateway write: compositions.create failed error=namespace not found: NamespaceId(4378ad03-d3a7-57ab-a3cf-f7e27a5a147b)
May 07 19:19:37 kiseki-storage-1 kiseki-server[9223]: 2026-05-07T19:19:37.680556Z  WARN kiseki_gateway::mem_gateway: gateway write: compositions.create failed error=namespace not found: NamespaceId(4378ad03-d3a7-57ab-a3cf-f7e27a5a147b)
May 07 19:19:37 kiseki-storage-1 kiseki-server[9223]: 2026-05-07T19:19:37.703392Z  WARN kiseki_gateway::mem_gateway: gateway write: compositions.create failed error=namespace not found: NamespaceId(4378ad03-d3a7-57ab-a3cf-f7e27a5a147b)
May 07 19:19:37 kiseki-storage-1 kiseki-server[9223]: 2026-05-07T19:19:37.760143Z  WARN kiseki_gateway::mem_gateway: gateway write: compositions.create failed error=namespace not found: NamespaceId(4378ad03-d3a7-57ab-a3cf-f7e27a5a147b)
May 07 19:19:37 kiseki-storage-1 kiseki-server[9223]: 2026-05-07T19:19:37.773984Z  WARN kiseki_gateway::mem_gateway: gateway write: compositions.create failed error=namespace not found: NamespaceId(4378ad03-d3a7-57ab-a3cf-f7e27a5a147b)
May 07 19:19:37 kiseki-storage-1 kiseki-server[9223]: 2026-05-07T19:19:37.814343Z  WARN kiseki_gateway::mem_gateway: gateway write: compositions.create failed error=namespace not found: NamespaceId(4378ad03-d3a7-57ab-a3cf-f7e27a5a147b)
May 07 19:19:37 kiseki-storage-1 kiseki-server[9223]: 2026-05-07T19:19:37.815653Z  WARN kiseki_gateway::mem_gateway: gateway write: compositions.create failed error=namespace not found: NamespaceId(4378ad03-d3a7-57ab-a3cf-f7e27a5a147b)
May 07 19:19:37 kiseki-storage-1 kiseki-server[9223]: 2026-05-07T19:19:37.817447Z  WARN kiseki_gateway::mem_gateway: gateway write: compositions.create failed error=namespace not found: NamespaceId(4378ad03-d3a7-57ab-a3cf-f7e27a5a147b)
May 07 19:19:37 kiseki-storage-1 kiseki-server[9223]: 2026-05-07T19:19:37.839448Z  WARN kiseki_gateway::mem_gateway: gateway write: compositions.create failed error=namespace not found: NamespaceId(4378ad03-d3a7-57ab-a3cf-f7e27a5a147b)
May 07 19:19:37 kiseki-storage-1 kiseki-server[9223]: 2026-05-07T19:19:37.875040Z  WARN kiseki_gateway::mem_gateway: gateway write: compositions.create failed error=namespace not found: NamespaceId(4378ad03-d3a7-57ab-a3cf-f7e27a5a147b)
May 07 19:19:37 kiseki-storage-1 kiseki-server[9223]: 2026-05-07T19:19:37.889668Z  WARN kiseki_gateway::mem_gateway: gateway write: compositions.create failed error=namespace not found: NamespaceId(4378ad03-d3a7-57ab-a3cf-f7e27a5a147b)
May 07 19:19:37 kiseki-storage-1 kiseki-server[9223]: 2026-05-07T19:19:37.933320Z  WARN kiseki_gateway::mem_gateway: gateway write: compositions.create failed error=namespace not found: NamespaceId(4378ad03-d3a7-57ab-a3cf-f7e27a5a147b)
May 07 19:19:37 kiseki-storage-1 kiseki-server[9223]: 2026-05-07T19:19:37.936048Z  WARN kiseki_gateway::mem_gateway: gateway write: compositions.create failed error=namespace not found: NamespaceId(4378ad03-d3a7-57ab-a3cf-f7e27a5a147b)
May 07 19:19:37 kiseki-storage-1 kiseki-server[9223]: 2026-05-07T19:19:37.936936Z  WARN kiseki_gateway::mem_gateway: gateway write: compositions.create failed error=namespace not found: NamespaceId(4378ad03-d3a7-57ab-a3cf-f7e27a5a147b)
May 07 19:19:37 kiseki-storage-1 kiseki-server[9223]: 2026-05-07T19:19:37.937860Z  WARN kiseki_gateway::mem_gateway: gateway write: compositions.create failed error=namespace not found: NamespaceId(4378ad03-d3a7-57ab-a3cf-f7e27a5a147b)
May 07 19:19:37 kiseki-storage-1 kiseki-server[9223]: 2026-05-07T19:19:37.946373Z  WARN kiseki_gateway::mem_gateway: gateway write: compositions.create failed error=namespace not found: NamespaceId(4378ad03-d3a7-57ab-a3cf-f7e27a5a147b)
May 07 19:19:37 kiseki-storage-1 kiseki-server[9223]: 2026-05-07T19:19:37.967022Z  WARN kiseki_gateway::mem_gateway: gateway write: compositions.create failed error=namespace not found: NamespaceId(4378ad03-d3a7-57ab-a3cf-f7e27a5a147b)
May 07 19:19:37 kiseki-storage-1 kiseki-server[9223]: 2026-05-07T19:19:37.967405Z  WARN kiseki_gateway::mem_gateway: gateway write: compositions.create failed error=namespace not found: NamespaceId(4378ad03-d3a7-57ab-a3cf-f7e27a5a147b)
May 07 19:19:37 kiseki-storage-1 kiseki-server[9223]: 2026-05-07T19:19:37.975820Z  WARN kiseki_gateway::mem_gateway: gateway write: compositions.create failed error=namespace not found: NamespaceId(4378ad03-d3a7-57ab-a3cf-f7e27a5a147b)
May 07 19:19:37 kiseki-storage-1 kiseki-server[9223]: 2026-05-07T19:19:37.996610Z  WARN kiseki_gateway::mem_gateway: gateway write: compositions.create failed error=namespace not found: NamespaceId(4378ad03-d3a7-57ab-a3cf-f7e27a5a147b)
May 07 19:19:37 kiseki-storage-1 kiseki-server[9223]: 2026-05-07T19:19:37.999188Z  WARN kiseki_gateway::mem_gateway: gateway write: compositions.create failed error=namespace not found: NamespaceId(4378ad03-d3a7-57ab-a3cf-f7e27a5a147b)
May 07 19:19:38 kiseki-storage-1 kiseki-server[9223]: 2026-05-07T19:19:38.002275Z  WARN kiseki_gateway::mem_gateway: gateway write: compositions.create failed error=namespace not found: NamespaceId(4378ad03-d3a7-57ab-a3cf-f7e27a5a147b)
May 07 19:19:38 kiseki-storage-1 kiseki-server[9223]: 2026-05-07T19:19:38.002918Z  WARN kiseki_gateway::mem_gateway: gateway write: compositions.create failed error=namespace not found: NamespaceId(4378ad03-d3a7-57ab-a3cf-f7e27a5a147b)
May 07 19:19:38 kiseki-storage-1 kiseki-server[9223]: 2026-05-07T19:19:38.013256Z  WARN kiseki_gateway::mem_gateway: gateway write: compositions.create failed error=namespace not found: NamespaceId(4378ad03-d3a7-57ab-a3cf-f7e27a5a147b)
May 07 19:19:38 kiseki-storage-1 kiseki-server[9223]: 2026-05-07T19:19:38.023599Z  WARN kiseki_gateway::mem_gateway: gateway write: compositions.create failed error=namespace not found: NamespaceId(4378ad03-d3a7-57ab-a3cf-f7e27a5a147b)
May 07 19:19:38 kiseki-storage-1 kiseki-server[9223]: 2026-05-07T19:19:38.025790Z  WARN kiseki_gateway::mem_gateway: gateway write: compositions.create failed error=namespace not found: NamespaceId(4378ad03-d3a7-57ab-a3cf-f7e27a5a147b)
May 07 19:19:38 kiseki-storage-1 kiseki-server[9223]: 2026-05-07T19:19:38.042021Z  WARN kiseki_gateway::mem_gateway: gateway write: compositions.create failed error=namespace not found: NamespaceId(4378ad03-d3a7-57ab-a3cf-f7e27a5a147b)
May 07 19:19:38 kiseki-storage-1 kiseki-server[9223]: 2026-05-07T19:19:38.064880Z  WARN kiseki_gateway::mem_gateway: gateway write: compositions.create failed error=namespace not found: NamespaceId(4378ad03-d3a7-57ab-a3cf-f7e27a5a147b)
May 07 19:19:38 kiseki-storage-1 kiseki-server[9223]: 2026-05-07T19:19:38.088395Z  WARN kiseki_gateway::mem_gateway: gateway write: compositions.create failed error=namespace not found: NamespaceId(4378ad03-d3a7-57ab-a3cf-f7e27a5a147b)
May 07 19:19:38 kiseki-storage-1 kiseki-server[9223]: 2026-05-07T19:19:38.089942Z  WARN kiseki_gateway::mem_gateway: gateway write: compositions.create failed error=namespace not found: NamespaceId(4378ad03-d3a7-57ab-a3cf-f7e27a5a147b)
May 07 19:19:38 kiseki-storage-1 kiseki-server[9223]: 2026-05-07T19:19:38.090584Z  WARN kiseki_gateway::mem_gateway: gateway write: compositions.create failed error=namespace not found: NamespaceId(4378ad03-d3a7-57ab-a3cf-f7e27a5a147b)
May 07 19:19:38 kiseki-storage-1 kiseki-server[9223]: 2026-05-07T19:19:38.092661Z  WARN kiseki_gateway::mem_gateway: gateway write: compositions.create failed error=namespace not found: NamespaceId(4378ad03-d3a7-57ab-a3cf-f7e27a5a147b)
May 07 19:19:38 kiseki-storage-1 kiseki-server[9223]: 2026-05-07T19:19:38.111821Z  WARN kiseki_gateway::mem_gateway: gateway write: compositions.create failed error=namespace not found: NamespaceId(4378ad03-d3a7-57ab-a3cf-f7e27a5a147b)
May 07 19:19:38 kiseki-storage-1 kiseki-server[9223]: 2026-05-07T19:19:38.133631Z  WARN kiseki_gateway::mem_gateway: gateway write: compositions.create failed error=namespace not found: NamespaceId(4378ad03-d3a7-57ab-a3cf-f7e27a5a147b)
May 07 19:19:38 kiseki-storage-1 kiseki-server[9223]: 2026-05-07T19:19:38.140224Z  WARN kiseki_gateway::mem_gateway: gateway write: compositions.create failed error=namespace not found: NamespaceId(4378ad03-d3a7-57ab-a3cf-f7e27a5a147b)
May 07 19:19:38 kiseki-storage-1 kiseki-server[9223]: 2026-05-07T19:19:38.153897Z  WARN kiseki_gateway::mem_gateway: gateway write: compositions.create failed error=namespace not found: NamespaceId(4378ad03-d3a7-57ab-a3cf-f7e27a5a147b)
May 07 19:19:38 kiseki-storage-1 kiseki-server[9223]: 2026-05-07T19:19:38.155935Z  WARN kiseki_gateway::mem_gateway: gateway write: compositions.create failed error=namespace not found: NamespaceId(4378ad03-d3a7-57ab-a3cf-f7e27a5a147b)
May 07 19:19:38 kiseki-storage-1 kiseki-server[9223]: 2026-05-07T19:19:38.157111Z  WARN kiseki_gateway::mem_gateway: gateway write: compositions.create failed error=namespace not found: NamespaceId(4378ad03-d3a7-57ab-a3cf-f7e27a5a147b)
May 07 19:19:38 kiseki-storage-1 kiseki-server[9223]: 2026-05-07T19:19:38.173609Z  WARN kiseki_gateway::mem_gateway: gateway write: compositions.create failed error=namespace not found: NamespaceId(4378ad03-d3a7-57ab-a3cf-f7e27a5a147b)
May 07 19:19:38 kiseki-storage-1 kiseki-server[9223]: 2026-05-07T19:19:38.182279Z  WARN kiseki_gateway::mem_gateway: gateway write: compositions.create failed error=namespace not found: NamespaceId(4378ad03-d3a7-57ab-a3cf-f7e27a5a147b)
May 07 19:19:38 kiseki-storage-1 kiseki-server[9223]: 2026-05-07T19:19:38.186714Z  WARN kiseki_gateway::mem_gateway: gateway write: compositions.create failed error=namespace not found: NamespaceId(4378ad03-d3a7-57ab-a3cf-f7e27a5a147b)
May 07 19:19:38 kiseki-storage-1 kiseki-server[9223]: 2026-05-07T19:19:38.200425Z  WARN kiseki_gateway::mem_gateway: gateway write: compositions.create failed error=namespace not found: NamespaceId(4378ad03-d3a7-57ab-a3cf-f7e27a5a147b)
May 07 19:19:38 kiseki-storage-1 kiseki-server[9223]: 2026-05-07T19:19:38.215133Z  WARN kiseki_gateway::mem_gateway: gateway write: compositions.create failed error=namespace not found: NamespaceId(4378ad03-d3a7-57ab-a3cf-f7e27a5a147b)
May 07 19:19:38 kiseki-storage-1 kiseki-server[9223]: 2026-05-07T19:19:38.224181Z  WARN kiseki_gateway::mem_gateway: gateway write: compositions.create failed error=namespace not found: NamespaceId(4378ad03-d3a7-57ab-a3cf-f7e27a5a147b)
May 07 19:19:38 kiseki-storage-1 kiseki-server[9223]: 2026-05-07T19:19:38.225287Z  WARN kiseki_gateway::mem_gateway: gateway write: compositions.create failed error=namespace not found: NamespaceId(4378ad03-d3a7-57ab-a3cf-f7e27a5a147b)
May 07 19:19:38 kiseki-storage-1 kiseki-server[9223]: 2026-05-07T19:19:38.238761Z  WARN kiseki_gateway::mem_gateway: gateway write: compositions.create failed error=namespace not found: NamespaceId(4378ad03-d3a7-57ab-a3cf-f7e27a5a147b)
May 07 19:19:38 kiseki-storage-1 kiseki-server[9223]: 2026-05-07T19:19:38.241654Z  WARN kiseki_gateway::mem_gateway: gateway write: compositions.create failed error=namespace not found: NamespaceId(4378ad03-d3a7-57ab-a3cf-f7e27a5a147b)
May 07 19:19:38 kiseki-storage-1 kiseki-server[9223]: 2026-05-07T19:19:38.242870Z  WARN kiseki_gateway::mem_gateway: gateway write: compositions.create failed error=namespace not found: NamespaceId(4378ad03-d3a7-57ab-a3cf-f7e27a5a147b)
May 07 19:19:38 kiseki-storage-1 kiseki-server[9223]: 2026-05-07T19:19:38.246499Z  WARN kiseki_gateway::mem_gateway: gateway write: compositions.create failed error=namespace not found: NamespaceId(4378ad03-d3a7-57ab-a3cf-f7e27a5a147b)
May 07 19:19:38 kiseki-storage-1 kiseki-server[9223]: 2026-05-07T19:19:38.264943Z  WARN kiseki_gateway::mem_gateway: gateway write: compositions.create failed error=namespace not found: NamespaceId(4378ad03-d3a7-57ab-a3cf-f7e27a5a147b)
May 07 19:19:38 kiseki-storage-1 kiseki-server[9223]: 2026-05-07T19:19:38.278468Z  WARN kiseki_gateway::mem_gateway: gateway write: compositions.create failed error=namespace not found: NamespaceId(4378ad03-d3a7-57ab-a3cf-f7e27a5a147b)
May 07 19:19:38 kiseki-storage-1 kiseki-server[9223]: 2026-05-07T19:19:38.303019Z  WARN kiseki_gateway::mem_gateway: gateway write: compositions.create failed error=namespace not found: NamespaceId(4378ad03-d3a7-57ab-a3cf-f7e27a5a147b)
May 07 19:19:38 kiseki-storage-1 kiseki-server[9223]: 2026-05-07T19:19:38.310484Z  WARN kiseki_gateway::mem_gateway: gateway write: compositions.create failed error=namespace not found: NamespaceId(4378ad03-d3a7-57ab-a3cf-f7e27a5a147b)
May 07 19:19:38 kiseki-storage-1 kiseki-server[9223]: 2026-05-07T19:19:38.335711Z  WARN kiseki_gateway::mem_gateway: gateway write: compositions.create failed error=namespace not found: NamespaceId(4378ad03-d3a7-57ab-a3cf-f7e27a5a147b)
May 07 19:19:38 kiseki-storage-1 kiseki-server[9223]: 2026-05-07T19:19:38.337418Z  WARN kiseki_gateway::mem_gateway: gateway write: compositions.create failed error=namespace not found: NamespaceId(4378ad03-d3a7-57ab-a3cf-f7e27a5a147b)
May 07 19:19:38 kiseki-storage-1 kiseki-server[9223]: 2026-05-07T19:19:38.342581Z  WARN kiseki_gateway::mem_gateway: gateway write: compositions.create failed error=namespace not found: NamespaceId(4378ad03-d3a7-57ab-a3cf-f7e27a5a147b)
May 07 19:19:38 kiseki-storage-1 kiseki-server[9223]: 2026-05-07T19:19:38.371345Z  WARN kiseki_gateway::mem_gateway: gateway write: compositions.create failed error=namespace not found: NamespaceId(4378ad03-d3a7-57ab-a3cf-f7e27a5a147b)
May 07 19:19:38 kiseki-storage-1 kiseki-server[9223]: 2026-05-07T19:19:38.376566Z  WARN kiseki_gateway::mem_gateway: gateway write: compositions.create failed error=namespace not found: NamespaceId(4378ad03-d3a7-57ab-a3cf-f7e27a5a147b)
May 07 19:19:38 kiseki-storage-1 kiseki-server[9223]: 2026-05-07T19:19:38.379649Z  WARN kiseki_gateway::mem_gateway: gateway write: compositions.create failed error=namespace not found: NamespaceId(4378ad03-d3a7-57ab-a3cf-f7e27a5a147b)
May 07 19:19:38 kiseki-storage-1 kiseki-server[9223]: 2026-05-07T19:19:38.384005Z  WARN kiseki_gateway::mem_gateway: gateway write: compositions.create failed error=namespace not found: NamespaceId(4378ad03-d3a7-57ab-a3cf-f7e27a5a147b)
May 07 19:19:38 kiseki-storage-1 kiseki-server[9223]: 2026-05-07T19:19:38.389997Z  WARN kiseki_gateway::mem_gateway: gateway write: compositions.create failed error=namespace not found: NamespaceId(4378ad03-d3a7-57ab-a3cf-f7e27a5a147b)
May 07 19:19:38 kiseki-storage-1 kiseki-server[9223]: 2026-05-07T19:19:38.397179Z  WARN kiseki_gateway::mem_gateway: gateway write: compositions.create failed error=namespace not found: NamespaceId(4378ad03-d3a7-57ab-a3cf-f7e27a5a147b)
May 07 19:19:38 kiseki-storage-1 kiseki-server[9223]: 2026-05-07T19:19:38.427355Z  WARN kiseki_gateway::mem_gateway: gateway write: compositions.create failed error=namespace not found: NamespaceId(4378ad03-d3a7-57ab-a3cf-f7e27a5a147b)
May 07 19:19:38 kiseki-storage-1 kiseki-server[9223]: 2026-05-07T19:19:38.441347Z  WARN kiseki_gateway::mem_gateway: gateway write: compositions.create failed error=namespace not found: NamespaceId(4378ad03-d3a7-57ab-a3cf-f7e27a5a147b)
May 07 19:19:38 kiseki-storage-1 kiseki-server[9223]: 2026-05-07T19:19:38.443089Z  WARN kiseki_gateway::mem_gateway: gateway write: compositions.create failed error=namespace not found: NamespaceId(4378ad03-d3a7-57ab-a3cf-f7e27a5a147b)
May 07 19:19:38 kiseki-storage-1 kiseki-server[9223]: 2026-05-07T19:19:38.454859Z  WARN kiseki_gateway::mem_gateway: gateway write: compositions.create failed error=namespace not found: NamespaceId(4378ad03-d3a7-57ab-a3cf-f7e27a5a147b)
May 07 19:19:38 kiseki-storage-1 kiseki-server[9223]: 2026-05-07T19:19:38.461897Z  WARN kiseki_gateway::mem_gateway: gateway write: compositions.create failed error=namespace not found: NamespaceId(4378ad03-d3a7-57ab-a3cf-f7e27a5a147b)
May 07 19:19:38 kiseki-storage-1 kiseki-server[9223]: 2026-05-07T19:19:38.466595Z  WARN kiseki_gateway::mem_gateway: gateway write: compositions.create failed error=namespace not found: NamespaceId(4378ad03-d3a7-57ab-a3cf-f7e27a5a147b)
May 07 19:19:38 kiseki-storage-1 kiseki-server[9223]: 2026-05-07T19:19:38.466915Z  WARN kiseki_gateway::mem_gateway: gateway write: compositions.create failed error=namespace not found: NamespaceId(4378ad03-d3a7-57ab-a3cf-f7e27a5a147b)
May 07 19:19:38 kiseki-storage-1 kiseki-server[9223]: 2026-05-07T19:19:38.485877Z  WARN kiseki_gateway::mem_gateway: gateway write: compositions.create failed error=namespace not found: NamespaceId(4378ad03-d3a7-57ab-a3cf-f7e27a5a147b)
May 07 19:19:38 kiseki-storage-1 kiseki-server[9223]: 2026-05-07T19:19:38.505473Z  WARN kiseki_gateway::mem_gateway: gateway write: compositions.create failed error=namespace not found: NamespaceId(4378ad03-d3a7-57ab-a3cf-f7e27a5a147b)
May 07 19:19:38 kiseki-storage-1 kiseki-server[9223]: 2026-05-07T19:19:38.505666Z  WARN kiseki_gateway::mem_gateway: gateway write: compositions.create failed error=namespace not found: NamespaceId(4378ad03-d3a7-57ab-a3cf-f7e27a5a147b)
May 07 19:19:38 kiseki-storage-1 kiseki-server[9223]: 2026-05-07T19:19:38.512484Z  WARN kiseki_gateway::mem_gateway: gateway write: compositions.create failed error=namespace not found: NamespaceId(4378ad03-d3a7-57ab-a3cf-f7e27a5a147b)
May 07 19:19:38 kiseki-storage-1 kiseki-server[9223]: 2026-05-07T19:19:38.536841Z  WARN kiseki_gateway::mem_gateway: gateway write: compositions.create failed error=namespace not found: NamespaceId(4378ad03-d3a7-57ab-a3cf-f7e27a5a147b)
May 07 19:19:38 kiseki-storage-1 kiseki-server[9223]: 2026-05-07T19:19:38.550892Z  WARN kiseki_gateway::mem_gateway: gateway write: compositions.create failed error=namespace not found: NamespaceId(4378ad03-d3a7-57ab-a3cf-f7e27a5a147b)
May 07 19:19:38 kiseki-storage-1 kiseki-server[9223]: 2026-05-07T19:19:38.551675Z  WARN kiseki_gateway::mem_gateway: gateway write: compositions.create failed error=namespace not found: NamespaceId(4378ad03-d3a7-57ab-a3cf-f7e27a5a147b)
May 07 19:19:38 kiseki-storage-1 kiseki-server[9223]: 2026-05-07T19:19:38.564316Z  WARN kiseki_gateway::mem_gateway: gateway write: compositions.create failed error=namespace not found: NamespaceId(4378ad03-d3a7-57ab-a3cf-f7e27a5a147b)
May 07 19:19:38 kiseki-storage-1 kiseki-server[9223]: 2026-05-07T19:19:38.574510Z  WARN kiseki_gateway::mem_gateway: gateway write: compositions.create failed error=namespace not found: NamespaceId(4378ad03-d3a7-57ab-a3cf-f7e27a5a147b)
May 07 19:19:38 kiseki-storage-1 kiseki-server[9223]: 2026-05-07T19:19:38.591857Z  WARN kiseki_gateway::mem_gateway: gateway write: compositions.create failed error=namespace not found: NamespaceId(4378ad03-d3a7-57ab-a3cf-f7e27a5a147b)
May 07 19:19:38 kiseki-storage-1 kiseki-server[9223]: 2026-05-07T19:19:38.601078Z  WARN kiseki_gateway::mem_gateway: gateway write: compositions.create failed error=namespace not found: NamespaceId(4378ad03-d3a7-57ab-a3cf-f7e27a5a147b)
May 07 19:19:38 kiseki-storage-1 kiseki-server[9223]: 2026-05-07T19:19:38.611842Z  WARN kiseki_gateway::mem_gateway: gateway write: compositions.create failed error=namespace not found: NamespaceId(4378ad03-d3a7-57ab-a3cf-f7e27a5a147b)
May 07 19:19:38 kiseki-storage-1 kiseki-server[9223]: 2026-05-07T19:19:38.615025Z  WARN kiseki_gateway::mem_gateway: gateway write: compositions.create failed error=namespace not found: NamespaceId(4378ad03-d3a7-57ab-a3cf-f7e27a5a147b)
May 07 19:19:38 kiseki-storage-1 kiseki-server[9223]: 2026-05-07T19:19:38.618893Z  WARN kiseki_gateway::mem_gateway: gateway write: compositions.create failed error=namespace not found: NamespaceId(4378ad03-d3a7-57ab-a3cf-f7e27a5a147b)
May 07 19:19:38 kiseki-storage-1 kiseki-server[9223]: 2026-05-07T19:19:38.619791Z  WARN kiseki_gateway::mem_gateway: gateway write: compositions.create failed error=namespace not found: NamespaceId(4378ad03-d3a7-57ab-a3cf-f7e27a5a147b)
May 07 19:19:38 kiseki-storage-1 kiseki-server[9223]: 2026-05-07T19:19:38.624132Z  WARN kiseki_gateway::mem_gateway: gateway write: compositions.create failed error=namespace not found: NamespaceId(4378ad03-d3a7-57ab-a3cf-f7e27a5a147b)
May 07 19:19:38 kiseki-storage-1 kiseki-server[9223]: 2026-05-07T19:19:38.630674Z  WARN kiseki_gateway::mem_gateway: gateway write: compositions.create failed error=namespace not found: NamespaceId(4378ad03-d3a7-57ab-a3cf-f7e27a5a147b)
May 07 19:19:38 kiseki-storage-1 kiseki-server[9223]: 2026-05-07T19:19:38.631785Z  WARN kiseki_gateway::mem_gateway: gateway write: compositions.create failed error=namespace not found: NamespaceId(4378ad03-d3a7-57ab-a3cf-f7e27a5a147b)
May 07 19:19:38 kiseki-storage-1 kiseki-server[9223]: 2026-05-07T19:19:38.649198Z  WARN kiseki_gateway::mem_gateway: gateway write: compositions.create failed error=namespace not found: NamespaceId(4378ad03-d3a7-57ab-a3cf-f7e27a5a147b)
May 07 19:19:38 kiseki-storage-1 kiseki-server[9223]: 2026-05-07T19:19:38.657066Z  WARN kiseki_gateway::mem_gateway: gateway write: compositions.create failed error=namespace not found: NamespaceId(4378ad03-d3a7-57ab-a3cf-f7e27a5a147b)
May 07 19:19:38 kiseki-storage-1 kiseki-server[9223]: 2026-05-07T19:19:38.676888Z  WARN kiseki_gateway::mem_gateway: gateway write: compositions.create failed error=namespace not found: NamespaceId(4378ad03-d3a7-57ab-a3cf-f7e27a5a147b)
May 07 19:19:38 kiseki-storage-1 kiseki-server[9223]: 2026-05-07T19:19:38.682219Z  WARN kiseki_gateway::mem_gateway: gateway write: compositions.create failed error=namespace not found: NamespaceId(4378ad03-d3a7-57ab-a3cf-f7e27a5a147b)
May 07 19:19:38 kiseki-storage-1 kiseki-server[9223]: 2026-05-07T19:19:38.687352Z  WARN kiseki_gateway::mem_gateway: gateway write: compositions.create failed error=namespace not found: NamespaceId(4378ad03-d3a7-57ab-a3cf-f7e27a5a147b)
May 07 19:19:38 kiseki-storage-1 kiseki-server[9223]: 2026-05-07T19:19:38.709907Z  WARN kiseki_gateway::mem_gateway: gateway write: compositions.create failed error=namespace not found: NamespaceId(4378ad03-d3a7-57ab-a3cf-f7e27a5a147b)
May 07 19:19:38 kiseki-storage-1 kiseki-server[9223]: 2026-05-07T19:19:38.722732Z  WARN kiseki_gateway::mem_gateway: gateway write: compositions.create failed error=namespace not found: NamespaceId(4378ad03-d3a7-57ab-a3cf-f7e27a5a147b)
May 07 19:19:38 kiseki-storage-1 kiseki-server[9223]: 2026-05-07T19:19:38.731387Z  WARN kiseki_gateway::mem_gateway: gateway write: compositions.create failed error=namespace not found: NamespaceId(4378ad03-d3a7-57ab-a3cf-f7e27a5a147b)
May 07 19:19:38 kiseki-storage-1 kiseki-server[9223]: 2026-05-07T19:19:38.731525Z  WARN kiseki_gateway::mem_gateway: gateway write: compositions.create failed error=namespace not found: NamespaceId(4378ad03-d3a7-57ab-a3cf-f7e27a5a147b)
May 07 19:19:38 kiseki-storage-1 kiseki-server[9223]: 2026-05-07T19:19:38.734707Z  WARN kiseki_gateway::mem_gateway: gateway write: compositions.create failed error=namespace not found: NamespaceId(4378ad03-d3a7-57ab-a3cf-f7e27a5a147b)
May 07 19:19:38 kiseki-storage-1 kiseki-server[9223]: 2026-05-07T19:19:38.738453Z  WARN kiseki_gateway::mem_gateway: gateway write: compositions.create failed error=namespace not found: NamespaceId(4378ad03-d3a7-57ab-a3cf-f7e27a5a147b)
May 07 19:19:38 kiseki-storage-1 kiseki-server[9223]: 2026-05-07T19:19:38.748914Z  WARN kiseki_gateway::mem_gateway: gateway write: compositions.create failed error=namespace not found: NamespaceId(4378ad03-d3a7-57ab-a3cf-f7e27a5a147b)
May 07 19:19:38 kiseki-storage-1 kiseki-server[9223]: 2026-05-07T19:19:38.750567Z  WARN kiseki_gateway::mem_gateway: gateway write: compositions.create failed error=namespace not found: NamespaceId(4378ad03-d3a7-57ab-a3cf-f7e27a5a147b)
May 07 19:19:38 kiseki-storage-1 kiseki-server[9223]: 2026-05-07T19:19:38.769956Z  WARN kiseki_gateway::mem_gateway: gateway write: compositions.create failed error=namespace not found: NamespaceId(4378ad03-d3a7-57ab-a3cf-f7e27a5a147b)
May 07 19:19:38 kiseki-storage-1 kiseki-server[9223]: 2026-05-07T19:19:38.774305Z  WARN kiseki_gateway::mem_gateway: gateway write: compositions.create failed error=namespace not found: NamespaceId(4378ad03-d3a7-57ab-a3cf-f7e27a5a147b)
May 07 19:19:38 kiseki-storage-1 kiseki-server[9223]: 2026-05-07T19:19:38.779402Z  WARN kiseki_gateway::mem_gateway: gateway write: compositions.create failed error=namespace not found: NamespaceId(4378ad03-d3a7-57ab-a3cf-f7e27a5a147b)
May 07 19:19:38 kiseki-storage-1 kiseki-server[9223]: 2026-05-07T19:19:38.786086Z  WARN kiseki_gateway::mem_gateway: gateway write: compositions.create failed error=namespace not found: NamespaceId(4378ad03-d3a7-57ab-a3cf-f7e27a5a147b)
May 07 19:19:38 kiseki-storage-1 kiseki-server[9223]: 2026-05-07T19:19:38.788728Z  WARN kiseki_gateway::mem_gateway: gateway write: compositions.create failed error=namespace not found: NamespaceId(4378ad03-d3a7-57ab-a3cf-f7e27a5a147b)
May 07 19:19:38 kiseki-storage-1 kiseki-server[9223]: 2026-05-07T19:19:38.817781Z  WARN kiseki_gateway::mem_gateway: gateway write: compositions.create failed error=namespace not found: NamespaceId(4378ad03-d3a7-57ab-a3cf-f7e27a5a147b)
May 07 19:19:38 kiseki-storage-1 kiseki-server[9223]: 2026-05-07T19:19:38.836473Z  WARN kiseki_gateway::mem_gateway: gateway write: compositions.create failed error=namespace not found: NamespaceId(4378ad03-d3a7-57ab-a3cf-f7e27a5a147b)
May 07 19:19:38 kiseki-storage-1 kiseki-server[9223]: 2026-05-07T19:19:38.853112Z  WARN kiseki_gateway::mem_gateway: gateway write: compositions.create failed error=namespace not found: NamespaceId(4378ad03-d3a7-57ab-a3cf-f7e27a5a147b)
May 07 19:19:38 kiseki-storage-1 kiseki-server[9223]: 2026-05-07T19:19:38.861657Z  WARN kiseki_gateway::mem_gateway: gateway write: compositions.create failed error=namespace not found: NamespaceId(4378ad03-d3a7-57ab-a3cf-f7e27a5a147b)
May 07 19:19:38 kiseki-storage-1 kiseki-server[9223]: 2026-05-07T19:19:38.889136Z  WARN kiseki_gateway::mem_gateway: gateway write: compositions.create failed error=namespace not found: NamespaceId(4378ad03-d3a7-57ab-a3cf-f7e27a5a147b)
May 07 19:19:38 kiseki-storage-1 kiseki-server[9223]: 2026-05-07T19:19:38.898490Z  WARN kiseki_gateway::mem_gateway: gateway write: compositions.create failed error=namespace not found: NamespaceId(4378ad03-d3a7-57ab-a3cf-f7e27a5a147b)
May 07 19:19:38 kiseki-storage-1 kiseki-server[9223]: 2026-05-07T19:19:38.913877Z  WARN kiseki_gateway::mem_gateway: gateway write: compositions.create failed error=namespace not found: NamespaceId(4378ad03-d3a7-57ab-a3cf-f7e27a5a147b)
May 07 19:19:38 kiseki-storage-1 kiseki-server[9223]: 2026-05-07T19:19:38.915355Z  WARN kiseki_gateway::mem_gateway: gateway write: compositions.create failed error=namespace not found: NamespaceId(4378ad03-d3a7-57ab-a3cf-f7e27a5a147b)
May 07 19:19:38 kiseki-storage-1 kiseki-server[9223]: 2026-05-07T19:19:38.925424Z  WARN kiseki_gateway::mem_gateway: gateway write: compositions.create failed error=namespace not found: NamespaceId(4378ad03-d3a7-57ab-a3cf-f7e27a5a147b)
May 07 19:19:38 kiseki-storage-1 kiseki-server[9223]: 2026-05-07T19:19:38.952375Z  WARN kiseki_gateway::mem_gateway: gateway write: compositions.create failed error=namespace not found: NamespaceId(4378ad03-d3a7-57ab-a3cf-f7e27a5a147b)
May 07 19:19:38 kiseki-storage-1 kiseki-server[9223]: 2026-05-07T19:19:38.957141Z  WARN kiseki_gateway::mem_gateway: gateway write: compositions.create failed error=namespace not found: NamespaceId(4378ad03-d3a7-57ab-a3cf-f7e27a5a147b)
May 07 19:19:38 kiseki-storage-1 kiseki-server[9223]: 2026-05-07T19:19:38.972654Z  WARN kiseki_gateway::mem_gateway: gateway write: compositions.create failed error=namespace not found: NamespaceId(4378ad03-d3a7-57ab-a3cf-f7e27a5a147b)
May 07 19:19:38 kiseki-storage-1 kiseki-server[9223]: 2026-05-07T19:19:38.990959Z  WARN kiseki_gateway::mem_gateway: gateway write: compositions.create failed error=namespace not found: NamespaceId(4378ad03-d3a7-57ab-a3cf-f7e27a5a147b)
May 07 19:19:39 kiseki-storage-1 kiseki-server[9223]: 2026-05-07T19:19:39.010662Z  WARN kiseki_gateway::mem_gateway: gateway write: compositions.create failed error=namespace not found: NamespaceId(4378ad03-d3a7-57ab-a3cf-f7e27a5a147b)
May 07 19:19:39 kiseki-storage-1 kiseki-server[9223]: 2026-05-07T19:19:39.017455Z  WARN kiseki_gateway::mem_gateway: gateway write: compositions.create failed error=namespace not found: NamespaceId(4378ad03-d3a7-57ab-a3cf-f7e27a5a147b)
May 07 19:19:39 kiseki-storage-1 kiseki-server[9223]: 2026-05-07T19:19:39.026969Z  WARN kiseki_gateway::mem_gateway: gateway write: compositions.create failed error=namespace not found: NamespaceId(4378ad03-d3a7-57ab-a3cf-f7e27a5a147b)
May 07 19:19:39 kiseki-storage-1 kiseki-server[9223]: 2026-05-07T19:19:39.040427Z  WARN kiseki_gateway::mem_gateway: gateway write: compositions.create failed error=namespace not found: NamespaceId(4378ad03-d3a7-57ab-a3cf-f7e27a5a147b)
May 07 19:19:39 kiseki-storage-1 kiseki-server[9223]: 2026-05-07T19:19:39.043491Z  WARN kiseki_gateway::mem_gateway: gateway write: compositions.create failed error=namespace not found: NamespaceId(4378ad03-d3a7-57ab-a3cf-f7e27a5a147b)
May 07 19:19:39 kiseki-storage-1 kiseki-server[9223]: 2026-05-07T19:19:39.047681Z  WARN kiseki_gateway::mem_gateway: gateway write: compositions.create failed error=namespace not found: NamespaceId(4378ad03-d3a7-57ab-a3cf-f7e27a5a147b)
May 07 19:19:39 kiseki-storage-1 kiseki-server[9223]: 2026-05-07T19:19:39.072916Z  WARN kiseki_gateway::mem_gateway: gateway write: compositions.create failed error=namespace not found: NamespaceId(4378ad03-d3a7-57ab-a3cf-f7e27a5a147b)
May 07 19:19:39 kiseki-storage-1 kiseki-server[9223]: 2026-05-07T19:19:39.075966Z  WARN kiseki_gateway::mem_gateway: gateway write: compositions.create failed error=namespace not found: NamespaceId(4378ad03-d3a7-57ab-a3cf-f7e27a5a147b)
May 07 19:19:39 kiseki-storage-1 kiseki-server[9223]: 2026-05-07T19:19:39.078897Z  WARN kiseki_gateway::mem_gateway: gateway write: compositions.create failed error=namespace not found: NamespaceId(4378ad03-d3a7-57ab-a3cf-f7e27a5a147b)
May 07 19:19:39 kiseki-storage-1 kiseki-server[9223]: 2026-05-07T19:19:39.092263Z  WARN kiseki_gateway::mem_gateway: gateway write: compositions.create failed error=namespace not found: NamespaceId(4378ad03-d3a7-57ab-a3cf-f7e27a5a147b)
May 07 19:19:39 kiseki-storage-1 kiseki-server[9223]: 2026-05-07T19:19:39.104529Z  WARN kiseki_gateway::mem_gateway: gateway write: compositions.create failed error=namespace not found: NamespaceId(4378ad03-d3a7-57ab-a3cf-f7e27a5a147b)
May 07 19:19:39 kiseki-storage-1 kiseki-server[9223]: 2026-05-07T19:19:39.106590Z  WARN kiseki_gateway::mem_gateway: gateway write: compositions.create failed error=namespace not found: NamespaceId(4378ad03-d3a7-57ab-a3cf-f7e27a5a147b)
May 07 19:19:39 kiseki-storage-1 kiseki-server[9223]: 2026-05-07T19:19:39.108595Z  WARN kiseki_gateway::mem_gateway: gateway write: compositions.create failed error=namespace not found: NamespaceId(4378ad03-d3a7-57ab-a3cf-f7e27a5a147b)
May 07 19:19:39 kiseki-storage-1 kiseki-server[9223]: 2026-05-07T19:19:39.137118Z  WARN kiseki_gateway::mem_gateway: gateway write: compositions.create failed error=namespace not found: NamespaceId(4378ad03-d3a7-57ab-a3cf-f7e27a5a147b)
May 07 19:19:39 kiseki-storage-1 kiseki-server[9223]: 2026-05-07T19:19:39.144386Z  WARN kiseki_gateway::mem_gateway: gateway write: compositions.create failed error=namespace not found: NamespaceId(4378ad03-d3a7-57ab-a3cf-f7e27a5a147b)
May 07 19:19:39 kiseki-storage-1 kiseki-server[9223]: 2026-05-07T19:19:39.159110Z  WARN kiseki_gateway::mem_gateway: gateway write: compositions.create failed error=namespace not found: NamespaceId(4378ad03-d3a7-57ab-a3cf-f7e27a5a147b)
May 07 19:19:39 kiseki-storage-1 kiseki-server[9223]: 2026-05-07T19:19:39.174931Z  WARN kiseki_gateway::mem_gateway: gateway write: compositions.create failed error=namespace not found: NamespaceId(4378ad03-d3a7-57ab-a3cf-f7e27a5a147b)
May 07 19:19:39 kiseki-storage-1 kiseki-server[9223]: 2026-05-07T19:19:39.188773Z  WARN kiseki_gateway::mem_gateway: gateway write: compositions.create failed error=namespace not found: NamespaceId(4378ad03-d3a7-57ab-a3cf-f7e27a5a147b)
May 07 19:19:39 kiseki-storage-1 kiseki-server[9223]: 2026-05-07T19:19:39.192722Z  WARN kiseki_gateway::mem_gateway: gateway write: compositions.create failed error=namespace not found: NamespaceId(4378ad03-d3a7-57ab-a3cf-f7e27a5a147b)
May 07 19:19:39 kiseki-storage-1 kiseki-server[9223]: 2026-05-07T19:19:39.204865Z  WARN kiseki_gateway::mem_gateway: gateway write: compositions.create failed error=namespace not found: NamespaceId(4378ad03-d3a7-57ab-a3cf-f7e27a5a147b)
May 07 19:19:39 kiseki-storage-1 kiseki-server[9223]: 2026-05-07T19:19:39.206074Z  WARN kiseki_gateway::mem_gateway: gateway write: compositions.create failed error=namespace not found: NamespaceId(4378ad03-d3a7-57ab-a3cf-f7e27a5a147b)
May 07 19:19:39 kiseki-storage-1 kiseki-server[9223]: 2026-05-07T19:19:39.209645Z  WARN kiseki_gateway::mem_gateway: gateway write: compositions.create failed error=namespace not found: NamespaceId(4378ad03-d3a7-57ab-a3cf-f7e27a5a147b)
May 07 19:19:39 kiseki-storage-1 kiseki-server[9223]: 2026-05-07T19:19:39.211913Z  WARN kiseki_gateway::mem_gateway: gateway write: compositions.create failed error=namespace not found: NamespaceId(4378ad03-d3a7-57ab-a3cf-f7e27a5a147b)
May 07 19:19:39 kiseki-storage-1 kiseki-server[9223]: 2026-05-07T19:19:39.220310Z  WARN kiseki_gateway::mem_gateway: gateway write: compositions.create failed error=namespace not found: NamespaceId(4378ad03-d3a7-57ab-a3cf-f7e27a5a147b)
May 07 19:19:39 kiseki-storage-1 kiseki-server[9223]: 2026-05-07T19:19:39.236973Z  WARN kiseki_gateway::mem_gateway: gateway write: compositions.create failed error=namespace not found: NamespaceId(4378ad03-d3a7-57ab-a3cf-f7e27a5a147b)
May 07 19:19:39 kiseki-storage-1 kiseki-server[9223]: 2026-05-07T19:19:39.247125Z  WARN kiseki_gateway::mem_gateway: gateway write: compositions.create failed error=namespace not found: NamespaceId(4378ad03-d3a7-57ab-a3cf-f7e27a5a147b)
May 07 19:19:39 kiseki-storage-1 kiseki-server[9223]: 2026-05-07T19:19:39.297834Z  WARN kiseki_gateway::mem_gateway: gateway write: compositions.create failed error=namespace not found: NamespaceId(4378ad03-d3a7-57ab-a3cf-f7e27a5a147b)
May 07 19:19:39 kiseki-storage-1 kiseki-server[9223]: 2026-05-07T19:19:39.299052Z  WARN kiseki_gateway::mem_gateway: gateway write: compositions.create failed error=namespace not found: NamespaceId(4378ad03-d3a7-57ab-a3cf-f7e27a5a147b)
May 07 19:19:39 kiseki-storage-1 kiseki-server[9223]: 2026-05-07T19:19:39.299086Z  WARN kiseki_gateway::mem_gateway: gateway write: compositions.create failed error=namespace not found: NamespaceId(4378ad03-d3a7-57ab-a3cf-f7e27a5a147b)
May 07 19:19:39 kiseki-storage-1 kiseki-server[9223]: 2026-05-07T19:19:39.315783Z  WARN kiseki_gateway::mem_gateway: gateway write: compositions.create failed error=namespace not found: NamespaceId(4378ad03-d3a7-57ab-a3cf-f7e27a5a147b)
May 07 19:19:39 kiseki-storage-1 kiseki-server[9223]: 2026-05-07T19:19:39.329039Z  WARN kiseki_gateway::mem_gateway: gateway write: compositions.create failed error=namespace not found: NamespaceId(4378ad03-d3a7-57ab-a3cf-f7e27a5a147b)
May 07 19:19:39 kiseki-storage-1 kiseki-server[9223]: 2026-05-07T19:19:39.334734Z  WARN kiseki_gateway::mem_gateway: gateway write: compositions.create failed error=namespace not found: NamespaceId(4378ad03-d3a7-57ab-a3cf-f7e27a5a147b)
May 07 19:19:39 kiseki-storage-1 kiseki-server[9223]: 2026-05-07T19:19:39.340123Z  WARN kiseki_gateway::mem_gateway: gateway write: compositions.create failed error=namespace not found: NamespaceId(4378ad03-d3a7-57ab-a3cf-f7e27a5a147b)
May 07 19:19:39 kiseki-storage-1 kiseki-server[9223]: 2026-05-07T19:19:39.341399Z  WARN kiseki_gateway::mem_gateway: gateway write: compositions.create failed error=namespace not found: NamespaceId(4378ad03-d3a7-57ab-a3cf-f7e27a5a147b)
May 07 19:19:39 kiseki-storage-1 kiseki-server[9223]: 2026-05-07T19:19:39.345893Z  WARN kiseki_gateway::mem_gateway: gateway write: compositions.create failed error=namespace not found: NamespaceId(4378ad03-d3a7-57ab-a3cf-f7e27a5a147b)
May 07 19:19:39 kiseki-storage-1 kiseki-server[9223]: 2026-05-07T19:19:39.349033Z  WARN kiseki_gateway::mem_gateway: gateway write: compositions.create failed error=namespace not found: NamespaceId(4378ad03-d3a7-57ab-a3cf-f7e27a5a147b)
May 07 19:19:39 kiseki-storage-1 kiseki-server[9223]: 2026-05-07T19:19:39.353890Z  WARN kiseki_gateway::mem_gateway: gateway write: compositions.create failed error=namespace not found: NamespaceId(4378ad03-d3a7-57ab-a3cf-f7e27a5a147b)
May 07 19:19:39 kiseki-storage-1 kiseki-server[9223]: 2026-05-07T19:19:39.354313Z  WARN kiseki_gateway::mem_gateway: gateway write: compositions.create failed error=namespace not found: NamespaceId(4378ad03-d3a7-57ab-a3cf-f7e27a5a147b)
May 07 19:19:39 kiseki-storage-1 kiseki-server[9223]: 2026-05-07T19:19:39.370580Z  WARN kiseki_gateway::mem_gateway: gateway write: compositions.create failed error=namespace not found: NamespaceId(4378ad03-d3a7-57ab-a3cf-f7e27a5a147b)
May 07 19:19:39 kiseki-storage-1 kiseki-server[9223]: 2026-05-07T19:19:39.396793Z  WARN kiseki_gateway::mem_gateway: gateway write: compositions.create failed error=namespace not found: NamespaceId(4378ad03-d3a7-57ab-a3cf-f7e27a5a147b)
May 07 19:19:39 kiseki-storage-1 kiseki-server[9223]: 2026-05-07T19:19:39.404014Z  WARN kiseki_gateway::mem_gateway: gateway write: compositions.create failed error=namespace not found: NamespaceId(4378ad03-d3a7-57ab-a3cf-f7e27a5a147b)
May 07 19:19:39 kiseki-storage-1 kiseki-server[9223]: 2026-05-07T19:19:39.408489Z  WARN kiseki_gateway::mem_gateway: gateway write: compositions.create failed error=namespace not found: NamespaceId(4378ad03-d3a7-57ab-a3cf-f7e27a5a147b)
May 07 19:19:39 kiseki-storage-1 kiseki-server[9223]: 2026-05-07T19:19:39.416076Z  WARN kiseki_gateway::mem_gateway: gateway write: compositions.create failed error=namespace not found: NamespaceId(4378ad03-d3a7-57ab-a3cf-f7e27a5a147b)
May 07 19:19:39 kiseki-storage-1 kiseki-server[9223]: 2026-05-07T19:19:39.420021Z  WARN kiseki_gateway::mem_gateway: gateway write: compositions.create failed error=namespace not found: NamespaceId(4378ad03-d3a7-57ab-a3cf-f7e27a5a147b)
May 07 19:19:39 kiseki-storage-1 kiseki-server[9223]: 2026-05-07T19:19:39.423487Z  WARN kiseki_gateway::mem_gateway: gateway write: compositions.create failed error=namespace not found: NamespaceId(4378ad03-d3a7-57ab-a3cf-f7e27a5a147b)
May 07 19:19:39 kiseki-storage-1 kiseki-server[9223]: 2026-05-07T19:19:39.461240Z  WARN kiseki_gateway::mem_gateway: gateway write: compositions.create failed error=namespace not found: NamespaceId(4378ad03-d3a7-57ab-a3cf-f7e27a5a147b)
May 07 19:19:39 kiseki-storage-1 kiseki-server[9223]: 2026-05-07T19:19:39.482004Z  WARN kiseki_gateway::mem_gateway: gateway write: compositions.create failed error=namespace not found: NamespaceId(4378ad03-d3a7-57ab-a3cf-f7e27a5a147b)
May 07 19:19:39 kiseki-storage-1 kiseki-server[9223]: 2026-05-07T19:19:39.482753Z  WARN kiseki_gateway::mem_gateway: gateway write: compositions.create failed error=namespace not found: NamespaceId(4378ad03-d3a7-57ab-a3cf-f7e27a5a147b)
May 07 19:19:39 kiseki-storage-1 kiseki-server[9223]: 2026-05-07T19:19:39.495020Z  WARN kiseki_gateway::mem_gateway: gateway write: compositions.create failed error=namespace not found: NamespaceId(4378ad03-d3a7-57ab-a3cf-f7e27a5a147b)
May 07 19:19:39 kiseki-storage-1 kiseki-server[9223]: 2026-05-07T19:19:39.497764Z  WARN kiseki_gateway::mem_gateway: gateway write: compositions.create failed error=namespace not found: NamespaceId(4378ad03-d3a7-57ab-a3cf-f7e27a5a147b)
May 07 19:19:39 kiseki-storage-1 kiseki-server[9223]: 2026-05-07T19:19:39.521367Z  WARN kiseki_gateway::mem_gateway: gateway write: compositions.create failed error=namespace not found: NamespaceId(4378ad03-d3a7-57ab-a3cf-f7e27a5a147b)
May 07 19:19:39 kiseki-storage-1 kiseki-server[9223]: 2026-05-07T19:19:39.530196Z  WARN kiseki_gateway::mem_gateway: gateway write: compositions.create failed error=namespace not found: NamespaceId(4378ad03-d3a7-57ab-a3cf-f7e27a5a147b)
May 07 19:19:39 kiseki-storage-1 kiseki-server[9223]: 2026-05-07T19:19:39.530285Z  WARN kiseki_gateway::mem_gateway: gateway write: compositions.create failed error=namespace not found: NamespaceId(4378ad03-d3a7-57ab-a3cf-f7e27a5a147b)
May 07 19:19:39 kiseki-storage-1 kiseki-server[9223]: 2026-05-07T19:19:39.540825Z  WARN kiseki_gateway::mem_gateway: gateway write: compositions.create failed error=namespace not found: NamespaceId(4378ad03-d3a7-57ab-a3cf-f7e27a5a147b)
May 07 19:19:39 kiseki-storage-1 kiseki-server[9223]: 2026-05-07T19:19:39.544023Z  WARN kiseki_gateway::mem_gateway: gateway write: compositions.create failed error=namespace not found: NamespaceId(4378ad03-d3a7-57ab-a3cf-f7e27a5a147b)
May 07 19:19:39 kiseki-storage-1 kiseki-server[9223]: 2026-05-07T19:19:39.561869Z  WARN kiseki_gateway::mem_gateway: gateway write: compositions.create failed error=namespace not found: NamespaceId(4378ad03-d3a7-57ab-a3cf-f7e27a5a147b)
May 07 19:19:39 kiseki-storage-1 kiseki-server[9223]: 2026-05-07T19:19:39.571999Z  WARN kiseki_gateway::mem_gateway: gateway write: compositions.create failed error=namespace not found: NamespaceId(4378ad03-d3a7-57ab-a3cf-f7e27a5a147b)
May 07 19:19:39 kiseki-storage-1 kiseki-server[9223]: 2026-05-07T19:19:39.576025Z  WARN kiseki_gateway::mem_gateway: gateway write: compositions.create failed error=namespace not found: NamespaceId(4378ad03-d3a7-57ab-a3cf-f7e27a5a147b)
May 07 19:19:39 kiseki-storage-1 kiseki-server[9223]: 2026-05-07T19:19:39.580812Z  WARN kiseki_gateway::mem_gateway: gateway write: compositions.create failed error=namespace not found: NamespaceId(4378ad03-d3a7-57ab-a3cf-f7e27a5a147b)
May 07 19:19:39 kiseki-storage-1 kiseki-server[9223]: 2026-05-07T19:19:39.582993Z  WARN kiseki_gateway::mem_gateway: gateway write: compositions.create failed error=namespace not found: NamespaceId(4378ad03-d3a7-57ab-a3cf-f7e27a5a147b)
May 07 19:19:39 kiseki-storage-1 kiseki-server[9223]: 2026-05-07T19:19:39.583033Z  WARN kiseki_gateway::mem_gateway: gateway write: compositions.create failed error=namespace not found: NamespaceId(4378ad03-d3a7-57ab-a3cf-f7e27a5a147b)
May 07 19:19:39 kiseki-storage-1 kiseki-server[9223]: 2026-05-07T19:19:39.594230Z  WARN kiseki_gateway::mem_gateway: gateway write: compositions.create failed error=namespace not found: NamespaceId(4378ad03-d3a7-57ab-a3cf-f7e27a5a147b)
May 07 19:19:39 kiseki-storage-1 kiseki-server[9223]: 2026-05-07T19:19:39.641781Z  WARN kiseki_gateway::mem_gateway: gateway write: compositions.create failed error=namespace not found: NamespaceId(4378ad03-d3a7-57ab-a3cf-f7e27a5a147b)
May 07 19:19:39 kiseki-storage-1 kiseki-server[9223]: 2026-05-07T19:19:39.646492Z  WARN kiseki_gateway::mem_gateway: gateway write: compositions.create failed error=namespace not found: NamespaceId(4378ad03-d3a7-57ab-a3cf-f7e27a5a147b)
May 07 19:19:39 kiseki-storage-1 kiseki-server[9223]: 2026-05-07T19:19:39.646724Z  WARN kiseki_gateway::mem_gateway: gateway write: compositions.create failed error=namespace not found: NamespaceId(4378ad03-d3a7-57ab-a3cf-f7e27a5a147b)
May 07 19:19:39 kiseki-storage-1 kiseki-server[9223]: 2026-05-07T19:19:39.651370Z  WARN kiseki_gateway::mem_gateway: gateway write: compositions.create failed error=namespace not found: NamespaceId(4378ad03-d3a7-57ab-a3cf-f7e27a5a147b)
May 07 19:19:39 kiseki-storage-1 kiseki-server[9223]: 2026-05-07T19:19:39.655503Z  WARN kiseki_gateway::mem_gateway: gateway write: compositions.create failed error=namespace not found: NamespaceId(4378ad03-d3a7-57ab-a3cf-f7e27a5a147b)
May 07 19:19:39 kiseki-storage-1 kiseki-server[9223]: 2026-05-07T19:19:39.657593Z  WARN kiseki_gateway::mem_gateway: gateway write: compositions.create failed error=namespace not found: NamespaceId(4378ad03-d3a7-57ab-a3cf-f7e27a5a147b)
May 07 19:19:39 kiseki-storage-1 kiseki-server[9223]: 2026-05-07T19:19:39.658016Z  WARN kiseki_gateway::mem_gateway: gateway write: compositions.create failed error=namespace not found: NamespaceId(4378ad03-d3a7-57ab-a3cf-f7e27a5a147b)
May 07 19:19:39 kiseki-storage-1 kiseki-server[9223]: 2026-05-07T19:19:39.658385Z  WARN kiseki_gateway::mem_gateway: gateway write: compositions.create failed error=namespace not found: NamespaceId(4378ad03-d3a7-57ab-a3cf-f7e27a5a147b)
May 07 19:19:39 kiseki-storage-1 kiseki-server[9223]: 2026-05-07T19:19:39.663615Z  WARN kiseki_gateway::mem_gateway: gateway write: compositions.create failed error=namespace not found: NamespaceId(4378ad03-d3a7-57ab-a3cf-f7e27a5a147b)
May 07 19:19:39 kiseki-storage-1 kiseki-server[9223]: 2026-05-07T19:19:39.678611Z  WARN kiseki_gateway::mem_gateway: gateway write: compositions.create failed error=namespace not found: NamespaceId(4378ad03-d3a7-57ab-a3cf-f7e27a5a147b)
May 07 19:19:39 kiseki-storage-1 kiseki-server[9223]: 2026-05-07T19:19:39.680534Z  WARN kiseki_gateway::mem_gateway: gateway write: compositions.create failed error=namespace not found: NamespaceId(4378ad03-d3a7-57ab-a3cf-f7e27a5a147b)
May 07 19:19:39 kiseki-storage-1 kiseki-server[9223]: 2026-05-07T19:19:39.685434Z  WARN kiseki_gateway::mem_gateway: gateway write: compositions.create failed error=namespace not found: NamespaceId(4378ad03-d3a7-57ab-a3cf-f7e27a5a147b)
May 07 19:19:39 kiseki-storage-1 kiseki-server[9223]: 2026-05-07T19:19:39.685764Z  WARN kiseki_gateway::mem_gateway: gateway write: compositions.create failed error=namespace not found: NamespaceId(4378ad03-d3a7-57ab-a3cf-f7e27a5a147b)
May 07 19:19:39 kiseki-storage-1 kiseki-server[9223]: 2026-05-07T19:19:39.722672Z  WARN kiseki_gateway::mem_gateway: gateway write: compositions.create failed error=namespace not found: NamespaceId(4378ad03-d3a7-57ab-a3cf-f7e27a5a147b)
May 07 19:19:39 kiseki-storage-1 kiseki-server[9223]: 2026-05-07T19:19:39.734802Z  WARN kiseki_gateway::mem_gateway: gateway write: compositions.create failed error=namespace not found: NamespaceId(4378ad03-d3a7-57ab-a3cf-f7e27a5a147b)
May 07 19:19:39 kiseki-storage-1 kiseki-server[9223]: 2026-05-07T19:19:39.740680Z  WARN kiseki_gateway::mem_gateway: gateway write: compositions.create failed error=namespace not found: NamespaceId(4378ad03-d3a7-57ab-a3cf-f7e27a5a147b)
May 07 19:19:39 kiseki-storage-1 kiseki-server[9223]: 2026-05-07T19:19:39.753389Z  WARN kiseki_gateway::mem_gateway: gateway write: compositions.create failed error=namespace not found: NamespaceId(4378ad03-d3a7-57ab-a3cf-f7e27a5a147b)
May 07 19:19:39 kiseki-storage-1 kiseki-server[9223]: 2026-05-07T19:19:39.758318Z  WARN kiseki_gateway::mem_gateway: gateway write: compositions.create failed error=namespace not found: NamespaceId(4378ad03-d3a7-57ab-a3cf-f7e27a5a147b)
May 07 19:19:39 kiseki-storage-1 kiseki-server[9223]: 2026-05-07T19:19:39.765052Z  WARN kiseki_gateway::mem_gateway: gateway write: compositions.create failed error=namespace not found: NamespaceId(4378ad03-d3a7-57ab-a3cf-f7e27a5a147b)
May 07 19:19:39 kiseki-storage-1 kiseki-server[9223]: 2026-05-07T19:19:39.774669Z  WARN kiseki_gateway::mem_gateway: gateway write: compositions.create failed error=namespace not found: NamespaceId(4378ad03-d3a7-57ab-a3cf-f7e27a5a147b)
May 07 19:19:39 kiseki-storage-1 kiseki-server[9223]: 2026-05-07T19:19:39.786626Z  WARN kiseki_gateway::mem_gateway: gateway write: compositions.create failed error=namespace not found: NamespaceId(4378ad03-d3a7-57ab-a3cf-f7e27a5a147b)
May 07 19:19:39 kiseki-storage-1 kiseki-server[9223]: 2026-05-07T19:19:39.788172Z  WARN kiseki_gateway::mem_gateway: gateway write: compositions.create failed error=namespace not found: NamespaceId(4378ad03-d3a7-57ab-a3cf-f7e27a5a147b)
May 07 19:19:39 kiseki-storage-1 kiseki-server[9223]: 2026-05-07T19:19:39.798060Z  WARN kiseki_gateway::mem_gateway: gateway write: compositions.create failed error=namespace not found: NamespaceId(4378ad03-d3a7-57ab-a3cf-f7e27a5a147b)
May 07 19:19:39 kiseki-storage-1 kiseki-server[9223]: 2026-05-07T19:19:39.825744Z  WARN kiseki_gateway::mem_gateway: gateway write: compositions.create failed error=namespace not found: NamespaceId(4378ad03-d3a7-57ab-a3cf-f7e27a5a147b)
May 07 19:19:39 kiseki-storage-1 kiseki-server[9223]: 2026-05-07T19:19:39.833253Z  WARN kiseki_gateway::mem_gateway: gateway write: compositions.create failed error=namespace not found: NamespaceId(4378ad03-d3a7-57ab-a3cf-f7e27a5a147b)
May 07 19:19:39 kiseki-storage-1 kiseki-server[9223]: 2026-05-07T19:19:39.835887Z  WARN kiseki_gateway::mem_gateway: gateway write: compositions.create failed error=namespace not found: NamespaceId(4378ad03-d3a7-57ab-a3cf-f7e27a5a147b)
May 07 19:19:39 kiseki-storage-1 kiseki-server[9223]: 2026-05-07T19:19:39.841873Z  WARN kiseki_gateway::mem_gateway: gateway write: compositions.create failed error=namespace not found: NamespaceId(4378ad03-d3a7-57ab-a3cf-f7e27a5a147b)
May 07 19:19:39 kiseki-storage-1 kiseki-server[9223]: 2026-05-07T19:19:39.849612Z  WARN kiseki_gateway::mem_gateway: gateway write: compositions.create failed error=namespace not found: NamespaceId(4378ad03-d3a7-57ab-a3cf-f7e27a5a147b)
May 07 19:19:39 kiseki-storage-1 kiseki-server[9223]: 2026-05-07T19:19:39.856939Z  WARN kiseki_gateway::mem_gateway: gateway write: compositions.create failed error=namespace not found: NamespaceId(4378ad03-d3a7-57ab-a3cf-f7e27a5a147b)
May 07 19:19:39 kiseki-storage-1 kiseki-server[9223]: 2026-05-07T19:19:39.866310Z  WARN kiseki_gateway::mem_gateway: gateway write: compositions.create failed error=namespace not found: NamespaceId(4378ad03-d3a7-57ab-a3cf-f7e27a5a147b)
May 07 19:19:39 kiseki-storage-1 kiseki-server[9223]: 2026-05-07T19:19:39.870648Z  WARN kiseki_gateway::mem_gateway: gateway write: compositions.create failed error=namespace not found: NamespaceId(4378ad03-d3a7-57ab-a3cf-f7e27a5a147b)
May 07 19:19:39 kiseki-storage-1 kiseki-server[9223]: 2026-05-07T19:19:39.873992Z  WARN kiseki_gateway::mem_gateway: gateway write: compositions.create failed error=namespace not found: NamespaceId(4378ad03-d3a7-57ab-a3cf-f7e27a5a147b)
May 07 19:19:39 kiseki-storage-1 kiseki-server[9223]: 2026-05-07T19:19:39.876093Z  WARN kiseki_gateway::mem_gateway: gateway write: compositions.create failed error=namespace not found: NamespaceId(4378ad03-d3a7-57ab-a3cf-f7e27a5a147b)
May 07 19:19:39 kiseki-storage-1 kiseki-server[9223]: 2026-05-07T19:19:39.896913Z  WARN kiseki_gateway::mem_gateway: gateway write: compositions.create failed error=namespace not found: NamespaceId(4378ad03-d3a7-57ab-a3cf-f7e27a5a147b)
May 07 19:19:39 kiseki-storage-1 kiseki-server[9223]: 2026-05-07T19:19:39.901155Z  WARN kiseki_gateway::mem_gateway: gateway write: compositions.create failed error=namespace not found: NamespaceId(4378ad03-d3a7-57ab-a3cf-f7e27a5a147b)
May 07 19:19:39 kiseki-storage-1 kiseki-server[9223]: 2026-05-07T19:19:39.926139Z  WARN kiseki_gateway::mem_gateway: gateway write: compositions.create failed error=namespace not found: NamespaceId(4378ad03-d3a7-57ab-a3cf-f7e27a5a147b)
May 07 19:19:39 kiseki-storage-1 kiseki-server[9223]: 2026-05-07T19:19:39.927636Z  WARN kiseki_gateway::mem_gateway: gateway write: compositions.create failed error=namespace not found: NamespaceId(4378ad03-d3a7-57ab-a3cf-f7e27a5a147b)
May 07 19:19:39 kiseki-storage-1 kiseki-server[9223]: 2026-05-07T19:19:39.943811Z  WARN kiseki_gateway::mem_gateway: gateway write: compositions.create failed error=namespace not found: NamespaceId(4378ad03-d3a7-57ab-a3cf-f7e27a5a147b)
May 07 19:19:39 kiseki-storage-1 kiseki-server[9223]: 2026-05-07T19:19:39.947942Z  WARN kiseki_gateway::mem_gateway: gateway write: compositions.create failed error=namespace not found: NamespaceId(4378ad03-d3a7-57ab-a3cf-f7e27a5a147b)
May 07 19:19:39 kiseki-storage-1 kiseki-server[9223]: 2026-05-07T19:19:39.951148Z  WARN kiseki_gateway::mem_gateway: gateway write: compositions.create failed error=namespace not found: NamespaceId(4378ad03-d3a7-57ab-a3cf-f7e27a5a147b)
May 07 19:19:39 kiseki-storage-1 kiseki-server[9223]: 2026-05-07T19:19:39.957892Z  WARN kiseki_gateway::mem_gateway: gateway write: compositions.create failed error=namespace not found: NamespaceId(4378ad03-d3a7-57ab-a3cf-f7e27a5a147b)
May 07 19:19:39 kiseki-storage-1 kiseki-server[9223]: 2026-05-07T19:19:39.963146Z  WARN kiseki_gateway::mem_gateway: gateway write: compositions.create failed error=namespace not found: NamespaceId(4378ad03-d3a7-57ab-a3cf-f7e27a5a147b)
May 07 19:19:39 kiseki-storage-1 kiseki-server[9223]: 2026-05-07T19:19:39.969550Z  WARN kiseki_gateway::mem_gateway: gateway write: compositions.create failed error=namespace not found: NamespaceId(4378ad03-d3a7-57ab-a3cf-f7e27a5a147b)
May 07 19:19:39 kiseki-storage-1 kiseki-server[9223]: 2026-05-07T19:19:39.976822Z  WARN kiseki_gateway::mem_gateway: gateway write: compositions.create failed error=namespace not found: NamespaceId(4378ad03-d3a7-57ab-a3cf-f7e27a5a147b)
May 07 19:19:39 kiseki-storage-1 kiseki-server[9223]: 2026-05-07T19:19:39.976871Z  WARN kiseki_gateway::mem_gateway: gateway write: compositions.create failed error=namespace not found: NamespaceId(4378ad03-d3a7-57ab-a3cf-f7e27a5a147b)
May 07 19:19:39 kiseki-storage-1 kiseki-server[9223]: 2026-05-07T19:19:39.979576Z  WARN kiseki_gateway::mem_gateway: gateway write: compositions.create failed error=namespace not found: NamespaceId(4378ad03-d3a7-57ab-a3cf-f7e27a5a147b)
May 07 19:19:39 kiseki-storage-1 kiseki-server[9223]: 2026-05-07T19:19:39.984155Z  WARN kiseki_gateway::mem_gateway: gateway write: compositions.create failed error=namespace not found: NamespaceId(4378ad03-d3a7-57ab-a3cf-f7e27a5a147b)
May 07 19:19:39 kiseki-storage-1 kiseki-server[9223]: 2026-05-07T19:19:39.986228Z  WARN kiseki_gateway::mem_gateway: gateway write: compositions.create failed error=namespace not found: NamespaceId(4378ad03-d3a7-57ab-a3cf-f7e27a5a147b)
May 07 19:19:39 kiseki-storage-1 kiseki-server[9223]: 2026-05-07T19:19:39.996940Z  WARN kiseki_gateway::mem_gateway: gateway write: compositions.create failed error=namespace not found: NamespaceId(4378ad03-d3a7-57ab-a3cf-f7e27a5a147b)
May 07 19:19:40 kiseki-storage-1 kiseki-server[9223]: 2026-05-07T19:19:40.009644Z  WARN kiseki_gateway::mem_gateway: gateway write: compositions.create failed error=namespace not found: NamespaceId(4378ad03-d3a7-57ab-a3cf-f7e27a5a147b)
May 07 19:19:40 kiseki-storage-1 kiseki-server[9223]: 2026-05-07T19:19:40.031274Z  WARN kiseki_gateway::mem_gateway: gateway write: compositions.create failed error=namespace not found: NamespaceId(4378ad03-d3a7-57ab-a3cf-f7e27a5a147b)
May 07 19:19:40 kiseki-storage-1 kiseki-server[9223]: 2026-05-07T19:19:40.047887Z  WARN kiseki_gateway::mem_gateway: gateway write: compositions.create failed error=namespace not found: NamespaceId(4378ad03-d3a7-57ab-a3cf-f7e27a5a147b)
May 07 19:19:40 kiseki-storage-1 kiseki-server[9223]: 2026-05-07T19:19:40.054721Z  WARN kiseki_gateway::mem_gateway: gateway write: compositions.create failed error=namespace not found: NamespaceId(4378ad03-d3a7-57ab-a3cf-f7e27a5a147b)
May 07 19:19:40 kiseki-storage-1 kiseki-server[9223]: 2026-05-07T19:19:40.086118Z  WARN kiseki_gateway::mem_gateway: gateway write: compositions.create failed error=namespace not found: NamespaceId(4378ad03-d3a7-57ab-a3cf-f7e27a5a147b)
May 07 19:19:40 kiseki-storage-1 kiseki-server[9223]: 2026-05-07T19:19:40.103362Z  WARN kiseki_gateway::mem_gateway: gateway write: compositions.create failed error=namespace not found: NamespaceId(4378ad03-d3a7-57ab-a3cf-f7e27a5a147b)
May 07 19:19:40 kiseki-storage-1 kiseki-server[9223]: 2026-05-07T19:19:40.119221Z  WARN kiseki_gateway::mem_gateway: gateway write: compositions.create failed error=namespace not found: NamespaceId(4378ad03-d3a7-57ab-a3cf-f7e27a5a147b)
May 07 19:19:40 kiseki-storage-1 kiseki-server[9223]: 2026-05-07T19:19:40.133542Z  WARN kiseki_gateway::mem_gateway: gateway write: compositions.create failed error=namespace not found: NamespaceId(4378ad03-d3a7-57ab-a3cf-f7e27a5a147b)
May 07 19:19:40 kiseki-storage-1 kiseki-server[9223]: 2026-05-07T19:19:40.139155Z  WARN kiseki_gateway::mem_gateway: gateway write: compositions.create failed error=namespace not found: NamespaceId(4378ad03-d3a7-57ab-a3cf-f7e27a5a147b)
May 07 19:19:40 kiseki-storage-1 kiseki-server[9223]: 2026-05-07T19:19:40.144185Z  WARN kiseki_gateway::mem_gateway: gateway write: compositions.create failed error=namespace not found: NamespaceId(4378ad03-d3a7-57ab-a3cf-f7e27a5a147b)
May 07 19:19:40 kiseki-storage-1 kiseki-server[9223]: 2026-05-07T19:19:40.170410Z  WARN kiseki_gateway::mem_gateway: gateway write: compositions.create failed error=namespace not found: NamespaceId(4378ad03-d3a7-57ab-a3cf-f7e27a5a147b)
May 07 19:19:40 kiseki-storage-1 kiseki-server[9223]: 2026-05-07T19:19:40.174900Z  WARN kiseki_gateway::mem_gateway: gateway write: compositions.create failed error=namespace not found: NamespaceId(4378ad03-d3a7-57ab-a3cf-f7e27a5a147b)
May 07 19:19:40 kiseki-storage-1 kiseki-server[9223]: 2026-05-07T19:19:40.179694Z  WARN kiseki_gateway::mem_gateway: gateway write: compositions.create failed error=namespace not found: NamespaceId(4378ad03-d3a7-57ab-a3cf-f7e27a5a147b)
May 07 19:19:40 kiseki-storage-1 kiseki-server[9223]: 2026-05-07T19:19:40.184291Z  WARN kiseki_gateway::mem_gateway: gateway write: compositions.create failed error=namespace not found: NamespaceId(4378ad03-d3a7-57ab-a3cf-f7e27a5a147b)
May 07 19:19:40 kiseki-storage-1 kiseki-server[9223]: 2026-05-07T19:19:40.231113Z  WARN kiseki_gateway::mem_gateway: gateway write: compositions.create failed error=namespace not found: NamespaceId(4378ad03-d3a7-57ab-a3cf-f7e27a5a147b)
May 07 19:19:40 kiseki-storage-1 kiseki-server[9223]: 2026-05-07T19:19:40.232782Z  WARN kiseki_gateway::mem_gateway: gateway write: compositions.create failed error=namespace not found: NamespaceId(4378ad03-d3a7-57ab-a3cf-f7e27a5a147b)
May 07 19:19:40 kiseki-storage-1 kiseki-server[9223]: 2026-05-07T19:19:40.241487Z  WARN kiseki_gateway::mem_gateway: gateway write: compositions.create failed error=namespace not found: NamespaceId(4378ad03-d3a7-57ab-a3cf-f7e27a5a147b)
May 07 19:19:40 kiseki-storage-1 kiseki-server[9223]: 2026-05-07T19:19:40.252192Z  WARN kiseki_gateway::mem_gateway: gateway write: compositions.create failed error=namespace not found: NamespaceId(4378ad03-d3a7-57ab-a3cf-f7e27a5a147b)
May 07 19:19:40 kiseki-storage-1 kiseki-server[9223]: 2026-05-07T19:19:40.256320Z  WARN kiseki_gateway::mem_gateway: gateway write: compositions.create failed error=namespace not found: NamespaceId(4378ad03-d3a7-57ab-a3cf-f7e27a5a147b)
May 07 19:19:40 kiseki-storage-1 kiseki-server[9223]: 2026-05-07T19:19:40.258665Z  WARN kiseki_gateway::mem_gateway: gateway write: compositions.create failed error=namespace not found: NamespaceId(4378ad03-d3a7-57ab-a3cf-f7e27a5a147b)
May 07 19:19:40 kiseki-storage-1 kiseki-server[9223]: 2026-05-07T19:19:40.274291Z  WARN kiseki_gateway::mem_gateway: gateway write: compositions.create failed error=namespace not found: NamespaceId(4378ad03-d3a7-57ab-a3cf-f7e27a5a147b)
May 07 19:19:40 kiseki-storage-1 kiseki-server[9223]: 2026-05-07T19:19:40.278592Z  WARN kiseki_gateway::mem_gateway: gateway write: compositions.create failed error=namespace not found: NamespaceId(4378ad03-d3a7-57ab-a3cf-f7e27a5a147b)
May 07 19:19:40 kiseki-storage-1 kiseki-server[9223]: 2026-05-07T19:19:40.304880Z  WARN kiseki_gateway::mem_gateway: gateway write: compositions.create failed error=namespace not found: NamespaceId(4378ad03-d3a7-57ab-a3cf-f7e27a5a147b)
May 07 19:19:40 kiseki-storage-1 kiseki-server[9223]: 2026-05-07T19:19:40.308797Z  WARN kiseki_gateway::mem_gateway: gateway write: compositions.create failed error=namespace not found: NamespaceId(4378ad03-d3a7-57ab-a3cf-f7e27a5a147b)
May 07 19:19:40 kiseki-storage-1 kiseki-server[9223]: 2026-05-07T19:19:40.309991Z  WARN kiseki_gateway::mem_gateway: gateway write: compositions.create failed error=namespace not found: NamespaceId(4378ad03-d3a7-57ab-a3cf-f7e27a5a147b)
May 07 19:19:40 kiseki-storage-1 kiseki-server[9223]: 2026-05-07T19:19:40.311821Z  WARN kiseki_gateway::mem_gateway: gateway write: compositions.create failed error=namespace not found: NamespaceId(4378ad03-d3a7-57ab-a3cf-f7e27a5a147b)
May 07 19:19:40 kiseki-storage-1 kiseki-server[9223]: 2026-05-07T19:19:40.327258Z  WARN kiseki_gateway::mem_gateway: gateway write: compositions.create failed error=namespace not found: NamespaceId(4378ad03-d3a7-57ab-a3cf-f7e27a5a147b)
May 07 19:19:40 kiseki-storage-1 kiseki-server[9223]: 2026-05-07T19:19:40.344200Z  WARN kiseki_gateway::mem_gateway: gateway write: compositions.create failed error=namespace not found: NamespaceId(4378ad03-d3a7-57ab-a3cf-f7e27a5a147b)
May 07 19:19:40 kiseki-storage-1 kiseki-server[9223]: 2026-05-07T19:19:40.347738Z  WARN kiseki_gateway::mem_gateway: gateway write: compositions.create failed error=namespace not found: NamespaceId(4378ad03-d3a7-57ab-a3cf-f7e27a5a147b)
May 07 19:19:40 kiseki-storage-1 kiseki-server[9223]: 2026-05-07T19:19:40.363931Z  WARN kiseki_gateway::mem_gateway: gateway write: compositions.create failed error=namespace not found: NamespaceId(4378ad03-d3a7-57ab-a3cf-f7e27a5a147b)
May 07 19:19:40 kiseki-storage-1 kiseki-server[9223]: 2026-05-07T19:19:40.369343Z  WARN kiseki_gateway::mem_gateway: gateway write: compositions.create failed error=namespace not found: NamespaceId(4378ad03-d3a7-57ab-a3cf-f7e27a5a147b)
May 07 19:19:40 kiseki-storage-1 kiseki-server[9223]: 2026-05-07T19:19:40.388159Z  WARN kiseki_gateway::mem_gateway: gateway write: compositions.create failed error=namespace not found: NamespaceId(4378ad03-d3a7-57ab-a3cf-f7e27a5a147b)
May 07 19:19:40 kiseki-storage-1 kiseki-server[9223]: 2026-05-07T19:19:40.403327Z  WARN kiseki_gateway::mem_gateway: gateway write: compositions.create failed error=namespace not found: NamespaceId(4378ad03-d3a7-57ab-a3cf-f7e27a5a147b)
May 07 19:19:40 kiseki-storage-1 kiseki-server[9223]: 2026-05-07T19:19:40.403524Z  WARN kiseki_gateway::mem_gateway: gateway write: compositions.create failed error=namespace not found: NamespaceId(4378ad03-d3a7-57ab-a3cf-f7e27a5a147b)
May 07 19:19:40 kiseki-storage-1 kiseki-server[9223]: 2026-05-07T19:19:40.407244Z  WARN kiseki_gateway::mem_gateway: gateway write: compositions.create failed error=namespace not found: NamespaceId(4378ad03-d3a7-57ab-a3cf-f7e27a5a147b)
May 07 19:19:40 kiseki-storage-1 kiseki-server[9223]: 2026-05-07T19:19:40.407603Z  WARN kiseki_gateway::mem_gateway: gateway write: compositions.create failed error=namespace not found: NamespaceId(4378ad03-d3a7-57ab-a3cf-f7e27a5a147b)
May 07 19:19:40 kiseki-storage-1 kiseki-server[9223]: 2026-05-07T19:19:40.416308Z  WARN kiseki_gateway::mem_gateway: gateway write: compositions.create failed error=namespace not found: NamespaceId(4378ad03-d3a7-57ab-a3cf-f7e27a5a147b)
May 07 19:19:40 kiseki-storage-1 kiseki-server[9223]: 2026-05-07T19:19:40.423283Z  WARN kiseki_gateway::mem_gateway: gateway write: compositions.create failed error=namespace not found: NamespaceId(4378ad03-d3a7-57ab-a3cf-f7e27a5a147b)
May 07 19:19:40 kiseki-storage-1 kiseki-server[9223]: 2026-05-07T19:19:40.426338Z  WARN kiseki_gateway::mem_gateway: gateway write: compositions.create failed error=namespace not found: NamespaceId(4378ad03-d3a7-57ab-a3cf-f7e27a5a147b)
May 07 19:19:40 kiseki-storage-1 kiseki-server[9223]: 2026-05-07T19:19:40.438492Z  WARN kiseki_gateway::mem_gateway: gateway write: compositions.create failed error=namespace not found: NamespaceId(4378ad03-d3a7-57ab-a3cf-f7e27a5a147b)
May 07 19:19:40 kiseki-storage-1 kiseki-server[9223]: 2026-05-07T19:19:40.447937Z  WARN kiseki_gateway::mem_gateway: gateway write: compositions.create failed error=namespace not found: NamespaceId(4378ad03-d3a7-57ab-a3cf-f7e27a5a147b)
May 07 19:19:40 kiseki-storage-1 kiseki-server[9223]: 2026-05-07T19:19:40.454795Z  WARN kiseki_gateway::mem_gateway: gateway write: compositions.create failed error=namespace not found: NamespaceId(4378ad03-d3a7-57ab-a3cf-f7e27a5a147b)
May 07 19:19:40 kiseki-storage-1 kiseki-server[9223]: 2026-05-07T19:19:40.469410Z  WARN kiseki_gateway::mem_gateway: gateway write: compositions.create failed error=namespace not found: NamespaceId(4378ad03-d3a7-57ab-a3cf-f7e27a5a147b)
May 07 19:19:40 kiseki-storage-1 kiseki-server[9223]: 2026-05-07T19:19:40.472497Z  WARN kiseki_gateway::mem_gateway: gateway write: compositions.create failed error=namespace not found: NamespaceId(4378ad03-d3a7-57ab-a3cf-f7e27a5a147b)
May 07 19:19:40 kiseki-storage-1 kiseki-server[9223]: 2026-05-07T19:19:40.514252Z  WARN kiseki_gateway::mem_gateway: gateway write: compositions.create failed error=namespace not found: NamespaceId(4378ad03-d3a7-57ab-a3cf-f7e27a5a147b)
May 07 19:19:40 kiseki-storage-1 kiseki-server[9223]: 2026-05-07T19:19:40.514853Z  WARN kiseki_gateway::mem_gateway: gateway write: compositions.create failed error=namespace not found: NamespaceId(4378ad03-d3a7-57ab-a3cf-f7e27a5a147b)
May 07 19:19:40 kiseki-storage-1 kiseki-server[9223]: 2026-05-07T19:19:40.519987Z  WARN kiseki_gateway::mem_gateway: gateway write: compositions.create failed error=namespace not found: NamespaceId(4378ad03-d3a7-57ab-a3cf-f7e27a5a147b)
May 07 19:19:40 kiseki-storage-1 kiseki-server[9223]: 2026-05-07T19:19:40.521041Z  WARN kiseki_gateway::mem_gateway: gateway write: compositions.create failed error=namespace not found: NamespaceId(4378ad03-d3a7-57ab-a3cf-f7e27a5a147b)
May 07 19:19:40 kiseki-storage-1 kiseki-server[9223]: 2026-05-07T19:19:40.523563Z  WARN kiseki_gateway::mem_gateway: gateway write: compositions.create failed error=namespace not found: NamespaceId(4378ad03-d3a7-57ab-a3cf-f7e27a5a147b)
May 07 19:19:40 kiseki-storage-1 kiseki-server[9223]: 2026-05-07T19:19:40.525486Z  WARN kiseki_gateway::mem_gateway: gateway write: compositions.create failed error=namespace not found: NamespaceId(4378ad03-d3a7-57ab-a3cf-f7e27a5a147b)
May 07 19:19:40 kiseki-storage-1 kiseki-server[9223]: 2026-05-07T19:19:40.526869Z  WARN kiseki_gateway::mem_gateway: gateway write: compositions.create failed error=namespace not found: NamespaceId(4378ad03-d3a7-57ab-a3cf-f7e27a5a147b)
May 07 19:19:40 kiseki-storage-1 kiseki-server[9223]: 2026-05-07T19:19:40.557036Z  WARN kiseki_gateway::mem_gateway: gateway write: compositions.create failed error=namespace not found: NamespaceId(4378ad03-d3a7-57ab-a3cf-f7e27a5a147b)
May 07 19:19:40 kiseki-storage-1 kiseki-server[9223]: 2026-05-07T19:19:40.563212Z  WARN kiseki_gateway::mem_gateway: gateway write: compositions.create failed error=namespace not found: NamespaceId(4378ad03-d3a7-57ab-a3cf-f7e27a5a147b)
May 07 19:19:40 kiseki-storage-1 kiseki-server[9223]: 2026-05-07T19:19:40.563772Z  WARN kiseki_gateway::mem_gateway: gateway write: compositions.create failed error=namespace not found: NamespaceId(4378ad03-d3a7-57ab-a3cf-f7e27a5a147b)
May 07 19:19:40 kiseki-storage-1 kiseki-server[9223]: 2026-05-07T19:19:40.568515Z  WARN kiseki_gateway::mem_gateway: gateway write: compositions.create failed error=namespace not found: NamespaceId(4378ad03-d3a7-57ab-a3cf-f7e27a5a147b)
May 07 19:19:40 kiseki-storage-1 kiseki-server[9223]: 2026-05-07T19:19:40.590724Z  WARN kiseki_gateway::mem_gateway: gateway write: compositions.create failed error=namespace not found: NamespaceId(4378ad03-d3a7-57ab-a3cf-f7e27a5a147b)
May 07 19:19:40 kiseki-storage-1 kiseki-server[9223]: 2026-05-07T19:19:40.592127Z  WARN kiseki_gateway::mem_gateway: gateway write: compositions.create failed error=namespace not found: NamespaceId(4378ad03-d3a7-57ab-a3cf-f7e27a5a147b)
May 07 19:19:40 kiseki-storage-1 kiseki-server[9223]: 2026-05-07T19:19:40.600099Z  WARN kiseki_gateway::mem_gateway: gateway write: compositions.create failed error=namespace not found: NamespaceId(4378ad03-d3a7-57ab-a3cf-f7e27a5a147b)
May 07 19:19:40 kiseki-storage-1 kiseki-server[9223]: 2026-05-07T19:19:40.604179Z  WARN kiseki_gateway::mem_gateway: gateway write: compositions.create failed error=namespace not found: NamespaceId(4378ad03-d3a7-57ab-a3cf-f7e27a5a147b)
May 07 19:19:40 kiseki-storage-1 kiseki-server[9223]: 2026-05-07T19:19:40.641186Z  WARN kiseki_gateway::mem_gateway: gateway write: compositions.create failed error=namespace not found: NamespaceId(4378ad03-d3a7-57ab-a3cf-f7e27a5a147b)
May 07 19:19:40 kiseki-storage-1 kiseki-server[9223]: 2026-05-07T19:19:40.648873Z  WARN kiseki_gateway::mem_gateway: gateway write: compositions.create failed error=namespace not found: NamespaceId(4378ad03-d3a7-57ab-a3cf-f7e27a5a147b)
May 07 19:19:40 kiseki-storage-1 kiseki-server[9223]: 2026-05-07T19:19:40.651003Z  WARN kiseki_gateway::mem_gateway: gateway write: compositions.create failed error=namespace not found: NamespaceId(4378ad03-d3a7-57ab-a3cf-f7e27a5a147b)
May 07 19:19:40 kiseki-storage-1 kiseki-server[9223]: 2026-05-07T19:19:40.664503Z  WARN kiseki_gateway::mem_gateway: gateway write: compositions.create failed error=namespace not found: NamespaceId(4378ad03-d3a7-57ab-a3cf-f7e27a5a147b)
May 07 19:19:40 kiseki-storage-1 kiseki-server[9223]: 2026-05-07T19:19:40.670130Z  WARN kiseki_gateway::mem_gateway: gateway write: compositions.create failed error=namespace not found: NamespaceId(4378ad03-d3a7-57ab-a3cf-f7e27a5a147b)
May 07 19:19:40 kiseki-storage-1 kiseki-server[9223]: 2026-05-07T19:19:40.675409Z  WARN kiseki_gateway::mem_gateway: gateway write: compositions.create failed error=namespace not found: NamespaceId(4378ad03-d3a7-57ab-a3cf-f7e27a5a147b)
May 07 19:19:40 kiseki-storage-1 kiseki-server[9223]: 2026-05-07T19:19:40.683311Z  WARN kiseki_gateway::mem_gateway: gateway write: compositions.create failed error=namespace not found: NamespaceId(4378ad03-d3a7-57ab-a3cf-f7e27a5a147b)
May 07 19:19:40 kiseki-storage-1 kiseki-server[9223]: 2026-05-07T19:19:40.688742Z  WARN kiseki_gateway::mem_gateway: gateway write: compositions.create failed error=namespace not found: NamespaceId(4378ad03-d3a7-57ab-a3cf-f7e27a5a147b)
May 07 19:19:40 kiseki-storage-1 kiseki-server[9223]: 2026-05-07T19:19:40.692409Z  WARN kiseki_gateway::mem_gateway: gateway write: compositions.create failed error=namespace not found: NamespaceId(4378ad03-d3a7-57ab-a3cf-f7e27a5a147b)
May 07 19:19:40 kiseki-storage-1 kiseki-server[9223]: 2026-05-07T19:19:40.696254Z  WARN kiseki_gateway::mem_gateway: gateway write: compositions.create failed error=namespace not found: NamespaceId(4378ad03-d3a7-57ab-a3cf-f7e27a5a147b)
May 07 19:19:40 kiseki-storage-1 kiseki-server[9223]: 2026-05-07T19:19:40.698953Z  WARN kiseki_gateway::mem_gateway: gateway write: compositions.create failed error=namespace not found: NamespaceId(4378ad03-d3a7-57ab-a3cf-f7e27a5a147b)
May 07 19:19:40 kiseki-storage-1 kiseki-server[9223]: 2026-05-07T19:19:40.711295Z  WARN kiseki_gateway::mem_gateway: gateway write: compositions.create failed error=namespace not found: NamespaceId(4378ad03-d3a7-57ab-a3cf-f7e27a5a147b)
May 07 19:19:40 kiseki-storage-1 kiseki-server[9223]: 2026-05-07T19:19:40.721848Z  WARN kiseki_gateway::mem_gateway: gateway write: compositions.create failed error=namespace not found: NamespaceId(4378ad03-d3a7-57ab-a3cf-f7e27a5a147b)
May 07 19:19:40 kiseki-storage-1 kiseki-server[9223]: 2026-05-07T19:19:40.742023Z  WARN kiseki_gateway::mem_gateway: gateway write: compositions.create failed error=namespace not found: NamespaceId(4378ad03-d3a7-57ab-a3cf-f7e27a5a147b)
May 07 19:19:40 kiseki-storage-1 kiseki-server[9223]: 2026-05-07T19:19:40.750450Z  WARN kiseki_gateway::mem_gateway: gateway write: compositions.create failed error=namespace not found: NamespaceId(4378ad03-d3a7-57ab-a3cf-f7e27a5a147b)
May 07 19:19:40 kiseki-storage-1 kiseki-server[9223]: 2026-05-07T19:19:40.754521Z  WARN kiseki_gateway::mem_gateway: gateway write: compositions.create failed error=namespace not found: NamespaceId(4378ad03-d3a7-57ab-a3cf-f7e27a5a147b)
May 07 19:19:40 kiseki-storage-1 kiseki-server[9223]: 2026-05-07T19:19:40.767723Z  WARN kiseki_gateway::mem_gateway: gateway write: compositions.create failed error=namespace not found: NamespaceId(4378ad03-d3a7-57ab-a3cf-f7e27a5a147b)
May 07 19:19:40 kiseki-storage-1 kiseki-server[9223]: 2026-05-07T19:19:40.769004Z  WARN kiseki_gateway::mem_gateway: gateway write: compositions.create failed error=namespace not found: NamespaceId(4378ad03-d3a7-57ab-a3cf-f7e27a5a147b)
May 07 19:19:40 kiseki-storage-1 kiseki-server[9223]: 2026-05-07T19:19:40.775914Z  WARN kiseki_gateway::mem_gateway: gateway write: compositions.create failed error=namespace not found: NamespaceId(4378ad03-d3a7-57ab-a3cf-f7e27a5a147b)
May 07 19:19:40 kiseki-storage-1 kiseki-server[9223]: 2026-05-07T19:19:40.784582Z  WARN kiseki_gateway::mem_gateway: gateway write: compositions.create failed error=namespace not found: NamespaceId(4378ad03-d3a7-57ab-a3cf-f7e27a5a147b)
May 07 19:19:40 kiseki-storage-1 kiseki-server[9223]: 2026-05-07T19:19:40.790723Z  WARN kiseki_gateway::mem_gateway: gateway write: compositions.create failed error=namespace not found: NamespaceId(4378ad03-d3a7-57ab-a3cf-f7e27a5a147b)
May 07 19:19:40 kiseki-storage-1 kiseki-server[9223]: 2026-05-07T19:19:40.801220Z  WARN kiseki_gateway::mem_gateway: gateway write: compositions.create failed error=namespace not found: NamespaceId(4378ad03-d3a7-57ab-a3cf-f7e27a5a147b)
May 07 19:19:40 kiseki-storage-1 kiseki-server[9223]: 2026-05-07T19:19:40.808153Z  WARN kiseki_gateway::mem_gateway: gateway write: compositions.create failed error=namespace not found: NamespaceId(4378ad03-d3a7-57ab-a3cf-f7e27a5a147b)
May 07 19:19:40 kiseki-storage-1 kiseki-server[9223]: 2026-05-07T19:19:40.815682Z  WARN kiseki_gateway::mem_gateway: gateway write: compositions.create failed error=namespace not found: NamespaceId(4378ad03-d3a7-57ab-a3cf-f7e27a5a147b)
May 07 19:19:40 kiseki-storage-1 kiseki-server[9223]: 2026-05-07T19:19:40.820512Z  WARN kiseki_gateway::mem_gateway: gateway write: compositions.create failed error=namespace not found: NamespaceId(4378ad03-d3a7-57ab-a3cf-f7e27a5a147b)
May 07 19:19:40 kiseki-storage-1 kiseki-server[9223]: 2026-05-07T19:19:40.832690Z  WARN kiseki_gateway::mem_gateway: gateway write: compositions.create failed error=namespace not found: NamespaceId(4378ad03-d3a7-57ab-a3cf-f7e27a5a147b)
May 07 19:19:40 kiseki-storage-1 kiseki-server[9223]: 2026-05-07T19:19:40.844823Z  WARN kiseki_gateway::mem_gateway: gateway write: compositions.create failed error=namespace not found: NamespaceId(4378ad03-d3a7-57ab-a3cf-f7e27a5a147b)
May 07 19:19:40 kiseki-storage-1 kiseki-server[9223]: 2026-05-07T19:19:40.845552Z  WARN kiseki_gateway::mem_gateway: gateway write: compositions.create failed error=namespace not found: NamespaceId(4378ad03-d3a7-57ab-a3cf-f7e27a5a147b)
May 07 19:19:40 kiseki-storage-1 kiseki-server[9223]: 2026-05-07T19:19:40.865268Z  WARN kiseki_gateway::mem_gateway: gateway write: compositions.create failed error=namespace not found: NamespaceId(4378ad03-d3a7-57ab-a3cf-f7e27a5a147b)
May 07 19:19:40 kiseki-storage-1 kiseki-server[9223]: 2026-05-07T19:19:40.872061Z  WARN kiseki_gateway::mem_gateway: gateway write: compositions.create failed error=namespace not found: NamespaceId(4378ad03-d3a7-57ab-a3cf-f7e27a5a147b)
May 07 19:19:40 kiseki-storage-1 kiseki-server[9223]: 2026-05-07T19:19:40.873058Z  WARN kiseki_gateway::mem_gateway: gateway write: compositions.create failed error=namespace not found: NamespaceId(4378ad03-d3a7-57ab-a3cf-f7e27a5a147b)
May 07 19:19:40 kiseki-storage-1 kiseki-server[9223]: 2026-05-07T19:19:40.877013Z  WARN kiseki_gateway::mem_gateway: gateway write: compositions.create failed error=namespace not found: NamespaceId(4378ad03-d3a7-57ab-a3cf-f7e27a5a147b)
May 07 19:19:40 kiseki-storage-1 kiseki-server[9223]: 2026-05-07T19:19:40.896137Z  WARN kiseki_gateway::mem_gateway: gateway write: compositions.create failed error=namespace not found: NamespaceId(4378ad03-d3a7-57ab-a3cf-f7e27a5a147b)
May 07 19:19:40 kiseki-storage-1 kiseki-server[9223]: 2026-05-07T19:19:40.898809Z  WARN kiseki_gateway::mem_gateway: gateway write: compositions.create failed error=namespace not found: NamespaceId(4378ad03-d3a7-57ab-a3cf-f7e27a5a147b)
May 07 19:19:40 kiseki-storage-1 kiseki-server[9223]: 2026-05-07T19:19:40.903179Z  WARN kiseki_gateway::mem_gateway: gateway write: compositions.create failed error=namespace not found: NamespaceId(4378ad03-d3a7-57ab-a3cf-f7e27a5a147b)
May 07 19:19:40 kiseki-storage-1 kiseki-server[9223]: 2026-05-07T19:19:40.914351Z  WARN kiseki_gateway::mem_gateway: gateway write: compositions.create failed error=namespace not found: NamespaceId(4378ad03-d3a7-57ab-a3cf-f7e27a5a147b)
May 07 19:19:40 kiseki-storage-1 kiseki-server[9223]: 2026-05-07T19:19:40.915674Z  WARN kiseki_gateway::mem_gateway: gateway write: compositions.create failed error=namespace not found: NamespaceId(4378ad03-d3a7-57ab-a3cf-f7e27a5a147b)
May 07 19:19:40 kiseki-storage-1 kiseki-server[9223]: 2026-05-07T19:19:40.931857Z  WARN kiseki_gateway::mem_gateway: gateway write: compositions.create failed error=namespace not found: NamespaceId(4378ad03-d3a7-57ab-a3cf-f7e27a5a147b)
May 07 19:19:40 kiseki-storage-1 kiseki-server[9223]: 2026-05-07T19:19:40.947398Z  WARN kiseki_gateway::mem_gateway: gateway write: compositions.create failed error=namespace not found: NamespaceId(4378ad03-d3a7-57ab-a3cf-f7e27a5a147b)
May 07 19:19:40 kiseki-storage-1 kiseki-server[9223]: 2026-05-07T19:19:40.959367Z  WARN kiseki_gateway::mem_gateway: gateway write: compositions.create failed error=namespace not found: NamespaceId(4378ad03-d3a7-57ab-a3cf-f7e27a5a147b)
May 07 19:19:40 kiseki-storage-1 kiseki-server[9223]: 2026-05-07T19:19:40.960775Z  WARN kiseki_gateway::mem_gateway: gateway write: compositions.create failed error=namespace not found: NamespaceId(4378ad03-d3a7-57ab-a3cf-f7e27a5a147b)
May 07 19:19:40 kiseki-storage-1 kiseki-server[9223]: 2026-05-07T19:19:40.964801Z  WARN kiseki_gateway::mem_gateway: gateway write: compositions.create failed error=namespace not found: NamespaceId(4378ad03-d3a7-57ab-a3cf-f7e27a5a147b)
May 07 19:19:40 kiseki-storage-1 kiseki-server[9223]: 2026-05-07T19:19:40.971208Z  WARN kiseki_gateway::mem_gateway: gateway write: compositions.create failed error=namespace not found: NamespaceId(4378ad03-d3a7-57ab-a3cf-f7e27a5a147b)
May 07 19:19:40 kiseki-storage-1 kiseki-server[9223]: 2026-05-07T19:19:40.994231Z  WARN kiseki_gateway::mem_gateway: gateway write: compositions.create failed error=namespace not found: NamespaceId(4378ad03-d3a7-57ab-a3cf-f7e27a5a147b)
May 07 19:19:40 kiseki-storage-1 kiseki-server[9223]: 2026-05-07T19:19:40.994834Z  WARN kiseki_gateway::mem_gateway: gateway write: compositions.create failed error=namespace not found: NamespaceId(4378ad03-d3a7-57ab-a3cf-f7e27a5a147b)
May 07 19:19:41 kiseki-storage-1 kiseki-server[9223]: 2026-05-07T19:19:41.010174Z  WARN kiseki_gateway::mem_gateway: gateway write: compositions.create failed error=namespace not found: NamespaceId(4378ad03-d3a7-57ab-a3cf-f7e27a5a147b)
May 07 19:19:41 kiseki-storage-1 kiseki-server[9223]: 2026-05-07T19:19:41.016291Z  WARN kiseki_gateway::mem_gateway: gateway write: compositions.create failed error=namespace not found: NamespaceId(4378ad03-d3a7-57ab-a3cf-f7e27a5a147b)
May 07 19:19:41 kiseki-storage-1 kiseki-server[9223]: 2026-05-07T19:19:41.017528Z  WARN kiseki_gateway::mem_gateway: gateway write: compositions.create failed error=namespace not found: NamespaceId(4378ad03-d3a7-57ab-a3cf-f7e27a5a147b)
May 07 19:19:41 kiseki-storage-1 kiseki-server[9223]: 2026-05-07T19:19:41.020503Z  WARN kiseki_gateway::mem_gateway: gateway write: compositions.create failed error=namespace not found: NamespaceId(4378ad03-d3a7-57ab-a3cf-f7e27a5a147b)
May 07 19:19:41 kiseki-storage-1 kiseki-server[9223]: 2026-05-07T19:19:41.025559Z  WARN kiseki_gateway::mem_gateway: gateway write: compositions.create failed error=namespace not found: NamespaceId(4378ad03-d3a7-57ab-a3cf-f7e27a5a147b)
May 07 19:19:41 kiseki-storage-1 kiseki-server[9223]: 2026-05-07T19:19:41.040545Z  WARN kiseki_gateway::mem_gateway: gateway write: compositions.create failed error=namespace not found: NamespaceId(4378ad03-d3a7-57ab-a3cf-f7e27a5a147b)
May 07 19:19:41 kiseki-storage-1 kiseki-server[9223]: 2026-05-07T19:19:41.054657Z  WARN kiseki_gateway::mem_gateway: gateway write: compositions.create failed error=namespace not found: NamespaceId(4378ad03-d3a7-57ab-a3cf-f7e27a5a147b)
May 07 19:19:41 kiseki-storage-1 kiseki-server[9223]: 2026-05-07T19:19:41.058466Z  WARN kiseki_gateway::mem_gateway: gateway write: compositions.create failed error=namespace not found: NamespaceId(4378ad03-d3a7-57ab-a3cf-f7e27a5a147b)
May 07 19:19:41 kiseki-storage-1 kiseki-server[9223]: 2026-05-07T19:19:41.075882Z  WARN kiseki_gateway::mem_gateway: gateway write: compositions.create failed error=namespace not found: NamespaceId(4378ad03-d3a7-57ab-a3cf-f7e27a5a147b)
May 07 19:19:41 kiseki-storage-1 kiseki-server[9223]: 2026-05-07T19:19:41.077009Z  WARN kiseki_gateway::mem_gateway: gateway write: compositions.create failed error=namespace not found: NamespaceId(4378ad03-d3a7-57ab-a3cf-f7e27a5a147b)
May 07 19:19:41 kiseki-storage-1 kiseki-server[9223]: 2026-05-07T19:19:41.098437Z  WARN kiseki_gateway::mem_gateway: gateway write: compositions.create failed error=namespace not found: NamespaceId(4378ad03-d3a7-57ab-a3cf-f7e27a5a147b)
May 07 19:19:41 kiseki-storage-1 kiseki-server[9223]: 2026-05-07T19:19:41.126673Z  WARN kiseki_gateway::mem_gateway: gateway write: compositions.create failed error=namespace not found: NamespaceId(4378ad03-d3a7-57ab-a3cf-f7e27a5a147b)
May 07 19:19:41 kiseki-storage-1 kiseki-server[9223]: 2026-05-07T19:19:41.130956Z  WARN kiseki_gateway::mem_gateway: gateway write: compositions.create failed error=namespace not found: NamespaceId(4378ad03-d3a7-57ab-a3cf-f7e27a5a147b)
May 07 19:19:41 kiseki-storage-1 kiseki-server[9223]: 2026-05-07T19:19:41.161000Z  WARN kiseki_gateway::mem_gateway: gateway write: compositions.create failed error=namespace not found: NamespaceId(4378ad03-d3a7-57ab-a3cf-f7e27a5a147b)
May 07 19:19:41 kiseki-storage-1 kiseki-server[9223]: 2026-05-07T19:19:41.167085Z  WARN kiseki_gateway::mem_gateway: gateway write: compositions.create failed error=namespace not found: NamespaceId(4378ad03-d3a7-57ab-a3cf-f7e27a5a147b)
May 07 19:19:41 kiseki-storage-1 kiseki-server[9223]: 2026-05-07T19:19:41.180928Z  WARN kiseki_gateway::mem_gateway: gateway write: compositions.create failed error=namespace not found: NamespaceId(4378ad03-d3a7-57ab-a3cf-f7e27a5a147b)
May 07 19:19:41 kiseki-storage-1 kiseki-server[9223]: 2026-05-07T19:19:41.197690Z  WARN kiseki_gateway::mem_gateway: gateway write: compositions.create failed error=namespace not found: NamespaceId(4378ad03-d3a7-57ab-a3cf-f7e27a5a147b)
May 07 19:19:41 kiseki-storage-1 kiseki-server[9223]: 2026-05-07T19:19:41.197781Z  WARN kiseki_gateway::mem_gateway: gateway write: compositions.create failed error=namespace not found: NamespaceId(4378ad03-d3a7-57ab-a3cf-f7e27a5a147b)
May 07 19:19:41 kiseki-storage-1 kiseki-server[9223]: 2026-05-07T19:19:41.200268Z  WARN kiseki_gateway::mem_gateway: gateway write: compositions.create failed error=namespace not found: NamespaceId(4378ad03-d3a7-57ab-a3cf-f7e27a5a147b)
May 07 19:19:41 kiseki-storage-1 kiseki-server[9223]: 2026-05-07T19:19:41.200396Z  WARN kiseki_gateway::mem_gateway: gateway write: compositions.create failed error=namespace not found: NamespaceId(4378ad03-d3a7-57ab-a3cf-f7e27a5a147b)
May 07 19:19:41 kiseki-storage-1 kiseki-server[9223]: 2026-05-07T19:19:41.208044Z  WARN kiseki_gateway::mem_gateway: gateway write: compositions.create failed error=namespace not found: NamespaceId(4378ad03-d3a7-57ab-a3cf-f7e27a5a147b)
May 07 19:19:41 kiseki-storage-1 kiseki-server[9223]: 2026-05-07T19:19:41.209165Z  WARN kiseki_gateway::mem_gateway: gateway write: compositions.create failed error=namespace not found: NamespaceId(4378ad03-d3a7-57ab-a3cf-f7e27a5a147b)
May 07 19:19:41 kiseki-storage-1 kiseki-server[9223]: 2026-05-07T19:19:41.218834Z  WARN kiseki_gateway::mem_gateway: gateway write: compositions.create failed error=namespace not found: NamespaceId(4378ad03-d3a7-57ab-a3cf-f7e27a5a147b)
May 07 19:19:41 kiseki-storage-1 kiseki-server[9223]: 2026-05-07T19:19:41.229701Z  WARN kiseki_gateway::mem_gateway: gateway write: compositions.create failed error=namespace not found: NamespaceId(4378ad03-d3a7-57ab-a3cf-f7e27a5a147b)
May 07 19:19:41 kiseki-storage-1 kiseki-server[9223]: 2026-05-07T19:19:41.237498Z  WARN kiseki_gateway::mem_gateway: gateway write: compositions.create failed error=namespace not found: NamespaceId(4378ad03-d3a7-57ab-a3cf-f7e27a5a147b)
May 07 19:19:41 kiseki-storage-1 kiseki-server[9223]: 2026-05-07T19:19:41.242266Z  WARN kiseki_gateway::mem_gateway: gateway write: compositions.create failed error=namespace not found: NamespaceId(4378ad03-d3a7-57ab-a3cf-f7e27a5a147b)
May 07 19:19:41 kiseki-storage-1 kiseki-server[9223]: 2026-05-07T19:19:41.258312Z  WARN kiseki_gateway::mem_gateway: gateway write: compositions.create failed error=namespace not found: NamespaceId(4378ad03-d3a7-57ab-a3cf-f7e27a5a147b)
May 07 19:19:41 kiseki-storage-1 kiseki-server[9223]: 2026-05-07T19:19:41.263861Z  WARN kiseki_gateway::mem_gateway: gateway write: compositions.create failed error=namespace not found: NamespaceId(4378ad03-d3a7-57ab-a3cf-f7e27a5a147b)
May 07 19:19:41 kiseki-storage-1 kiseki-server[9223]: 2026-05-07T19:19:41.269998Z  WARN kiseki_gateway::mem_gateway: gateway write: compositions.create failed error=namespace not found: NamespaceId(4378ad03-d3a7-57ab-a3cf-f7e27a5a147b)
May 07 19:19:41 kiseki-storage-1 kiseki-server[9223]: 2026-05-07T19:19:41.272751Z  WARN kiseki_gateway::mem_gateway: gateway write: compositions.create failed error=namespace not found: NamespaceId(4378ad03-d3a7-57ab-a3cf-f7e27a5a147b)
May 07 19:19:41 kiseki-storage-1 kiseki-server[9223]: 2026-05-07T19:19:41.284237Z  WARN kiseki_gateway::mem_gateway: gateway write: compositions.create failed error=namespace not found: NamespaceId(4378ad03-d3a7-57ab-a3cf-f7e27a5a147b)
May 07 19:19:41 kiseki-storage-1 kiseki-server[9223]: 2026-05-07T19:19:41.285860Z  WARN kiseki_gateway::mem_gateway: gateway write: compositions.create failed error=namespace not found: NamespaceId(4378ad03-d3a7-57ab-a3cf-f7e27a5a147b)
May 07 19:19:41 kiseki-storage-1 kiseki-server[9223]: 2026-05-07T19:19:41.288013Z  WARN kiseki_gateway::mem_gateway: gateway write: compositions.create failed error=namespace not found: NamespaceId(4378ad03-d3a7-57ab-a3cf-f7e27a5a147b)
May 07 19:19:41 kiseki-storage-1 kiseki-server[9223]: 2026-05-07T19:19:41.302863Z  WARN kiseki_gateway::mem_gateway: gateway write: compositions.create failed error=namespace not found: NamespaceId(4378ad03-d3a7-57ab-a3cf-f7e27a5a147b)
May 07 19:19:41 kiseki-storage-1 kiseki-server[9223]: 2026-05-07T19:19:41.305391Z  WARN kiseki_gateway::mem_gateway: gateway write: compositions.create failed error=namespace not found: NamespaceId(4378ad03-d3a7-57ab-a3cf-f7e27a5a147b)
May 07 19:19:41 kiseki-storage-1 kiseki-server[9223]: 2026-05-07T19:19:41.308010Z  WARN kiseki_gateway::mem_gateway: gateway write: compositions.create failed error=namespace not found: NamespaceId(4378ad03-d3a7-57ab-a3cf-f7e27a5a147b)
May 07 19:19:41 kiseki-storage-1 kiseki-server[9223]: 2026-05-07T19:19:41.310945Z  WARN kiseki_gateway::mem_gateway: gateway write: compositions.create failed error=namespace not found: NamespaceId(4378ad03-d3a7-57ab-a3cf-f7e27a5a147b)
May 07 19:19:41 kiseki-storage-1 kiseki-server[9223]: 2026-05-07T19:19:41.311363Z  WARN kiseki_gateway::mem_gateway: gateway write: compositions.create failed error=namespace not found: NamespaceId(4378ad03-d3a7-57ab-a3cf-f7e27a5a147b)
May 07 19:19:41 kiseki-storage-1 kiseki-server[9223]: 2026-05-07T19:19:41.321682Z  WARN kiseki_gateway::mem_gateway: gateway write: compositions.create failed error=namespace not found: NamespaceId(4378ad03-d3a7-57ab-a3cf-f7e27a5a147b)
May 07 19:19:41 kiseki-storage-1 kiseki-server[9223]: 2026-05-07T19:19:41.326758Z  WARN kiseki_gateway::mem_gateway: gateway write: compositions.create failed error=namespace not found: NamespaceId(4378ad03-d3a7-57ab-a3cf-f7e27a5a147b)
May 07 19:19:41 kiseki-storage-1 kiseki-server[9223]: 2026-05-07T19:19:41.327488Z  WARN kiseki_gateway::mem_gateway: gateway write: compositions.create failed error=namespace not found: NamespaceId(4378ad03-d3a7-57ab-a3cf-f7e27a5a147b)
May 07 19:19:41 kiseki-storage-1 kiseki-server[9223]: 2026-05-07T19:19:41.352049Z  WARN kiseki_gateway::mem_gateway: gateway write: compositions.create failed error=namespace not found: NamespaceId(4378ad03-d3a7-57ab-a3cf-f7e27a5a147b)
May 07 19:19:41 kiseki-storage-1 kiseki-server[9223]: 2026-05-07T19:19:41.353217Z  WARN kiseki_gateway::mem_gateway: gateway write: compositions.create failed error=namespace not found: NamespaceId(4378ad03-d3a7-57ab-a3cf-f7e27a5a147b)
May 07 19:19:41 kiseki-storage-1 kiseki-server[9223]: 2026-05-07T19:19:41.353807Z  WARN kiseki_gateway::mem_gateway: gateway write: compositions.create failed error=namespace not found: NamespaceId(4378ad03-d3a7-57ab-a3cf-f7e27a5a147b)
May 07 19:19:41 kiseki-storage-1 kiseki-server[9223]: 2026-05-07T19:19:41.356432Z  WARN kiseki_gateway::mem_gateway: gateway write: compositions.create failed error=namespace not found: NamespaceId(4378ad03-d3a7-57ab-a3cf-f7e27a5a147b)
May 07 19:19:41 kiseki-storage-1 kiseki-server[9223]: 2026-05-07T19:19:41.359203Z  WARN kiseki_gateway::mem_gateway: gateway write: compositions.create failed error=namespace not found: NamespaceId(4378ad03-d3a7-57ab-a3cf-f7e27a5a147b)
May 07 19:19:41 kiseki-storage-1 kiseki-server[9223]: 2026-05-07T19:19:41.365540Z  WARN kiseki_gateway::mem_gateway: gateway write: compositions.create failed error=namespace not found: NamespaceId(4378ad03-d3a7-57ab-a3cf-f7e27a5a147b)
May 07 19:19:41 kiseki-storage-1 kiseki-server[9223]: 2026-05-07T19:19:41.366517Z  WARN kiseki_gateway::mem_gateway: gateway write: compositions.create failed error=namespace not found: NamespaceId(4378ad03-d3a7-57ab-a3cf-f7e27a5a147b)
May 07 19:19:41 kiseki-storage-1 kiseki-server[9223]: 2026-05-07T19:19:41.373008Z  WARN kiseki_gateway::mem_gateway: gateway write: compositions.create failed error=namespace not found: NamespaceId(4378ad03-d3a7-57ab-a3cf-f7e27a5a147b)
May 07 19:19:41 kiseki-storage-1 kiseki-server[9223]: 2026-05-07T19:19:41.382779Z  WARN kiseki_gateway::mem_gateway: gateway write: compositions.create failed error=namespace not found: NamespaceId(4378ad03-d3a7-57ab-a3cf-f7e27a5a147b)
May 07 19:19:41 kiseki-storage-1 kiseki-server[9223]: 2026-05-07T19:19:41.387913Z  WARN kiseki_gateway::mem_gateway: gateway write: compositions.create failed error=namespace not found: NamespaceId(4378ad03-d3a7-57ab-a3cf-f7e27a5a147b)
May 07 19:19:41 kiseki-storage-1 kiseki-server[9223]: 2026-05-07T19:19:41.388600Z  WARN kiseki_gateway::mem_gateway: gateway write: compositions.create failed error=namespace not found: NamespaceId(4378ad03-d3a7-57ab-a3cf-f7e27a5a147b)
May 07 19:19:41 kiseki-storage-1 kiseki-server[9223]: 2026-05-07T19:19:41.397424Z  WARN kiseki_gateway::mem_gateway: gateway write: compositions.create failed error=namespace not found: NamespaceId(4378ad03-d3a7-57ab-a3cf-f7e27a5a147b)
May 07 19:19:41 kiseki-storage-1 kiseki-server[9223]: 2026-05-07T19:19:41.445072Z  WARN kiseki_gateway::mem_gateway: gateway write: compositions.create failed error=namespace not found: NamespaceId(4378ad03-d3a7-57ab-a3cf-f7e27a5a147b)
May 07 19:19:41 kiseki-storage-1 kiseki-server[9223]: 2026-05-07T19:19:41.445730Z  WARN kiseki_gateway::mem_gateway: gateway write: compositions.create failed error=namespace not found: NamespaceId(4378ad03-d3a7-57ab-a3cf-f7e27a5a147b)
May 07 19:19:41 kiseki-storage-1 kiseki-server[9223]: 2026-05-07T19:19:41.457097Z  WARN kiseki_gateway::mem_gateway: gateway write: compositions.create failed error=namespace not found: NamespaceId(4378ad03-d3a7-57ab-a3cf-f7e27a5a147b)
May 07 19:19:41 kiseki-storage-1 kiseki-server[9223]: 2026-05-07T19:19:41.465936Z  WARN kiseki_gateway::mem_gateway: gateway write: compositions.create failed error=namespace not found: NamespaceId(4378ad03-d3a7-57ab-a3cf-f7e27a5a147b)
May 07 19:19:41 kiseki-storage-1 kiseki-server[9223]: 2026-05-07T19:19:41.467519Z  WARN kiseki_gateway::mem_gateway: gateway write: compositions.create failed error=namespace not found: NamespaceId(4378ad03-d3a7-57ab-a3cf-f7e27a5a147b)
May 07 19:19:41 kiseki-storage-1 kiseki-server[9223]: 2026-05-07T19:19:41.469444Z  WARN kiseki_gateway::mem_gateway: gateway write: compositions.create failed error=namespace not found: NamespaceId(4378ad03-d3a7-57ab-a3cf-f7e27a5a147b)
May 07 19:19:41 kiseki-storage-1 kiseki-server[9223]: 2026-05-07T19:19:41.494119Z  WARN kiseki_gateway::mem_gateway: gateway write: compositions.create failed error=namespace not found: NamespaceId(4378ad03-d3a7-57ab-a3cf-f7e27a5a147b)
May 07 19:19:41 kiseki-storage-1 kiseki-server[9223]: 2026-05-07T19:19:41.497658Z  WARN kiseki_gateway::mem_gateway: gateway write: compositions.create failed error=namespace not found: NamespaceId(4378ad03-d3a7-57ab-a3cf-f7e27a5a147b)
May 07 19:19:41 kiseki-storage-1 kiseki-server[9223]: 2026-05-07T19:19:41.509779Z  WARN kiseki_gateway::mem_gateway: gateway write: compositions.create failed error=namespace not found: NamespaceId(4378ad03-d3a7-57ab-a3cf-f7e27a5a147b)
May 07 19:19:41 kiseki-storage-1 kiseki-server[9223]: 2026-05-07T19:19:41.511401Z  WARN kiseki_gateway::mem_gateway: gateway write: compositions.create failed error=namespace not found: NamespaceId(4378ad03-d3a7-57ab-a3cf-f7e27a5a147b)
May 07 19:19:41 kiseki-storage-1 kiseki-server[9223]: 2026-05-07T19:19:41.526854Z  WARN kiseki_gateway::mem_gateway: gateway write: compositions.create failed error=namespace not found: NamespaceId(4378ad03-d3a7-57ab-a3cf-f7e27a5a147b)
May 07 19:19:41 kiseki-storage-1 kiseki-server[9223]: 2026-05-07T19:19:41.535160Z  WARN kiseki_gateway::mem_gateway: gateway write: compositions.create failed error=namespace not found: NamespaceId(4378ad03-d3a7-57ab-a3cf-f7e27a5a147b)
May 07 19:19:41 kiseki-storage-1 kiseki-server[9223]: 2026-05-07T19:19:41.545889Z  WARN kiseki_gateway::mem_gateway: gateway write: compositions.create failed error=namespace not found: NamespaceId(4378ad03-d3a7-57ab-a3cf-f7e27a5a147b)
May 07 19:19:41 kiseki-storage-1 kiseki-server[9223]: 2026-05-07T19:19:41.547786Z  WARN kiseki_gateway::mem_gateway: gateway write: compositions.create failed error=namespace not found: NamespaceId(4378ad03-d3a7-57ab-a3cf-f7e27a5a147b)
May 07 19:19:41 kiseki-storage-1 kiseki-server[9223]: 2026-05-07T19:19:41.549346Z  WARN kiseki_gateway::mem_gateway: gateway write: compositions.create failed error=namespace not found: NamespaceId(4378ad03-d3a7-57ab-a3cf-f7e27a5a147b)
May 07 19:19:41 kiseki-storage-1 kiseki-server[9223]: 2026-05-07T19:19:41.550876Z  WARN kiseki_gateway::mem_gateway: gateway write: compositions.create failed error=namespace not found: NamespaceId(4378ad03-d3a7-57ab-a3cf-f7e27a5a147b)
May 07 19:19:41 kiseki-storage-1 kiseki-server[9223]: 2026-05-07T19:19:41.571844Z  WARN kiseki_gateway::mem_gateway: gateway write: compositions.create failed error=namespace not found: NamespaceId(4378ad03-d3a7-57ab-a3cf-f7e27a5a147b)
May 07 19:19:41 kiseki-storage-1 kiseki-server[9223]: 2026-05-07T19:19:41.583997Z  WARN kiseki_gateway::mem_gateway: gateway write: compositions.create failed error=namespace not found: NamespaceId(4378ad03-d3a7-57ab-a3cf-f7e27a5a147b)
May 07 19:19:41 kiseki-storage-1 kiseki-server[9223]: 2026-05-07T19:19:41.584871Z  WARN kiseki_gateway::mem_gateway: gateway write: compositions.create failed error=namespace not found: NamespaceId(4378ad03-d3a7-57ab-a3cf-f7e27a5a147b)
May 07 19:19:41 kiseki-storage-1 kiseki-server[9223]: 2026-05-07T19:19:41.587798Z  WARN kiseki_gateway::mem_gateway: gateway write: compositions.create failed error=namespace not found: NamespaceId(4378ad03-d3a7-57ab-a3cf-f7e27a5a147b)
May 07 19:19:41 kiseki-storage-1 kiseki-server[9223]: 2026-05-07T19:19:41.595122Z  WARN kiseki_gateway::mem_gateway: gateway write: compositions.create failed error=namespace not found: NamespaceId(4378ad03-d3a7-57ab-a3cf-f7e27a5a147b)
May 07 19:19:41 kiseki-storage-1 kiseki-server[9223]: 2026-05-07T19:19:41.596695Z  WARN kiseki_gateway::mem_gateway: gateway write: compositions.create failed error=namespace not found: NamespaceId(4378ad03-d3a7-57ab-a3cf-f7e27a5a147b)
May 07 19:19:41 kiseki-storage-1 kiseki-server[9223]: 2026-05-07T19:19:41.605158Z  WARN kiseki_gateway::mem_gateway: gateway write: compositions.create failed error=namespace not found: NamespaceId(4378ad03-d3a7-57ab-a3cf-f7e27a5a147b)
May 07 19:19:41 kiseki-storage-1 kiseki-server[9223]: 2026-05-07T19:19:41.620280Z  WARN kiseki_gateway::mem_gateway: gateway write: compositions.create failed error=namespace not found: NamespaceId(4378ad03-d3a7-57ab-a3cf-f7e27a5a147b)
May 07 19:19:41 kiseki-storage-1 kiseki-server[9223]: 2026-05-07T19:19:41.631420Z  WARN kiseki_gateway::mem_gateway: gateway write: compositions.create failed error=namespace not found: NamespaceId(4378ad03-d3a7-57ab-a3cf-f7e27a5a147b)
May 07 19:19:41 kiseki-storage-1 kiseki-server[9223]: 2026-05-07T19:19:41.645947Z  WARN kiseki_gateway::mem_gateway: gateway write: compositions.create failed error=namespace not found: NamespaceId(4378ad03-d3a7-57ab-a3cf-f7e27a5a147b)
May 07 19:19:41 kiseki-storage-1 kiseki-server[9223]: 2026-05-07T19:19:41.646602Z  WARN kiseki_gateway::mem_gateway: gateway write: compositions.create failed error=namespace not found: NamespaceId(4378ad03-d3a7-57ab-a3cf-f7e27a5a147b)
May 07 19:19:41 kiseki-storage-1 kiseki-server[9223]: 2026-05-07T19:19:41.652909Z  WARN kiseki_gateway::mem_gateway: gateway write: compositions.create failed error=namespace not found: NamespaceId(4378ad03-d3a7-57ab-a3cf-f7e27a5a147b)
May 07 19:19:41 kiseki-storage-1 kiseki-server[9223]: 2026-05-07T19:19:41.662313Z  WARN kiseki_gateway::mem_gateway: gateway write: compositions.create failed error=namespace not found: NamespaceId(4378ad03-d3a7-57ab-a3cf-f7e27a5a147b)
May 07 19:19:41 kiseki-storage-1 kiseki-server[9223]: 2026-05-07T19:19:41.674196Z  WARN kiseki_gateway::mem_gateway: gateway write: compositions.create failed error=namespace not found: NamespaceId(4378ad03-d3a7-57ab-a3cf-f7e27a5a147b)
May 07 19:19:41 kiseki-storage-1 kiseki-server[9223]: 2026-05-07T19:19:41.674977Z  WARN kiseki_gateway::mem_gateway: gateway write: compositions.create failed error=namespace not found: NamespaceId(4378ad03-d3a7-57ab-a3cf-f7e27a5a147b)
May 07 19:19:41 kiseki-storage-1 kiseki-server[9223]: 2026-05-07T19:19:41.684004Z  WARN kiseki_gateway::mem_gateway: gateway write: compositions.create failed error=namespace not found: NamespaceId(4378ad03-d3a7-57ab-a3cf-f7e27a5a147b)
May 07 19:19:41 kiseki-storage-1 kiseki-server[9223]: 2026-05-07T19:19:41.703101Z  WARN kiseki_gateway::mem_gateway: gateway write: compositions.create failed error=namespace not found: NamespaceId(4378ad03-d3a7-57ab-a3cf-f7e27a5a147b)
May 07 19:19:41 kiseki-storage-1 kiseki-server[9223]: 2026-05-07T19:19:41.703140Z  WARN kiseki_gateway::mem_gateway: gateway write: compositions.create failed error=namespace not found: NamespaceId(4378ad03-d3a7-57ab-a3cf-f7e27a5a147b)
May 07 19:19:41 kiseki-storage-1 kiseki-server[9223]: 2026-05-07T19:19:41.711414Z  WARN kiseki_gateway::mem_gateway: gateway write: compositions.create failed error=namespace not found: NamespaceId(4378ad03-d3a7-57ab-a3cf-f7e27a5a147b)
May 07 19:19:41 kiseki-storage-1 kiseki-server[9223]: 2026-05-07T19:19:41.725001Z  WARN kiseki_gateway::mem_gateway: gateway write: compositions.create failed error=namespace not found: NamespaceId(4378ad03-d3a7-57ab-a3cf-f7e27a5a147b)
May 07 19:19:41 kiseki-storage-1 kiseki-server[9223]: 2026-05-07T19:19:41.726313Z  WARN kiseki_gateway::mem_gateway: gateway write: compositions.create failed error=namespace not found: NamespaceId(4378ad03-d3a7-57ab-a3cf-f7e27a5a147b)
May 07 19:19:41 kiseki-storage-1 kiseki-server[9223]: 2026-05-07T19:19:41.735698Z  WARN kiseki_gateway::mem_gateway: gateway write: compositions.create failed error=namespace not found: NamespaceId(4378ad03-d3a7-57ab-a3cf-f7e27a5a147b)
May 07 19:19:41 kiseki-storage-1 kiseki-server[9223]: 2026-05-07T19:19:41.777430Z  WARN kiseki_gateway::mem_gateway: gateway write: compositions.create failed error=namespace not found: NamespaceId(4378ad03-d3a7-57ab-a3cf-f7e27a5a147b)
May 07 19:19:41 kiseki-storage-1 kiseki-server[9223]: 2026-05-07T19:19:41.785658Z  WARN kiseki_gateway::mem_gateway: gateway write: compositions.create failed error=namespace not found: NamespaceId(4378ad03-d3a7-57ab-a3cf-f7e27a5a147b)
May 07 19:19:41 kiseki-storage-1 kiseki-server[9223]: 2026-05-07T19:19:41.789399Z  WARN kiseki_gateway::mem_gateway: gateway write: compositions.create failed error=namespace not found: NamespaceId(4378ad03-d3a7-57ab-a3cf-f7e27a5a147b)
May 07 19:19:41 kiseki-storage-1 kiseki-server[9223]: 2026-05-07T19:19:41.792889Z  WARN kiseki_gateway::mem_gateway: gateway write: compositions.create failed error=namespace not found: NamespaceId(4378ad03-d3a7-57ab-a3cf-f7e27a5a147b)
May 07 19:19:41 kiseki-storage-1 kiseki-server[9223]: 2026-05-07T19:19:41.796323Z  WARN kiseki_gateway::mem_gateway: gateway write: compositions.create failed error=namespace not found: NamespaceId(4378ad03-d3a7-57ab-a3cf-f7e27a5a147b)
May 07 19:19:41 kiseki-storage-1 kiseki-server[9223]: 2026-05-07T19:19:41.796459Z  WARN kiseki_gateway::mem_gateway: gateway write: compositions.create failed error=namespace not found: NamespaceId(4378ad03-d3a7-57ab-a3cf-f7e27a5a147b)
May 07 19:19:41 kiseki-storage-1 kiseki-server[9223]: 2026-05-07T19:19:41.802862Z  WARN kiseki_gateway::mem_gateway: gateway write: compositions.create failed error=namespace not found: NamespaceId(4378ad03-d3a7-57ab-a3cf-f7e27a5a147b)
May 07 19:19:41 kiseki-storage-1 kiseki-server[9223]: 2026-05-07T19:19:41.810145Z  WARN kiseki_gateway::mem_gateway: gateway write: compositions.create failed error=namespace not found: NamespaceId(4378ad03-d3a7-57ab-a3cf-f7e27a5a147b)
May 07 19:19:41 kiseki-storage-1 kiseki-server[9223]: 2026-05-07T19:19:41.826839Z  WARN kiseki_gateway::mem_gateway: gateway write: compositions.create failed error=namespace not found: NamespaceId(4378ad03-d3a7-57ab-a3cf-f7e27a5a147b)
May 07 19:19:41 kiseki-storage-1 kiseki-server[9223]: 2026-05-07T19:19:41.832758Z  WARN kiseki_gateway::mem_gateway: gateway write: compositions.create failed error=namespace not found: NamespaceId(4378ad03-d3a7-57ab-a3cf-f7e27a5a147b)
May 07 19:19:41 kiseki-storage-1 kiseki-server[9223]: 2026-05-07T19:19:41.833324Z  WARN kiseki_gateway::mem_gateway: gateway write: compositions.create failed error=namespace not found: NamespaceId(4378ad03-d3a7-57ab-a3cf-f7e27a5a147b)
May 07 19:19:41 kiseki-storage-1 kiseki-server[9223]: 2026-05-07T19:19:41.835035Z  WARN kiseki_gateway::mem_gateway: gateway write: compositions.create failed error=namespace not found: NamespaceId(4378ad03-d3a7-57ab-a3cf-f7e27a5a147b)
May 07 19:19:41 kiseki-storage-1 kiseki-server[9223]: 2026-05-07T19:19:41.837853Z  WARN kiseki_gateway::mem_gateway: gateway write: compositions.create failed error=namespace not found: NamespaceId(4378ad03-d3a7-57ab-a3cf-f7e27a5a147b)
May 07 19:19:41 kiseki-storage-1 kiseki-server[9223]: 2026-05-07T19:19:41.848936Z  WARN kiseki_gateway::mem_gateway: gateway write: compositions.create failed error=namespace not found: NamespaceId(4378ad03-d3a7-57ab-a3cf-f7e27a5a147b)
May 07 19:19:41 kiseki-storage-1 kiseki-server[9223]: 2026-05-07T19:19:41.853141Z  WARN kiseki_gateway::mem_gateway: gateway write: compositions.create failed error=namespace not found: NamespaceId(4378ad03-d3a7-57ab-a3cf-f7e27a5a147b)
May 07 19:19:41 kiseki-storage-1 kiseki-server[9223]: 2026-05-07T19:19:41.857825Z  WARN kiseki_gateway::mem_gateway: gateway write: compositions.create failed error=namespace not found: NamespaceId(4378ad03-d3a7-57ab-a3cf-f7e27a5a147b)
May 07 19:19:41 kiseki-storage-1 kiseki-server[9223]: 2026-05-07T19:19:41.874704Z  WARN kiseki_gateway::mem_gateway: gateway write: compositions.create failed error=namespace not found: NamespaceId(4378ad03-d3a7-57ab-a3cf-f7e27a5a147b)
May 07 19:19:41 kiseki-storage-1 kiseki-server[9223]: 2026-05-07T19:19:41.877593Z  WARN kiseki_gateway::mem_gateway: gateway write: compositions.create failed error=namespace not found: NamespaceId(4378ad03-d3a7-57ab-a3cf-f7e27a5a147b)
May 07 19:19:41 kiseki-storage-1 kiseki-server[9223]: 2026-05-07T19:19:41.884254Z  WARN kiseki_gateway::mem_gateway: gateway write: compositions.create failed error=namespace not found: NamespaceId(4378ad03-d3a7-57ab-a3cf-f7e27a5a147b)
May 07 19:19:41 kiseki-storage-1 kiseki-server[9223]: 2026-05-07T19:19:41.889846Z  WARN kiseki_gateway::mem_gateway: gateway write: compositions.create failed error=namespace not found: NamespaceId(4378ad03-d3a7-57ab-a3cf-f7e27a5a147b)
May 07 19:19:41 kiseki-storage-1 kiseki-server[9223]: 2026-05-07T19:19:41.899875Z  WARN kiseki_gateway::mem_gateway: gateway write: compositions.create failed error=namespace not found: NamespaceId(4378ad03-d3a7-57ab-a3cf-f7e27a5a147b)
May 07 19:19:41 kiseki-storage-1 kiseki-server[9223]: 2026-05-07T19:19:41.901532Z  WARN kiseki_gateway::mem_gateway: gateway write: compositions.create failed error=namespace not found: NamespaceId(4378ad03-d3a7-57ab-a3cf-f7e27a5a147b)
May 07 19:19:41 kiseki-storage-1 kiseki-server[9223]: 2026-05-07T19:19:41.903423Z  WARN kiseki_gateway::mem_gateway: gateway write: compositions.create failed error=namespace not found: NamespaceId(4378ad03-d3a7-57ab-a3cf-f7e27a5a147b)
May 07 19:19:41 kiseki-storage-1 kiseki-server[9223]: 2026-05-07T19:19:41.906112Z  WARN kiseki_gateway::mem_gateway: gateway write: compositions.create failed error=namespace not found: NamespaceId(4378ad03-d3a7-57ab-a3cf-f7e27a5a147b)
May 07 19:19:41 kiseki-storage-1 kiseki-server[9223]: 2026-05-07T19:19:41.910572Z  WARN kiseki_gateway::mem_gateway: gateway write: compositions.create failed error=namespace not found: NamespaceId(4378ad03-d3a7-57ab-a3cf-f7e27a5a147b)
May 07 19:19:41 kiseki-storage-1 kiseki-server[9223]: 2026-05-07T19:19:41.910795Z  WARN kiseki_gateway::mem_gateway: gateway write: compositions.create failed error=namespace not found: NamespaceId(4378ad03-d3a7-57ab-a3cf-f7e27a5a147b)
May 07 19:19:41 kiseki-storage-1 kiseki-server[9223]: 2026-05-07T19:19:41.918613Z  WARN kiseki_gateway::mem_gateway: gateway write: compositions.create failed error=namespace not found: NamespaceId(4378ad03-d3a7-57ab-a3cf-f7e27a5a147b)
May 07 19:19:41 kiseki-storage-1 kiseki-server[9223]: 2026-05-07T19:19:41.927768Z  WARN kiseki_gateway::mem_gateway: gateway write: compositions.create failed error=namespace not found: NamespaceId(4378ad03-d3a7-57ab-a3cf-f7e27a5a147b)
May 07 19:19:41 kiseki-storage-1 kiseki-server[9223]: 2026-05-07T19:19:41.928657Z  WARN kiseki_gateway::mem_gateway: gateway write: compositions.create failed error=namespace not found: NamespaceId(4378ad03-d3a7-57ab-a3cf-f7e27a5a147b)
May 07 19:19:41 kiseki-storage-1 kiseki-server[9223]: 2026-05-07T19:19:41.952077Z  WARN kiseki_gateway::mem_gateway: gateway write: compositions.create failed error=namespace not found: NamespaceId(4378ad03-d3a7-57ab-a3cf-f7e27a5a147b)
May 07 19:19:41 kiseki-storage-1 kiseki-server[9223]: 2026-05-07T19:19:41.961400Z  WARN kiseki_gateway::mem_gateway: gateway write: compositions.create failed error=namespace not found: NamespaceId(4378ad03-d3a7-57ab-a3cf-f7e27a5a147b)
May 07 19:19:41 kiseki-storage-1 kiseki-server[9223]: 2026-05-07T19:19:41.963100Z  WARN kiseki_gateway::mem_gateway: gateway write: compositions.create failed error=namespace not found: NamespaceId(4378ad03-d3a7-57ab-a3cf-f7e27a5a147b)
May 07 19:19:41 kiseki-storage-1 kiseki-server[9223]: 2026-05-07T19:19:41.964427Z  WARN kiseki_gateway::mem_gateway: gateway write: compositions.create failed error=namespace not found: NamespaceId(4378ad03-d3a7-57ab-a3cf-f7e27a5a147b)
May 07 19:19:41 kiseki-storage-1 kiseki-server[9223]: 2026-05-07T19:19:41.972353Z  WARN kiseki_gateway::mem_gateway: gateway write: compositions.create failed error=namespace not found: NamespaceId(4378ad03-d3a7-57ab-a3cf-f7e27a5a147b)
May 07 19:19:41 kiseki-storage-1 kiseki-server[9223]: 2026-05-07T19:19:41.972745Z  WARN kiseki_gateway::mem_gateway: gateway write: compositions.create failed error=namespace not found: NamespaceId(4378ad03-d3a7-57ab-a3cf-f7e27a5a147b)
May 07 19:19:41 kiseki-storage-1 kiseki-server[9223]: 2026-05-07T19:19:41.975663Z  WARN kiseki_gateway::mem_gateway: gateway write: compositions.create failed error=namespace not found: NamespaceId(4378ad03-d3a7-57ab-a3cf-f7e27a5a147b)
May 07 19:19:41 kiseki-storage-1 kiseki-server[9223]: 2026-05-07T19:19:41.989346Z  WARN kiseki_gateway::mem_gateway: gateway write: compositions.create failed error=namespace not found: NamespaceId(4378ad03-d3a7-57ab-a3cf-f7e27a5a147b)
May 07 19:19:41 kiseki-storage-1 kiseki-server[9223]: 2026-05-07T19:19:41.998723Z  WARN kiseki_gateway::mem_gateway: gateway write: compositions.create failed error=namespace not found: NamespaceId(4378ad03-d3a7-57ab-a3cf-f7e27a5a147b)
May 07 19:19:42 kiseki-storage-1 kiseki-server[9223]: 2026-05-07T19:19:42.026521Z  WARN kiseki_gateway::mem_gateway: gateway write: compositions.create failed error=namespace not found: NamespaceId(4378ad03-d3a7-57ab-a3cf-f7e27a5a147b)
May 07 19:19:42 kiseki-storage-1 kiseki-server[9223]: 2026-05-07T19:19:42.038423Z  WARN kiseki_gateway::mem_gateway: gateway write: compositions.create failed error=namespace not found: NamespaceId(4378ad03-d3a7-57ab-a3cf-f7e27a5a147b)
May 07 19:19:42 kiseki-storage-1 kiseki-server[9223]: 2026-05-07T19:19:42.040355Z  WARN kiseki_gateway::mem_gateway: gateway write: compositions.create failed error=namespace not found: NamespaceId(4378ad03-d3a7-57ab-a3cf-f7e27a5a147b)
May 07 19:19:42 kiseki-storage-1 kiseki-server[9223]: 2026-05-07T19:19:42.040782Z  WARN kiseki_gateway::mem_gateway: gateway write: compositions.create failed error=namespace not found: NamespaceId(4378ad03-d3a7-57ab-a3cf-f7e27a5a147b)
May 07 19:19:42 kiseki-storage-1 kiseki-server[9223]: 2026-05-07T19:19:42.044867Z  WARN kiseki_gateway::mem_gateway: gateway write: compositions.create failed error=namespace not found: NamespaceId(4378ad03-d3a7-57ab-a3cf-f7e27a5a147b)
May 07 19:19:42 kiseki-storage-1 kiseki-server[9223]: 2026-05-07T19:19:42.050240Z  WARN kiseki_gateway::mem_gateway: gateway write: compositions.create failed error=namespace not found: NamespaceId(4378ad03-d3a7-57ab-a3cf-f7e27a5a147b)
May 07 19:19:42 kiseki-storage-1 kiseki-server[9223]: 2026-05-07T19:19:42.050417Z  WARN kiseki_gateway::mem_gateway: gateway write: compositions.create failed error=namespace not found: NamespaceId(4378ad03-d3a7-57ab-a3cf-f7e27a5a147b)
May 07 19:19:42 kiseki-storage-1 kiseki-server[9223]: 2026-05-07T19:19:42.055862Z  WARN kiseki_gateway::mem_gateway: gateway write: compositions.create failed error=namespace not found: NamespaceId(4378ad03-d3a7-57ab-a3cf-f7e27a5a147b)
May 07 19:19:42 kiseki-storage-1 kiseki-server[9223]: 2026-05-07T19:19:42.059898Z  WARN kiseki_gateway::mem_gateway: gateway write: compositions.create failed error=namespace not found: NamespaceId(4378ad03-d3a7-57ab-a3cf-f7e27a5a147b)
May 07 19:19:42 kiseki-storage-1 kiseki-server[9223]: 2026-05-07T19:19:42.060672Z  WARN kiseki_gateway::mem_gateway: gateway write: compositions.create failed error=namespace not found: NamespaceId(4378ad03-d3a7-57ab-a3cf-f7e27a5a147b)
May 07 19:19:42 kiseki-storage-1 kiseki-server[9223]: 2026-05-07T19:19:42.065204Z  WARN kiseki_gateway::mem_gateway: gateway write: compositions.create failed error=namespace not found: NamespaceId(4378ad03-d3a7-57ab-a3cf-f7e27a5a147b)
May 07 19:19:42 kiseki-storage-1 kiseki-server[9223]: 2026-05-07T19:19:42.066791Z  WARN kiseki_gateway::mem_gateway: gateway write: compositions.create failed error=namespace not found: NamespaceId(4378ad03-d3a7-57ab-a3cf-f7e27a5a147b)
May 07 19:19:42 kiseki-storage-1 kiseki-server[9223]: 2026-05-07T19:19:42.068584Z  WARN kiseki_gateway::mem_gateway: gateway write: compositions.create failed error=namespace not found: NamespaceId(4378ad03-d3a7-57ab-a3cf-f7e27a5a147b)
May 07 19:19:42 kiseki-storage-1 kiseki-server[9223]: 2026-05-07T19:19:42.070357Z  WARN kiseki_gateway::mem_gateway: gateway write: compositions.create failed error=namespace not found: NamespaceId(4378ad03-d3a7-57ab-a3cf-f7e27a5a147b)
May 07 19:19:42 kiseki-storage-1 kiseki-server[9223]: 2026-05-07T19:19:42.078454Z  WARN kiseki_gateway::mem_gateway: gateway write: compositions.create failed error=namespace not found: NamespaceId(4378ad03-d3a7-57ab-a3cf-f7e27a5a147b)
May 07 19:19:42 kiseki-storage-1 kiseki-server[9223]: 2026-05-07T19:19:42.080187Z  WARN kiseki_gateway::mem_gateway: gateway write: compositions.create failed error=namespace not found: NamespaceId(4378ad03-d3a7-57ab-a3cf-f7e27a5a147b)
May 07 19:19:42 kiseki-storage-1 kiseki-server[9223]: 2026-05-07T19:19:42.080489Z  WARN kiseki_gateway::mem_gateway: gateway write: compositions.create failed error=namespace not found: NamespaceId(4378ad03-d3a7-57ab-a3cf-f7e27a5a147b)
May 07 19:19:42 kiseki-storage-1 kiseki-server[9223]: 2026-05-07T19:19:42.084513Z  WARN kiseki_gateway::mem_gateway: gateway write: compositions.create failed error=namespace not found: NamespaceId(4378ad03-d3a7-57ab-a3cf-f7e27a5a147b)
May 07 19:19:42 kiseki-storage-1 kiseki-server[9223]: 2026-05-07T19:19:42.086818Z  WARN kiseki_gateway::mem_gateway: gateway write: compositions.create failed error=namespace not found: NamespaceId(4378ad03-d3a7-57ab-a3cf-f7e27a5a147b)
May 07 19:19:42 kiseki-storage-1 kiseki-server[9223]: 2026-05-07T19:19:42.087146Z  WARN kiseki_gateway::mem_gateway: gateway write: compositions.create failed error=namespace not found: NamespaceId(4378ad03-d3a7-57ab-a3cf-f7e27a5a147b)
May 07 19:19:42 kiseki-storage-1 kiseki-server[9223]: 2026-05-07T19:19:42.088450Z  WARN kiseki_gateway::mem_gateway: gateway write: compositions.create failed error=namespace not found: NamespaceId(4378ad03-d3a7-57ab-a3cf-f7e27a5a147b)
May 07 19:19:42 kiseki-storage-1 kiseki-server[9223]: 2026-05-07T19:19:42.089605Z  WARN kiseki_gateway::mem_gateway: gateway write: compositions.create failed error=namespace not found: NamespaceId(4378ad03-d3a7-57ab-a3cf-f7e27a5a147b)
May 07 19:19:42 kiseki-storage-1 kiseki-server[9223]: 2026-05-07T19:19:42.099722Z  WARN kiseki_gateway::mem_gateway: gateway write: compositions.create failed error=namespace not found: NamespaceId(4378ad03-d3a7-57ab-a3cf-f7e27a5a147b)
May 07 19:19:42 kiseki-storage-1 kiseki-server[9223]: 2026-05-07T19:19:42.100874Z  WARN kiseki_gateway::mem_gateway: gateway write: compositions.create failed error=namespace not found: NamespaceId(4378ad03-d3a7-57ab-a3cf-f7e27a5a147b)
May 07 19:19:42 kiseki-storage-1 kiseki-server[9223]: 2026-05-07T19:19:42.102798Z  WARN kiseki_gateway::mem_gateway: gateway write: compositions.create failed error=namespace not found: NamespaceId(4378ad03-d3a7-57ab-a3cf-f7e27a5a147b)
May 07 19:19:42 kiseki-storage-1 kiseki-server[9223]: 2026-05-07T19:19:42.107892Z  WARN kiseki_gateway::mem_gateway: gateway write: compositions.create failed error=namespace not found: NamespaceId(4378ad03-d3a7-57ab-a3cf-f7e27a5a147b)
May 07 19:19:42 kiseki-storage-1 kiseki-server[9223]: 2026-05-07T19:19:42.135673Z  WARN kiseki_gateway::mem_gateway: gateway write: compositions.create failed error=namespace not found: NamespaceId(4378ad03-d3a7-57ab-a3cf-f7e27a5a147b)
May 07 19:19:42 kiseki-storage-1 kiseki-server[9223]: 2026-05-07T19:19:42.161013Z  WARN kiseki_gateway::mem_gateway: gateway write: compositions.create failed error=namespace not found: NamespaceId(4378ad03-d3a7-57ab-a3cf-f7e27a5a147b)
May 07 19:19:42 kiseki-storage-1 kiseki-server[9223]: 2026-05-07T19:19:42.170218Z  WARN kiseki_gateway::mem_gateway: gateway write: compositions.create failed error=namespace not found: NamespaceId(4378ad03-d3a7-57ab-a3cf-f7e27a5a147b)
May 07 19:19:42 kiseki-storage-1 kiseki-server[9223]: 2026-05-07T19:19:42.184042Z  WARN kiseki_gateway::mem_gateway: gateway write: compositions.create failed error=namespace not found: NamespaceId(4378ad03-d3a7-57ab-a3cf-f7e27a5a147b)
May 07 19:19:42 kiseki-storage-1 kiseki-server[9223]: 2026-05-07T19:19:42.184527Z  WARN kiseki_gateway::mem_gateway: gateway write: compositions.create failed error=namespace not found: NamespaceId(4378ad03-d3a7-57ab-a3cf-f7e27a5a147b)
May 07 19:19:42 kiseki-storage-1 kiseki-server[9223]: 2026-05-07T19:19:42.194971Z  WARN kiseki_gateway::mem_gateway: gateway write: compositions.create failed error=namespace not found: NamespaceId(4378ad03-d3a7-57ab-a3cf-f7e27a5a147b)
May 07 19:19:42 kiseki-storage-1 kiseki-server[9223]: 2026-05-07T19:19:42.196366Z  WARN kiseki_gateway::mem_gateway: gateway write: compositions.create failed error=namespace not found: NamespaceId(4378ad03-d3a7-57ab-a3cf-f7e27a5a147b)
May 07 19:19:42 kiseki-storage-1 kiseki-server[9223]: 2026-05-07T19:19:42.208907Z  WARN kiseki_gateway::mem_gateway: gateway write: compositions.create failed error=namespace not found: NamespaceId(4378ad03-d3a7-57ab-a3cf-f7e27a5a147b)
May 07 19:20:36 kiseki-storage-1 kiseki-server[9223]: 2026-05-07T19:20:36.127917Z  INFO kiseki_server::runtime: scrub: periodic check completed
May 07 19:20:41 kiseki-storage-1 kiseki-server[9223]: 2026-05-07T19:20:41.433656Z  INFO kiseki_composition::hydrator: composition hydrator: installed compositions from log applied=2 last_applied=13
May 07 19:21:07 kiseki-storage-1 kiseki-server[9223]: 2026-05-07T19:21:07.613840Z  INFO kiseki_composition::hydrator: composition hydrator: installed compositions from log applied=1 last_applied=14
May 07 19:21:07 kiseki-storage-1 kiseki-server[9223]: 2026-05-07T19:21:07.716275Z  INFO kiseki_composition::hydrator: composition hydrator: installed compositions from log applied=1 last_applied=15
May 07 19:21:08 kiseki-storage-1 kiseki-server[9223]: 2026-05-07T19:21:08.020591Z  INFO kiseki_composition::hydrator: composition hydrator: installed compositions from log applied=1 last_applied=16
May 07 19:21:08 kiseki-storage-1 kiseki-server[9223]: 2026-05-07T19:21:08.122040Z  INFO kiseki_composition::hydrator: composition hydrator: installed compositions from log applied=1 last_applied=17
May 07 19:21:08 kiseki-storage-1 kiseki-server[9223]: 2026-05-07T19:21:08.224175Z  INFO kiseki_composition::hydrator: composition hydrator: installed compositions from log applied=1 last_applied=18
May 07 19:21:08 kiseki-storage-1 kiseki-server[9223]: 2026-05-07T19:21:08.325680Z  INFO kiseki_composition::hydrator: composition hydrator: installed compositions from log applied=1 last_applied=19
May 07 19:21:08 kiseki-storage-1 kiseki-server[9223]: 2026-05-07T19:21:08.529410Z  INFO kiseki_composition::hydrator: composition hydrator: installed compositions from log applied=4 last_applied=23
May 07 19:21:08 kiseki-storage-1 kiseki-server[9223]: 2026-05-07T19:21:08.630767Z  INFO kiseki_composition::hydrator: composition hydrator: installed compositions from log applied=4 last_applied=27
May 07 19:21:08 kiseki-storage-1 kiseki-server[9223]: 2026-05-07T19:21:08.732921Z  INFO kiseki_composition::hydrator: composition hydrator: installed compositions from log applied=4 last_applied=31
May 07 19:21:08 kiseki-storage-1 kiseki-server[9223]: 2026-05-07T19:21:08.834819Z  INFO kiseki_composition::hydrator: composition hydrator: installed compositions from log applied=4 last_applied=35
May 07 19:21:09 kiseki-storage-1 kiseki-server[9223]: 2026-05-07T19:21:09.138529Z  INFO kiseki_composition::hydrator: composition hydrator: installed compositions from log applied=8 last_applied=43
May 07 19:21:09 kiseki-storage-1 kiseki-server[9223]: 2026-05-07T19:21:09.239749Z  INFO kiseki_composition::hydrator: composition hydrator: installed compositions from log applied=10 last_applied=53
May 07 19:21:09 kiseki-storage-1 kiseki-server[9223]: 2026-05-07T19:21:09.341957Z  INFO kiseki_composition::hydrator: composition hydrator: installed compositions from log applied=5 last_applied=58
May 07 19:21:09 kiseki-storage-1 kiseki-server[9223]: 2026-05-07T19:21:09.443658Z  INFO kiseki_composition::hydrator: composition hydrator: installed compositions from log applied=9 last_applied=67
May 07 19:21:09 kiseki-storage-1 kiseki-server[9223]: 2026-05-07T19:21:09.544917Z  INFO kiseki_composition::hydrator: composition hydrator: installed compositions from log applied=9 last_applied=76
May 07 19:21:09 kiseki-storage-1 kiseki-server[9223]: 2026-05-07T19:21:09.646588Z  INFO kiseki_composition::hydrator: composition hydrator: installed compositions from log applied=8 last_applied=84
May 07 19:21:09 kiseki-storage-1 kiseki-server[9223]: 2026-05-07T19:21:09.747735Z  INFO kiseki_composition::hydrator: composition hydrator: installed compositions from log applied=13 last_applied=97
May 07 19:21:09 kiseki-storage-1 kiseki-server[9223]: 2026-05-07T19:21:09.849882Z  INFO kiseki_composition::hydrator: composition hydrator: installed compositions from log applied=2 last_applied=99
May 07 19:21:10 kiseki-storage-1 kiseki-server[9223]: 2026-05-07T19:21:10.153712Z  INFO kiseki_composition::hydrator: composition hydrator: installed compositions from log applied=2 last_applied=101
May 07 19:21:10 kiseki-storage-1 kiseki-server[9223]: 2026-05-07T19:21:10.255558Z  INFO kiseki_composition::hydrator: composition hydrator: installed compositions from log applied=1 last_applied=102
May 07 19:21:10 kiseki-storage-1 kiseki-server[9223]: 2026-05-07T19:21:10.357011Z  INFO kiseki_composition::hydrator: composition hydrator: installed compositions from log applied=2 last_applied=104
May 07 19:21:10 kiseki-storage-1 kiseki-server[9223]: 2026-05-07T19:21:10.459027Z  INFO kiseki_composition::hydrator: composition hydrator: installed compositions from log applied=4 last_applied=108
May 07 19:21:10 kiseki-storage-1 kiseki-server[9223]: 2026-05-07T19:21:10.561147Z  INFO kiseki_composition::hydrator: composition hydrator: installed compositions from log applied=14 last_applied=122
May 07 19:21:10 kiseki-storage-1 kiseki-server[9223]: 2026-05-07T19:21:10.662738Z  INFO kiseki_composition::hydrator: composition hydrator: installed compositions from log applied=13 last_applied=135
May 07 19:21:10 kiseki-storage-1 kiseki-server[9223]: 2026-05-07T19:21:10.765111Z  INFO kiseki_composition::hydrator: composition hydrator: installed compositions from log applied=6 last_applied=141
May 07 19:21:10 kiseki-storage-1 kiseki-server[9223]: 2026-05-07T19:21:10.866989Z  INFO kiseki_composition::hydrator: composition hydrator: installed compositions from log applied=9 last_applied=150
May 07 19:21:10 kiseki-storage-1 kiseki-server[9223]: 2026-05-07T19:21:10.968769Z  INFO kiseki_composition::hydrator: composition hydrator: installed compositions from log applied=9 last_applied=159
May 07 19:21:11 kiseki-storage-1 kiseki-server[9223]: 2026-05-07T19:21:11.070837Z  INFO kiseki_composition::hydrator: composition hydrator: installed compositions from log applied=14 last_applied=173
May 07 19:21:11 kiseki-storage-1 kiseki-server[9223]: 2026-05-07T19:21:11.173027Z  INFO kiseki_composition::hydrator: composition hydrator: installed compositions from log applied=12 last_applied=185
May 07 19:21:11 kiseki-storage-1 kiseki-server[9223]: 2026-05-07T19:21:11.274616Z  INFO kiseki_composition::hydrator: composition hydrator: installed compositions from log applied=6 last_applied=191
May 07 19:21:11 kiseki-storage-1 kiseki-server[9223]: 2026-05-07T19:21:11.375555Z  INFO kiseki_composition::hydrator: composition hydrator: installed compositions from log applied=8 last_applied=199
May 07 19:21:11 kiseki-storage-1 kiseki-server[9223]: 2026-05-07T19:21:11.478038Z  INFO kiseki_composition::hydrator: composition hydrator: installed compositions from log applied=4 last_applied=203
May 07 19:21:11 kiseki-storage-1 kiseki-server[9223]: 2026-05-07T19:21:11.580007Z  INFO kiseki_composition::hydrator: composition hydrator: installed compositions from log applied=13 last_applied=216
May 07 19:21:11 kiseki-storage-1 kiseki-server[9223]: 2026-05-07T19:21:11.681875Z  INFO kiseki_composition::hydrator: composition hydrator: installed compositions from log applied=12 last_applied=228
May 07 19:21:11 kiseki-storage-1 kiseki-server[9223]: 2026-05-07T19:21:11.783879Z  INFO kiseki_composition::hydrator: composition hydrator: installed compositions from log applied=10 last_applied=238
May 07 19:21:11 kiseki-storage-1 kiseki-server[9223]: 2026-05-07T19:21:11.885876Z  INFO kiseki_composition::hydrator: composition hydrator: installed compositions from log applied=7 last_applied=245
May 07 19:21:11 kiseki-storage-1 kiseki-server[9223]: 2026-05-07T19:21:11.988168Z  INFO kiseki_composition::hydrator: composition hydrator: installed compositions from log applied=12 last_applied=257
May 07 19:21:12 kiseki-storage-1 kiseki-server[9223]: 2026-05-07T19:21:12.090048Z  INFO kiseki_composition::hydrator: composition hydrator: installed compositions from log applied=11 last_applied=268
May 07 19:21:12 kiseki-storage-1 kiseki-server[9223]: 2026-05-07T19:21:12.191988Z  INFO kiseki_composition::hydrator: composition hydrator: installed compositions from log applied=5 last_applied=273
May 07 19:21:12 kiseki-storage-1 kiseki-server[9223]: 2026-05-07T19:21:12.295432Z  INFO kiseki_composition::hydrator: composition hydrator: installed compositions from log applied=8 last_applied=281
May 07 19:21:12 kiseki-storage-1 kiseki-server[9223]: 2026-05-07T19:21:12.397462Z  INFO kiseki_composition::hydrator: composition hydrator: installed compositions from log applied=14 last_applied=295
May 07 19:21:12 kiseki-storage-1 kiseki-server[9223]: 2026-05-07T19:21:12.499858Z  INFO kiseki_composition::hydrator: composition hydrator: installed compositions from log applied=14 last_applied=309
May 07 19:21:12 kiseki-storage-1 kiseki-server[9223]: 2026-05-07T19:21:12.602048Z  INFO kiseki_composition::hydrator: composition hydrator: installed compositions from log applied=10 last_applied=319
May 07 19:21:12 kiseki-storage-1 kiseki-server[9223]: 2026-05-07T19:21:12.703952Z  INFO kiseki_composition::hydrator: composition hydrator: installed compositions from log applied=18 last_applied=337
May 07 19:21:12 kiseki-storage-1 kiseki-server[9223]: 2026-05-07T19:21:12.806065Z  INFO kiseki_composition::hydrator: composition hydrator: installed compositions from log applied=12 last_applied=349
May 07 19:21:12 kiseki-storage-1 kiseki-server[9223]: 2026-05-07T19:21:12.907727Z  INFO kiseki_composition::hydrator: composition hydrator: installed compositions from log applied=6 last_applied=355
May 07 19:21:13 kiseki-storage-1 kiseki-server[9223]: 2026-05-07T19:21:13.514578Z  INFO kiseki_composition::hydrator: composition hydrator: installed compositions from log applied=3 last_applied=358
May 07 19:21:13 kiseki-storage-1 kiseki-server[9223]: 2026-05-07T19:21:13.615766Z  INFO kiseki_composition::hydrator: composition hydrator: installed compositions from log applied=3 last_applied=361
May 07 19:21:13 kiseki-storage-1 kiseki-server[9223]: 2026-05-07T19:21:13.717688Z  INFO kiseki_composition::hydrator: composition hydrator: installed compositions from log applied=7 last_applied=368
May 07 19:21:13 kiseki-storage-1 kiseki-server[9223]: 2026-05-07T19:21:13.819562Z  INFO kiseki_composition::hydrator: composition hydrator: installed compositions from log applied=4 last_applied=372
May 07 19:21:13 kiseki-storage-1 kiseki-server[9223]: 2026-05-07T19:21:13.920636Z  INFO kiseki_composition::hydrator: composition hydrator: installed compositions from log applied=3 last_applied=375
May 07 19:21:14 kiseki-storage-1 kiseki-server[9223]: 2026-05-07T19:21:14.022179Z  INFO kiseki_composition::hydrator: composition hydrator: installed compositions from log applied=4 last_applied=379
May 07 19:21:14 kiseki-storage-1 kiseki-server[9223]: 2026-05-07T19:21:14.123970Z  INFO kiseki_composition::hydrator: composition hydrator: installed compositions from log applied=5 last_applied=384
May 07 19:21:14 kiseki-storage-1 kiseki-server[9223]: 2026-05-07T19:21:14.226208Z  INFO kiseki_composition::hydrator: composition hydrator: installed compositions from log applied=9 last_applied=393
May 07 19:21:14 kiseki-storage-1 kiseki-server[9223]: 2026-05-07T19:21:14.327972Z  INFO kiseki_composition::hydrator: composition hydrator: installed compositions from log applied=11 last_applied=404
May 07 19:21:14 kiseki-storage-1 kiseki-server[9223]: 2026-05-07T19:21:14.429879Z  INFO kiseki_composition::hydrator: composition hydrator: installed compositions from log applied=6 last_applied=410
May 07 19:21:14 kiseki-storage-1 kiseki-server[9223]: 2026-05-07T19:21:14.531712Z  INFO kiseki_composition::hydrator: composition hydrator: installed compositions from log applied=13 last_applied=423
May 07 19:21:14 kiseki-storage-1 kiseki-server[9223]: 2026-05-07T19:21:14.634071Z  INFO kiseki_composition::hydrator: composition hydrator: installed compositions from log applied=4 last_applied=427
May 07 19:21:14 kiseki-storage-1 kiseki-server[9223]: 2026-05-07T19:21:14.736789Z  INFO kiseki_composition::hydrator: composition hydrator: installed compositions from log applied=10 last_applied=437
May 07 19:21:14 kiseki-storage-1 kiseki-server[9223]: 2026-05-07T19:21:14.839279Z  INFO kiseki_composition::hydrator: composition hydrator: installed compositions from log applied=10 last_applied=447
May 07 19:21:14 kiseki-storage-1 kiseki-server[9223]: 2026-05-07T19:21:14.941237Z  INFO kiseki_composition::hydrator: composition hydrator: installed compositions from log applied=13 last_applied=460
May 07 19:21:15 kiseki-storage-1 kiseki-server[9223]: 2026-05-07T19:21:15.042895Z  INFO kiseki_composition::hydrator: composition hydrator: installed compositions from log applied=18 last_applied=478
May 07 19:21:15 kiseki-storage-1 kiseki-server[9223]: 2026-05-07T19:21:15.145089Z  INFO kiseki_composition::hydrator: composition hydrator: installed compositions from log applied=5 last_applied=483
May 07 19:21:15 kiseki-storage-1 kiseki-server[9223]: 2026-05-07T19:21:15.247097Z  INFO kiseki_composition::hydrator: composition hydrator: installed compositions from log applied=8 last_applied=491
May 07 19:21:15 kiseki-storage-1 kiseki-server[9223]: 2026-05-07T19:21:15.348871Z  INFO kiseki_composition::hydrator: composition hydrator: installed compositions from log applied=5 last_applied=496
May 07 19:21:15 kiseki-storage-1 kiseki-server[9223]: 2026-05-07T19:21:15.451070Z  INFO kiseki_composition::hydrator: composition hydrator: installed compositions from log applied=12 last_applied=508
May 07 19:21:15 kiseki-storage-1 kiseki-server[9223]: 2026-05-07T19:21:15.553273Z  INFO kiseki_composition::hydrator: composition hydrator: installed compositions from log applied=6 last_applied=514
May 07 19:21:15 kiseki-storage-1 kiseki-server[9223]: 2026-05-07T19:21:15.655470Z  INFO kiseki_composition::hydrator: composition hydrator: installed compositions from log applied=13 last_applied=527
May 07 19:21:15 kiseki-storage-1 kiseki-server[9223]: 2026-05-07T19:21:15.756953Z  INFO kiseki_composition::hydrator: composition hydrator: installed compositions from log applied=18 last_applied=545
May 07 19:21:15 kiseki-storage-1 kiseki-server[9223]: 2026-05-07T19:21:15.858766Z  INFO kiseki_composition::hydrator: composition hydrator: installed compositions from log applied=8 last_applied=553
May 07 19:21:15 kiseki-storage-1 kiseki-server[9223]: 2026-05-07T19:21:15.960860Z  INFO kiseki_composition::hydrator: composition hydrator: installed compositions from log applied=7 last_applied=560
May 07 19:21:16 kiseki-storage-1 kiseki-server[9223]: 2026-05-07T19:21:16.063113Z  INFO kiseki_composition::hydrator: composition hydrator: installed compositions from log applied=6 last_applied=566
May 07 19:21:16 kiseki-storage-1 kiseki-server[9223]: 2026-05-07T19:21:16.164697Z  INFO kiseki_composition::hydrator: composition hydrator: installed compositions from log applied=8 last_applied=574
May 07 19:21:16 kiseki-storage-1 kiseki-server[9223]: 2026-05-07T19:21:16.266801Z  INFO kiseki_composition::hydrator: composition hydrator: installed compositions from log applied=13 last_applied=587
May 07 19:21:16 kiseki-storage-1 kiseki-server[9223]: 2026-05-07T19:21:16.368631Z  INFO kiseki_composition::hydrator: composition hydrator: installed compositions from log applied=5 last_applied=592
May 07 19:21:16 kiseki-storage-1 kiseki-server[9223]: 2026-05-07T19:21:16.469543Z  INFO kiseki_composition::hydrator: composition hydrator: installed compositions from log applied=7 last_applied=599
May 07 19:21:16 kiseki-storage-1 kiseki-server[9223]: 2026-05-07T19:21:16.570999Z  INFO kiseki_composition::hydrator: composition hydrator: installed compositions from log applied=9 last_applied=608
May 07 19:21:16 kiseki-storage-1 kiseki-server[9223]: 2026-05-07T19:21:16.672940Z  INFO kiseki_composition::hydrator: composition hydrator: installed compositions from log applied=9 last_applied=617
May 07 19:21:16 kiseki-storage-1 kiseki-server[9223]: 2026-05-07T19:21:16.775004Z  INFO kiseki_composition::hydrator: composition hydrator: installed compositions from log applied=14 last_applied=631
May 07 19:21:16 kiseki-storage-1 kiseki-server[9223]: 2026-05-07T19:21:16.876908Z  INFO kiseki_composition::hydrator: composition hydrator: installed compositions from log applied=10 last_applied=641
May 07 19:21:16 kiseki-storage-1 kiseki-server[9223]: 2026-05-07T19:21:16.979651Z  INFO kiseki_composition::hydrator: composition hydrator: installed compositions from log applied=9 last_applied=650
May 07 19:21:17 kiseki-storage-1 kiseki-server[9223]: 2026-05-07T19:21:17.083062Z  INFO kiseki_composition::hydrator: composition hydrator: installed compositions from log applied=10 last_applied=660
May 07 19:21:17 kiseki-storage-1 kiseki-server[9223]: 2026-05-07T19:21:17.185001Z  INFO kiseki_composition::hydrator: composition hydrator: installed compositions from log applied=11 last_applied=671
May 07 19:21:17 kiseki-storage-1 kiseki-server[9223]: 2026-05-07T19:21:17.287072Z  INFO kiseki_composition::hydrator: composition hydrator: installed compositions from log applied=14 last_applied=685
May 07 19:21:17 kiseki-storage-1 kiseki-server[9223]: 2026-05-07T19:21:17.388808Z  INFO kiseki_composition::hydrator: composition hydrator: installed compositions from log applied=10 last_applied=695
May 07 19:21:17 kiseki-storage-1 kiseki-server[9223]: 2026-05-07T19:21:17.490871Z  INFO kiseki_composition::hydrator: composition hydrator: installed compositions from log applied=11 last_applied=706
May 07 19:21:17 kiseki-storage-1 kiseki-server[9223]: 2026-05-07T19:21:17.592531Z  INFO kiseki_composition::hydrator: composition hydrator: installed compositions from log applied=5 last_applied=711
May 07 19:21:17 kiseki-storage-1 kiseki-server[9223]: 2026-05-07T19:21:17.695162Z  INFO kiseki_composition::hydrator: composition hydrator: installed compositions from log applied=6 last_applied=717
May 07 19:21:17 kiseki-storage-1 kiseki-server[9223]: 2026-05-07T19:21:17.797060Z  INFO kiseki_composition::hydrator: composition hydrator: installed compositions from log applied=11 last_applied=728
May 07 19:21:17 kiseki-storage-1 kiseki-server[9223]: 2026-05-07T19:21:17.900737Z  INFO kiseki_composition::hydrator: composition hydrator: installed compositions from log applied=14 last_applied=742
May 07 19:21:18 kiseki-storage-1 kiseki-server[9223]: 2026-05-07T19:21:18.003250Z  INFO kiseki_composition::hydrator: composition hydrator: installed compositions from log applied=7 last_applied=749
May 07 19:21:18 kiseki-storage-1 kiseki-server[9223]: 2026-05-07T19:21:18.111631Z  INFO kiseki_composition::hydrator: composition hydrator: installed compositions from log applied=17 last_applied=766
May 07 19:21:18 kiseki-storage-1 kiseki-server[9223]: 2026-05-07T19:21:18.219504Z  INFO kiseki_composition::hydrator: composition hydrator: installed compositions from log applied=10 last_applied=776
May 07 19:21:18 kiseki-storage-1 kiseki-server[9223]: 2026-05-07T19:21:18.324937Z  INFO kiseki_composition::hydrator: composition hydrator: installed compositions from log applied=13 last_applied=789
May 07 19:21:18 kiseki-storage-1 kiseki-server[9223]: 2026-05-07T19:21:18.427484Z  INFO kiseki_composition::hydrator: composition hydrator: installed compositions from log applied=13 last_applied=802
May 07 19:21:18 kiseki-storage-1 kiseki-server[9223]: 2026-05-07T19:21:18.529378Z  INFO kiseki_composition::hydrator: composition hydrator: installed compositions from log applied=14 last_applied=816
May 07 19:21:18 kiseki-storage-1 kiseki-server[9223]: 2026-05-07T19:21:18.631975Z  INFO kiseki_composition::hydrator: composition hydrator: installed compositions from log applied=13 last_applied=829
May 07 19:21:18 kiseki-storage-1 kiseki-server[9223]: 2026-05-07T19:21:18.734325Z  INFO kiseki_composition::hydrator: composition hydrator: installed compositions from log applied=21 last_applied=850
May 07 19:21:18 kiseki-storage-1 kiseki-server[9223]: 2026-05-07T19:21:18.835329Z  INFO kiseki_composition::hydrator: composition hydrator: installed compositions from log applied=13 last_applied=863
May 07 19:21:18 kiseki-storage-1 kiseki-server[9223]: 2026-05-07T19:21:18.937347Z  INFO kiseki_composition::hydrator: composition hydrator: installed compositions from log applied=4 last_applied=867
May 07 19:21:36 kiseki-storage-1 kiseki-server[9223]: 2026-05-07T19:21:36.128958Z  INFO kiseki_server::runtime: scrub: periodic check completed
May 07 19:22:36 kiseki-storage-1 kiseki-server[9223]: 2026-05-07T19:22:36.130454Z  INFO kiseki_server::runtime: scrub: periodic check completed
May 07 19:23:36 kiseki-storage-1 kiseki-server[9223]: 2026-05-07T19:23:36.131462Z  INFO kiseki_server::runtime: scrub: periodic check completed
May 07 19:24:36 kiseki-storage-1 kiseki-server[9223]: 2026-05-07T19:24:36.132486Z  INFO kiseki_server::runtime: scrub: periodic check completed
May 07 19:25:36 kiseki-storage-1 kiseki-server[9223]: 2026-05-07T19:25:36.132971Z  INFO kiseki_server::runtime: scrub: periodic check completed
May 07 19:26:36 kiseki-storage-1 kiseki-server[9223]: 2026-05-07T19:26:36.133782Z  INFO kiseki_server::runtime: scrub: periodic check completed
May 07 19:27:36 kiseki-storage-1 kiseki-server[9223]: 2026-05-07T19:27:36.135213Z  INFO kiseki_server::runtime: scrub: periodic check completed
May 07 19:28:36 kiseki-storage-1 kiseki-server[9223]: 2026-05-07T19:28:36.136148Z  INFO kiseki_server::runtime: scrub: periodic check completed
May 07 19:29:36 kiseki-storage-1 kiseki-server[9223]: 2026-05-07T19:29:36.136884Z  INFO kiseki_server::runtime: scrub: periodic check completed
May 07 19:30:36 kiseki-storage-1 kiseki-server[9223]: 2026-05-07T19:30:36.138141Z  INFO kiseki_server::runtime: scrub: periodic check completed
May 07 19:31:36 kiseki-storage-1 kiseki-server[9223]: 2026-05-07T19:31:36.138875Z  INFO kiseki_server::runtime: scrub: periodic check completed
May 07 19:32:36 kiseki-storage-1 kiseki-server[9223]: 2026-05-07T19:32:36.139953Z  INFO kiseki_server::runtime: scrub: periodic check completed
May 07 19:33:36 kiseki-storage-1 kiseki-server[9223]: 2026-05-07T19:33:36.141093Z  INFO kiseki_server::runtime: scrub: periodic check completed
May 07 19:34:36 kiseki-storage-1 kiseki-server[9223]: 2026-05-07T19:34:36.142251Z  INFO kiseki_server::runtime: scrub: periodic check completed
