May 09 08:36:35 kiseki-storage-1 systemd[1]: Started Kiseki Storage Server (node 1, nvme).
May 09 08:36:35 kiseki-storage-1 kiseki-server[9181]: 2026-05-09T08:36:35.414004Z  INFO kiseki_server: kiseki-server starting data_addr=0.0.0.0:9100 advisory_addr=0.0.0.0:9101
May 09 08:36:35 kiseki-storage-1 kiseki-server[9181]: 2026-05-09T08:36:35.414150Z  WARN kiseki_server::runtime: advisory gRPC listening (PLAINTEXT — development only) addr=0.0.0.0:9101
May 09 08:36:35 kiseki-storage-1 kiseki-server[9181]: 2026-05-09T08:36:35.414300Z  INFO run_advisory_stream_server{addr=0.0.0.0:9102}: kiseki_advisory::stream: advisory TCP stream server listening addr=0.0.0.0:9102
May 09 08:36:35 kiseki-storage-1 kiseki-server[9181]: 2026-05-09T08:36:35.415244Z  INFO kiseki_server::runtime: system disk detected media_type=Nvme total_gb=49 soft_limit_gb=24 budget_gb=20
May 09 08:36:35 kiseki-storage-1 kiseki-server[9181]: 2026-05-09T08:36:35.415263Z  INFO kiseki_server::runtime: node identity configured node_id=1 peers=3 raft_addr=Some(10.0.0.10:9300)
May 09 08:36:35 kiseki-storage-1 kiseki-server[9181]: 2026-05-09T08:36:35.444563Z  INFO kiseki_server::runtime: key store at-rest identity source="file"
May 09 08:36:35 kiseki-storage-1 kiseki-server[9181]: 2026-05-09T08:36:35.444680Z  INFO fjall::db: Creating database at /var/lib/kiseki/keys/epochs
May 09 08:36:35 kiseki-storage-1 kiseki-server[9181]: 2026-05-09T08:36:35.450443Z  INFO lsm_tree::tree::ingest: Finished ingestion writer
May 09 08:36:35 kiseki-storage-1 kiseki-server[9181]: 2026-05-09T08:36:35.455091Z  INFO lsm_tree::tree::ingest: Finished ingestion writer
May 09 08:36:35 kiseki-storage-1 kiseki-server[9181]: 2026-05-09T08:36:35.457141Z  INFO kiseki_server::runtime: key manager: persistent (fjall) ready epoch=1
May 09 08:36:35 kiseki-storage-1 kiseki-server[9181]: 2026-05-09T08:36:35.460090Z  INFO kiseki_server::runtime: small object store: persistent (redb) path=/var/lib/kiseki
May 09 08:36:35 kiseki-storage-1 kiseki-server[9181]: 2026-05-09T08:36:35.460298Z  INFO kiseki_log::raft_shard_store: Raft runtime threads=64
May 09 08:36:35 kiseki-storage-1 kiseki-server[9181]: 2026-05-09T08:36:35.462660Z  INFO kiseki_log::raft_shard_store: Raft RPC listener spawned (multiplexed, ADR-041) addr=10.0.0.10:9300
May 09 08:36:35 kiseki-storage-1 kiseki-server[9181]: 2026-05-09T08:36:35.462760Z  WARN kiseki_raft::tcp_transport: Raft RPC listener started (plaintext — dev mode, multiplexed) addr=10.0.0.10:9300
May 09 08:36:35 kiseki-storage-1 kiseki-server[9181]: 2026-05-09T08:36:35.462863Z  INFO fjall::db: Creating database at /var/lib/kiseki/raft/shard-00000000-0000-0000-0000-000000000001
May 09 08:36:35 kiseki-storage-1 kiseki-server[9181]: 2026-05-09T08:36:35.468314Z  INFO lsm_tree::tree::ingest: Finished ingestion writer
May 09 08:36:35 kiseki-storage-1 kiseki-server[9181]: 2026-05-09T08:36:35.473359Z  INFO lsm_tree::tree::ingest: Finished ingestion writer
May 09 08:36:35 kiseki-storage-1 kiseki-server[9181]: 2026-05-09T08:36:35.474749Z  INFO openraft::storage::helper: get_initial_state: vote: <T0-N1:->, last_purged_log_id: None, last_applied: None, committed: None, last_log_id: None
May 09 08:36:35 kiseki-storage-1 kiseki-server[9181]: 2026-05-09T08:36:35.474766Z  INFO openraft::storage::helper: load membership from log: [0..0)
May 09 08:36:35 kiseki-storage-1 kiseki-server[9181]: 2026-05-09T08:36:35.474773Z  INFO openraft::storage::helper: load key log ids from (None,None]
May 09 08:36:35 kiseki-storage-1 kiseki-server[9181]: 2026-05-09T08:36:35.484125Z  INFO openraft::engine::engine_impl: startup begin: state: RaftState { vote: Leased { data: Vote { leader_id: LeaderId { term: 0, node_id: 1 }, committed: false }, last_update: Some(TokioInstant(Instant { tv_sec: 57, tv_nsec: 543744598 })), lease: 0ns, lease_enabled: true }, log_ids: LogIdList { purged: None, key_log_ids: [] }, membership_state: MembershipState { committed: EffectiveMembership { log_id: None, membership: Membership { configs: [], nodes: {} }, voter_ids: {} }, effective: EffectiveMembership { log_id: None, membership: Membership { configs: [], nodes: {} }, voter_ids: {} } }, snapshot_meta: SnapshotMeta { last_log_id: None, last_membership: StoredMembership { log_id: None, membership: Membership { configs: [], nodes: {} } }, snapshot_id: "" }, last_inflight_id: 0, server_state: Learner, io_state: IOState { building_snapshot: false, log_progress: IOProgress { accepted: Some(Vote(UncommittedVote { leader_id: LeaderId { term: 0, node_id: 1 } })), submitted: Some(Vote(UncommittedVote { leader_id: LeaderId { term: 0, node_id: 1 } })), flushed: Some(Vote(UncommittedVote { leader_id: LeaderId { term: 0, node_id: 1 } })), id: "1", name: "LogIO" }, apply_progress: IOProgress { accepted: None, submitted: None, flushed: None, id: "1", name: "Apply" }, snapshot: IOProgress { accepted: None, submitted: None, flushed: None, id: "1", name: "Snapshot" }, cluster_committed: MonotonicIncrease { value: None }, purged: None }, purge_upto: None, progress_id_gen: SharedIdGenerator { next_id: 1 } }, is_leader: false, is_voter: false
May 09 08:36:35 kiseki-storage-1 kiseki-server[9181]: 2026-05-09T08:36:35.484172Z  INFO openraft::engine::engine_impl: startup done, id=1, target_state: Learner
May 09 08:36:35 kiseki-storage-1 kiseki-server[9181]: 2026-05-09T08:36:35.484160Z  INFO kiseki_log::raft_shard_store: shard registered with Raft RPC listener shard_id=00000000-0000-0000-0000-000000000001
May 09 08:36:35 kiseki-storage-1 kiseki-server[9181]: 2026-05-09T08:36:35.484280Z  INFO openraft::core::raft_core: received RaftMsg::Initialize: openraft::core::raft_core::RaftCore<_, _, _, _>::handle_api_msg, members: {1: KisekiNode { addr: "10.0.0.10:9300", topology: None }, 2: KisekiNode { addr: "10.0.0.11:9300", topology: None }, 3: KisekiNode { addr: "10.0.0.12:9300", topology: None }}
May 09 08:36:35 kiseki-storage-1 kiseki-server[9181]: 2026-05-09T08:36:35.484302Z  INFO openraft::engine::handler::server_state_handler: id=1 becomes leader
May 09 08:36:35 kiseki-storage-1 kiseki-server[9181]: 2026-05-09T08:36:35.484308Z  INFO openraft::engine::engine_impl: openraft::engine::engine_impl::Engine<_, _>::elect: new candidate: {<T1-N1:->@08:36:35.484306, last_log_id:T0-N1.0 progress:{1: false, 2: false, 3: false}}
May 09 08:36:35 kiseki-storage-1 kiseki-server[9181]: 2026-05-09T08:36:35.484342Z  INFO openraft::engine::handler::vote_handler: vote is changing from <T0-N1:Q> to <T1-N1:->
May 09 08:36:35 kiseki-storage-1 kiseki-server[9181]: 2026-05-09T08:36:35.484347Z  INFO openraft::engine::handler::server_state_handler: id=1 steps down from leader
May 09 08:36:35 kiseki-storage-1 kiseki-server[9181]: 2026-05-09T08:36:35.485182Z  INFO kiseki_log::raft_shard_store: shard membership initialized shard_id=00000000-0000-0000-0000-000000000001
May 09 08:36:35 kiseki-storage-1 kiseki-server[9181]: 2026-05-09T08:36:35.485193Z  INFO kiseki_server::runtime: log store: Raft node_id=1 peers=3
May 09 08:36:35 kiseki-storage-1 kiseki-server[9181]: 2026-05-09T08:36:35.485373Z  INFO fjall::db: Creating database at /var/lib/kiseki/raft/cluster_control
May 09 08:36:35 kiseki-storage-1 kiseki-server[9181]: 2026-05-09T08:36:35.485688Z  INFO openraft::core::raft_core: received Notification::VoteResponse: openraft::core::raft_core::RaftCore<_, _, _, _>::handle_notification, now: 08:36:35.485687, resp: {<T1-N1:->, last_log:None}
May 09 08:36:35 kiseki-storage-1 kiseki-server[9181]: 2026-05-09T08:36:35.485701Z  INFO openraft::engine::engine_impl: openraft::engine::engine_impl::Engine<_, _>::handle_vote_resp: resp: {<T1-N1:->, last_log:None}, target: 1, my_vote: <T1-N1:->, my_last_log_id: T0-N1.0
May 09 08:36:35 kiseki-storage-1 kiseki-server[9181]: 2026-05-09T08:36:35.485707Z  INFO openraft::proposer::candidate: openraft::proposer::candidate::Candidate<_, _>::grant_by: voting: {<T1-N1:->@08:36:35.484306, last_log_id:T0-N1.0 progress:{1: true, 2: false, 3: false}}
May 09 08:36:35 kiseki-storage-1 kiseki-server[9181]: 2026-05-09T08:36:35.486535Z ERROR openraft::core::raft_core: while requesting vote, error: Unreachable node: std::io::error::Error: Connection refused (os error 111), target: 3
May 09 08:36:35 kiseki-storage-1 kiseki-server[9181]: 2026-05-09T08:36:35.486538Z ERROR openraft::core::raft_core: while requesting vote, error: Unreachable node: std::io::error::Error: Connection refused (os error 111), target: 2
May 09 08:36:35 kiseki-storage-1 kiseki-server[9181]: 2026-05-09T08:36:35.490667Z  INFO lsm_tree::tree::ingest: Finished ingestion writer
May 09 08:36:35 kiseki-storage-1 kiseki-server[9181]: 2026-05-09T08:36:35.495024Z  INFO lsm_tree::tree::ingest: Finished ingestion writer
May 09 08:36:35 kiseki-storage-1 kiseki-server[9181]: 2026-05-09T08:36:35.496271Z  INFO openraft::storage::helper: get_initial_state: vote: <T0-N1:->, last_purged_log_id: None, last_applied: None, committed: None, last_log_id: None
May 09 08:36:35 kiseki-storage-1 kiseki-server[9181]: 2026-05-09T08:36:35.496291Z  INFO openraft::storage::helper: load membership from log: [0..0)
May 09 08:36:35 kiseki-storage-1 kiseki-server[9181]: 2026-05-09T08:36:35.496300Z  INFO openraft::storage::helper: load key log ids from (None,None]
May 09 08:36:35 kiseki-storage-1 kiseki-server[9181]: 2026-05-09T08:36:35.496373Z  INFO openraft::engine::engine_impl: startup begin: state: RaftState { vote: Leased { data: Vote { leader_id: LeaderId { term: 0, node_id: 1 }, committed: false }, last_update: Some(TokioInstant(Instant { tv_sec: 57, tv_nsec: 565271918 })), lease: 0ns, lease_enabled: true }, log_ids: LogIdList { purged: None, key_log_ids: [] }, membership_state: MembershipState { committed: EffectiveMembership { log_id: None, membership: Membership { configs: [], nodes: {} }, voter_ids: {} }, effective: EffectiveMembership { log_id: None, membership: Membership { configs: [], nodes: {} }, voter_ids: {} } }, snapshot_meta: SnapshotMeta { last_log_id: None, last_membership: StoredMembership { log_id: None, membership: Membership { configs: [], nodes: {} } }, snapshot_id: "" }, last_inflight_id: 0, server_state: Learner, io_state: IOState { building_snapshot: false, log_progress: IOProgress { accepted: Some(Vote(UncommittedVote { leader_id: LeaderId { term: 0, node_id: 1 } })), submitted: Some(Vote(UncommittedVote { leader_id: LeaderId { term: 0, node_id: 1 } })), flushed: Some(Vote(UncommittedVote { leader_id: LeaderId { term: 0, node_id: 1 } })), id: "1", name: "LogIO" }, apply_progress: IOProgress { accepted: None, submitted: None, flushed: None, id: "1", name: "Apply" }, snapshot: IOProgress { accepted: None, submitted: None, flushed: None, id: "1", name: "Snapshot" }, cluster_committed: MonotonicIncrease { value: None }, purged: None }, purge_upto: None, progress_id_gen: SharedIdGenerator { next_id: 1 } }, is_leader: false, is_voter: false
May 09 08:36:35 kiseki-storage-1 kiseki-server[9181]: 2026-05-09T08:36:35.496410Z  INFO openraft::engine::engine_impl: startup done, id=1, target_state: Learner
May 09 08:36:35 kiseki-storage-1 kiseki-server[9181]: 2026-05-09T08:36:35.496439Z  INFO openraft::core::raft_core: received RaftMsg::Initialize: openraft::core::raft_core::RaftCore<_, _, _, _>::handle_api_msg, members: {1: KisekiNode { addr: "10.0.0.10:9300", topology: None }, 2: KisekiNode { addr: "10.0.0.11:9300", topology: None }, 3: KisekiNode { addr: "10.0.0.12:9300", topology: None }}
May 09 08:36:35 kiseki-storage-1 kiseki-server[9181]: 2026-05-09T08:36:35.496462Z  INFO openraft::engine::handler::server_state_handler: id=1 becomes leader
May 09 08:36:35 kiseki-storage-1 kiseki-server[9181]: 2026-05-09T08:36:35.496468Z  INFO openraft::engine::engine_impl: openraft::engine::engine_impl::Engine<_, _>::elect: new candidate: {<T1-N1:->@08:36:35.496466, last_log_id:T0-N1.0 progress:{1: false, 2: false, 3: false}}
May 09 08:36:35 kiseki-storage-1 kiseki-server[9181]: 2026-05-09T08:36:35.496495Z  INFO openraft::engine::handler::vote_handler: vote is changing from <T0-N1:Q> to <T1-N1:->
May 09 08:36:35 kiseki-storage-1 kiseki-server[9181]: 2026-05-09T08:36:35.496500Z  INFO openraft::engine::handler::server_state_handler: id=1 steps down from leader
May 09 08:36:35 kiseki-storage-1 kiseki-server[9181]: 2026-05-09T08:36:35.497187Z  INFO kiseki_server::runtime: control-plane Raft group: up (ADR-033 §4) node_id=1 peers=3
May 09 08:36:35 kiseki-storage-1 kiseki-server[9181]: 2026-05-09T08:36:35.497226Z  INFO kiseki_server::runtime: bootstrap: shard created for tenant shard=00000000-0000-0000-0000-000000000001 tenant=00000000-0000-0000-0000-000000000001
May 09 08:36:35 kiseki-storage-1 kiseki-server[9181]: 2026-05-09T08:36:35.497238Z  INFO kiseki_server::runtime: audit log: in-memory events=0
May 09 08:36:35 kiseki-storage-1 kiseki-server[9181]: 2026-05-09T08:36:35.497725Z  INFO openraft::core::raft_core: received Notification::VoteResponse: openraft::core::raft_core::RaftCore<_, _, _, _>::handle_notification, now: 08:36:35.497724, resp: {<T1-N1:->, last_log:None}
May 09 08:36:35 kiseki-storage-1 kiseki-server[9181]: 2026-05-09T08:36:35.497737Z  INFO openraft::engine::engine_impl: openraft::engine::engine_impl::Engine<_, _>::handle_vote_resp: resp: {<T1-N1:->, last_log:None}, target: 1, my_vote: <T1-N1:->, my_last_log_id: T0-N1.0
May 09 08:36:35 kiseki-storage-1 kiseki-server[9181]: 2026-05-09T08:36:35.497743Z  INFO openraft::proposer::candidate: openraft::proposer::candidate::Candidate<_, _>::grant_by: voting: {<T1-N1:->@08:36:35.496466, last_log_id:T0-N1.0 progress:{1: true, 2: false, 3: false}}
May 09 08:36:35 kiseki-storage-1 kiseki-server[9181]: 2026-05-09T08:36:35.497918Z ERROR openraft::core::raft_core: while requesting vote, error: Unreachable node: std::io::error::Error: Connection refused (os error 111), target: 2
May 09 08:36:35 kiseki-storage-1 kiseki-server[9181]: 2026-05-09T08:36:35.497935Z ERROR openraft::core::raft_core: while requesting vote, error: Unreachable node: std::io::error::Error: Connection refused (os error 111), target: 3
May 09 08:36:35 kiseki-storage-1 kiseki-server[9181]: 2026-05-09T08:36:35.499646Z  INFO fjall::db: Creating database at /var/lib/kiseki/chunks/meta
May 09 08:36:35 kiseki-storage-1 kiseki-server[9181]: 2026-05-09T08:36:35.504224Z  INFO lsm_tree::tree::ingest: Finished ingestion writer
May 09 08:36:35 kiseki-storage-1 kiseki-server[9181]: 2026-05-09T08:36:35.508752Z  INFO lsm_tree::tree::ingest: Finished ingestion writer
May 09 08:36:35 kiseki-storage-1 kiseki-server[9181]: 2026-05-09T08:36:35.510007Z  INFO kiseki_server::runtime: chunk store: persistent (raw block, group commit) path=/var/lib/kiseki flush_interval_ms=100
May 09 08:36:35 kiseki-storage-1 kiseki-server[9181]: 2026-05-09T08:36:35.510052Z  INFO kiseki_server::runtime: fabric peer registered for cross-node chunks peer_id=2 fabric_addr="10.0.0.11:9100"
May 09 08:36:35 kiseki-storage-1 kiseki-server[9181]: 2026-05-09T08:36:35.510065Z  INFO kiseki_server::runtime: fabric peer registered for cross-node chunks peer_id=3 fabric_addr="10.0.0.12:9100"
May 09 08:36:35 kiseki-storage-1 kiseki-server[9181]: 2026-05-09T08:36:35.510070Z  INFO kiseki_server::runtime: cross-node chunk replication enabled (Phase 16a) peers=2
May 09 08:36:35 kiseki-storage-1 kiseki-server[9181]: 2026-05-09T08:36:35.510074Z  INFO kiseki_server::runtime: cluster durability defaults cluster_size=3 copies=3 min_acks=2 strategy=Replication { copies: 3 }
May 09 08:36:35 kiseki-storage-1 kiseki-server[9181]: 2026-05-09T08:36:35.510086Z  INFO kiseki_server::runtime: scrub scheduler: spawned (orphan + under-replication, 10-min cadence, drain-on-shutdown)
May 09 08:36:35 kiseki-storage-1 kiseki-server[9181]: 2026-05-09T08:36:35.510088Z  INFO kiseki_server::runtime: raw block devices configured devices=8
May 09 08:36:35 kiseki-storage-1 kiseki-server[9181]: 2026-05-09T08:36:35.510098Z  INFO kiseki_server::runtime: raw device detected device="/dev/disk/by-id/google-local-nvme-ssd-0"
May 09 08:36:35 kiseki-storage-1 kiseki-server[9181]: 2026-05-09T08:36:35.510104Z  INFO kiseki_server::runtime: raw device detected device="/dev/disk/by-id/google-local-nvme-ssd-1"
May 09 08:36:35 kiseki-storage-1 kiseki-server[9181]: 2026-05-09T08:36:35.510108Z  INFO kiseki_server::runtime: raw device detected device="/dev/disk/by-id/google-local-nvme-ssd-2"
May 09 08:36:35 kiseki-storage-1 kiseki-server[9181]: 2026-05-09T08:36:35.510113Z  INFO kiseki_server::runtime: raw device detected device="/dev/disk/by-id/google-local-nvme-ssd-3"
May 09 08:36:35 kiseki-storage-1 kiseki-server[9181]: 2026-05-09T08:36:35.510117Z  INFO kiseki_server::runtime: raw device detected device="/dev/disk/by-id/google-local-nvme-ssd-4"
May 09 08:36:35 kiseki-storage-1 kiseki-server[9181]: 2026-05-09T08:36:35.510122Z  INFO kiseki_server::runtime: raw device detected device="/dev/disk/by-id/google-local-nvme-ssd-5"
May 09 08:36:35 kiseki-storage-1 kiseki-server[9181]: 2026-05-09T08:36:35.510126Z  INFO kiseki_server::runtime: raw device detected device="/dev/disk/by-id/google-local-nvme-ssd-6"
May 09 08:36:35 kiseki-storage-1 kiseki-server[9181]: 2026-05-09T08:36:35.510130Z  INFO kiseki_server::runtime: raw device detected device="/dev/disk/by-id/google-local-nvme-ssd-7"
May 09 08:36:35 kiseki-storage-1 kiseki-server[9181]: 2026-05-09T08:36:35.510195Z  INFO fjall::db: Creating database at /var/lib/kiseki/metadata/compositions
May 09 08:36:35 kiseki-storage-1 kiseki-server[9181]: 2026-05-09T08:36:35.511156Z  INFO kiseki_chunk_cluster::scrub_scheduler: scrub scheduler: shutdown received, draining
May 09 08:36:35 kiseki-storage-1 kiseki-server[9181]: 2026-05-09T08:36:35.515067Z  INFO lsm_tree::tree::ingest: Finished ingestion writer
May 09 08:36:35 kiseki-storage-1 kiseki-server[9181]: 2026-05-09T08:36:35.519895Z  INFO lsm_tree::tree::ingest: Finished ingestion writer
May 09 08:36:35 kiseki-storage-1 kiseki-server[9181]: 2026-05-09T08:36:35.523463Z  INFO lsm_tree::tree::ingest: Finished ingestion writer
May 09 08:36:35 kiseki-storage-1 kiseki-server[9181]: 2026-05-09T08:36:35.528681Z  INFO lsm_tree::tree::ingest: Finished ingestion writer
May 09 08:36:35 kiseki-storage-1 kiseki-server[9181]: 2026-05-09T08:36:35.530453Z  INFO kiseki_server::runtime: composition store: persistent (fjall, eventual durability) path=/var/lib/kiseki/metadata/compositions interval_ms=100
May 09 08:36:35 kiseki-storage-1 kiseki-server[9181]: 2026-05-09T08:36:35.533138Z  INFO kiseki_server::runtime: view store: persistent (redb-backed, ADR-040) path=/var/lib/kiseki/metadata/views.redb
May 09 08:36:35 kiseki-storage-1 kiseki-server[9181]: 2026-05-09T08:36:35.533737Z  INFO kiseki_server::runtime: bootstrap: namespace 'default' + view installed (Raft seed node)
May 09 08:36:35 kiseki-storage-1 kiseki-server[9181]: 2026-05-09T08:36:35.533767Z  INFO kiseki_server::runtime: inline write path disabled in multi-node cluster — small writes go through fabric (Phase 16a)
May 09 08:36:35 kiseki-storage-1 kiseki-server[9181]: 2026-05-09T08:36:35.533774Z  INFO kiseki_server::runtime: fsync hook: composition store (fjall) registered
May 09 08:36:35 kiseki-storage-1 kiseki-server[9181]: 2026-05-09T08:36:35.533777Z  INFO kiseki_server::runtime: fsync hook: chunk-store device registered
May 09 08:36:35 kiseki-storage-1 kiseki-server[9181]: 2026-05-09T08:36:35.533824Z  WARN kiseki::nfs::security: NFS path is PLAINTEXT — fh4s and data are observable on the network. Mitigations: VPC isolation, firewall ingress restrictions. Compliance: this configuration violates I-PN7-default and is acceptable only with documented compensating controls.
May 09 08:36:35 kiseki-storage-1 kiseki-server[9181]: 2026-05-09T08:36:35.533834Z  INFO kiseki_server::runtime: NFS transport posture mode=Plaintext layout_ttl_seconds=60
May 09 08:36:35 kiseki-storage-1 kiseki-server[9181]: 2026-05-09T08:36:35.533900Z  WARN kiseki_gateway::s3_server: S3 HTTP gateway listening (PLAINTEXT — development only) addr=0.0.0.0:9000
May 09 08:36:35 kiseki-storage-1 kiseki-server[9181]: 2026-05-09T08:36:35.533957Z  INFO kiseki_gateway::nfs_server: NFS server listening (NFSv3 + NFSv4.2) addr=0.0.0.0:2049
May 09 08:36:35 kiseki-storage-1 kiseki-server[9181]: 2026-05-09T08:36:35.533965Z  INFO kiseki_server::runtime: portmapper listening (NFS3 + MOUNT3 → NFS port) addr=0.0.0.0:111 advertised_nfs_port=2049
May 09 08:36:35 kiseki-storage-1 kiseki-server[9181]: 2026-05-09T08:36:35.534009Z  INFO kiseki_server::metrics: metrics + admin UI server listening addr=0.0.0.0:9090
May 09 08:36:35 kiseki-storage-1 kiseki-server[9181]: 2026-05-09T08:36:35.534021Z  INFO kiseki_server::runtime: pNFS DS listener spawned addr=0.0.0.0:2052
May 09 08:36:35 kiseki-storage-1 kiseki-server[9181]: 2026-05-09T08:36:35.534027Z  INFO kiseki_server::runtime: composition hydrator spawned (Phase 16f — followers consume create-deltas)
May 09 08:36:35 kiseki-storage-1 kiseki-server[9181]: 2026-05-09T08:36:35.534031Z  INFO kiseki_server::runtime: backup: disabled (set KISEKI_BACKUP_BACKEND=fs|s3 to enable)
May 09 08:36:35 kiseki-storage-1 kiseki-server[9181]: 2026-05-09T08:36:35.534046Z  INFO kiseki_server::runtime: control plane: in-process (ControlService on data-path gRPC)
May 09 08:36:35 kiseki-storage-1 kiseki-server[9181]: 2026-05-09T08:36:35.534092Z  INFO kiseki_gateway::pnfs_ds_server: pNFS DS listening addr=0.0.0.0:2052 tls=false
May 09 08:36:35 kiseki-storage-1 kiseki-server[9181]: 2026-05-09T08:36:35.536712Z  INFO kiseki_server::runtime: tuning store: persistent (redb) path=/var/lib/kiseki/tuning
May 09 08:36:35 kiseki-storage-1 kiseki-server[9181]: 2026-05-09T08:36:35.536823Z  WARN kiseki_server::runtime: data-path gRPC listening (PLAINTEXT — development only) addr=0.0.0.0:9100
May 09 08:36:35 kiseki-storage-1 kiseki-server[9181]: 2026-05-09T08:36:35.536860Z  WARN kiseki_server::runtime: ClusterChunkService: NO SAN interceptor (plaintext development mode — cross-node fabric is not protected against tenant certs)
May 09 08:36:35 kiseki-storage-1 kiseki-server[9181]: 2026-05-09T08:36:35.536887Z  INFO kiseki_server::runtime: [transport.native] available bindings (in priority order):
May 09 08:36:35 kiseki-storage-1 kiseki-server[9181]: 2026-05-09T08:36:35.536892Z  INFO kiseki_server::runtime:   1. tcp-framed       (latency_class=Low, addr=0.0.0.0:9103)
May 09 08:36:35 kiseki-storage-1 kiseki-server[9181]: 2026-05-09T08:36:35.536895Z  INFO kiseki_server::runtime:   2. grpc-h2          (latency_class=Standard, addr=0.0.0.0:9100)
May 09 08:36:35 kiseki-storage-1 kiseki-server[9181]: 2026-05-09T08:36:35.536897Z  INFO kiseki_server::runtime: [transport.native] override available via KISEKI_NATIVE_TRANSPORT={grpc|tcp|ibverbs|libfabric|auto}
May 09 08:36:35 kiseki-storage-1 kiseki-server[9181]: 2026-05-09T08:36:35.536917Z  INFO kiseki_server::runtime: TCP-framed native binding registered (ADR-042 §2.2) addr=0.0.0.0:9103 require_tls=false
May 09 08:36:35 kiseki-storage-1 kiseki-server[9181]: 2026-05-09T08:36:35.536923Z  INFO kiseki_server::runtime: gRPC native binding registered on shared data_addr (ADR-042 §2.1) require_tls=false
May 09 08:36:35 kiseki-storage-1 kiseki-server[9181]: 2026-05-09T08:36:35.536998Z  WARN kiseki_gateway::native::tcp_framed::listener: TCP-framed native binding listening (plaintext — dev mode; connections see synthetic 'dev' SAN) addr=0.0.0.0:9103
May 09 08:36:38 kiseki-storage-1 kiseki-server[9181]: 2026-05-09T08:36:38.478778Z  INFO openraft::core::raft_core: election timeout expired, triggering election
May 09 08:36:38 kiseki-storage-1 kiseki-server[9181]: 2026-05-09T08:36:38.478807Z  INFO openraft::core::raft_core: trigger election
May 09 08:36:38 kiseki-storage-1 kiseki-server[9181]: 2026-05-09T08:36:38.478816Z  INFO openraft::engine::engine_impl: openraft::engine::engine_impl::Engine<_, _>::elect: new candidate: {<T2-N1:->@08:36:38.478810, last_log_id:T0-N1.0 progress:{1: false, 2: false, 3: false}}
May 09 08:36:38 kiseki-storage-1 kiseki-server[9181]: 2026-05-09T08:36:38.478867Z  INFO openraft::engine::handler::vote_handler: vote is changing from <T1-N1:-> to <T2-N1:->
May 09 08:36:38 kiseki-storage-1 kiseki-server[9181]: 2026-05-09T08:36:38.479696Z  INFO openraft::core::raft_core: received Notification::VoteResponse: openraft::core::raft_core::RaftCore<_, _, _, _>::handle_notification, now: 08:36:38.479695, resp: {<T2-N1:->, last_log:None}
May 09 08:36:38 kiseki-storage-1 kiseki-server[9181]: 2026-05-09T08:36:38.479707Z  INFO openraft::engine::engine_impl: openraft::engine::engine_impl::Engine<_, _>::handle_vote_resp: resp: {<T2-N1:->, last_log:None}, target: 1, my_vote: <T2-N1:->, my_last_log_id: T0-N1.0
May 09 08:36:38 kiseki-storage-1 kiseki-server[9181]: 2026-05-09T08:36:38.479713Z  INFO openraft::proposer::candidate: openraft::proposer::candidate::Candidate<_, _>::grant_by: voting: {<T2-N1:->@08:36:38.478810, last_log_id:T0-N1.0 progress:{1: true, 2: false, 3: false}}
May 09 08:36:38 kiseki-storage-1 kiseki-server[9181]: 2026-05-09T08:36:38.479973Z ERROR openraft::core::raft_core: while requesting vote, error: Unreachable node: std::io::error::Error: Connection refused (os error 111), target: 2
May 09 08:36:38 kiseki-storage-1 kiseki-server[9181]: 2026-05-09T08:36:38.479981Z ERROR openraft::core::raft_core: while requesting vote, error: Unreachable node: std::io::error::Error: Connection refused (os error 111), target: 3
May 09 08:36:38 kiseki-storage-1 kiseki-server[9181]: 2026-05-09T08:36:38.501069Z  INFO openraft::core::raft_core: election timeout expired, triggering election
May 09 08:36:38 kiseki-storage-1 kiseki-server[9181]: 2026-05-09T08:36:38.501084Z  INFO openraft::core::raft_core: trigger election
May 09 08:36:38 kiseki-storage-1 kiseki-server[9181]: 2026-05-09T08:36:38.501099Z  INFO openraft::engine::engine_impl: openraft::engine::engine_impl::Engine<_, _>::elect: new candidate: {<T2-N1:->@08:36:38.501093, last_log_id:T0-N1.0 progress:{1: false, 2: false, 3: false}}
May 09 08:36:38 kiseki-storage-1 kiseki-server[9181]: 2026-05-09T08:36:38.501139Z  INFO openraft::engine::handler::vote_handler: vote is changing from <T1-N1:-> to <T2-N1:->
May 09 08:36:38 kiseki-storage-1 kiseki-server[9181]: 2026-05-09T08:36:38.501829Z  INFO openraft::core::raft_core: received Notification::VoteResponse: openraft::core::raft_core::RaftCore<_, _, _, _>::handle_notification, now: 08:36:38.501828, resp: {<T2-N1:->, last_log:None}
May 09 08:36:38 kiseki-storage-1 kiseki-server[9181]: 2026-05-09T08:36:38.501841Z  INFO openraft::engine::engine_impl: openraft::engine::engine_impl::Engine<_, _>::handle_vote_resp: resp: {<T2-N1:->, last_log:None}, target: 1, my_vote: <T2-N1:->, my_last_log_id: T0-N1.0
May 09 08:36:38 kiseki-storage-1 kiseki-server[9181]: 2026-05-09T08:36:38.501847Z  INFO openraft::proposer::candidate: openraft::proposer::candidate::Candidate<_, _>::grant_by: voting: {<T2-N1:->@08:36:38.501093, last_log_id:T0-N1.0 progress:{1: true, 2: false, 3: false}}
May 09 08:36:38 kiseki-storage-1 kiseki-server[9181]: 2026-05-09T08:36:38.502001Z ERROR openraft::core::raft_core: while requesting vote, error: Unreachable node: std::io::error::Error: Connection refused (os error 111), target: 3
May 09 08:36:38 kiseki-storage-1 kiseki-server[9181]: 2026-05-09T08:36:38.502025Z ERROR openraft::core::raft_core: while requesting vote, error: Unreachable node: std::io::error::Error: Connection refused (os error 111), target: 2
May 09 08:36:41 kiseki-storage-1 kiseki-server[9181]: 2026-05-09T08:36:41.482854Z  INFO openraft::core::raft_core: election timeout expired, triggering election
May 09 08:36:41 kiseki-storage-1 kiseki-server[9181]: 2026-05-09T08:36:41.482877Z  INFO openraft::core::raft_core: trigger election
May 09 08:36:41 kiseki-storage-1 kiseki-server[9181]: 2026-05-09T08:36:41.482890Z  INFO openraft::engine::engine_impl: openraft::engine::engine_impl::Engine<_, _>::elect: new candidate: {<T3-N1:->@08:36:41.482880, last_log_id:T0-N1.0 progress:{1: false, 2: false, 3: false}}
May 09 08:36:41 kiseki-storage-1 kiseki-server[9181]: 2026-05-09T08:36:41.482914Z  INFO openraft::engine::handler::vote_handler: vote is changing from <T2-N1:-> to <T3-N1:->
May 09 08:36:41 kiseki-storage-1 kiseki-server[9181]: 2026-05-09T08:36:41.483783Z  INFO openraft::core::raft_core: received Notification::VoteResponse: openraft::core::raft_core::RaftCore<_, _, _, _>::handle_notification, now: 08:36:41.483781, resp: {<T3-N1:->, last_log:None}
May 09 08:36:41 kiseki-storage-1 kiseki-server[9181]: 2026-05-09T08:36:41.483794Z  INFO openraft::engine::engine_impl: openraft::engine::engine_impl::Engine<_, _>::handle_vote_resp: resp: {<T3-N1:->, last_log:None}, target: 1, my_vote: <T3-N1:->, my_last_log_id: T0-N1.0
May 09 08:36:41 kiseki-storage-1 kiseki-server[9181]: 2026-05-09T08:36:41.483799Z  INFO openraft::proposer::candidate: openraft::proposer::candidate::Candidate<_, _>::grant_by: voting: {<T3-N1:->@08:36:41.482880, last_log_id:T0-N1.0 progress:{1: true, 2: false, 3: false}}
May 09 08:36:41 kiseki-storage-1 kiseki-server[9181]: 2026-05-09T08:36:41.484030Z ERROR openraft::core::raft_core: while requesting vote, error: Unreachable node: std::io::error::Error: Connection refused (os error 111), target: 3
May 09 08:36:41 kiseki-storage-1 kiseki-server[9181]: 2026-05-09T08:36:41.485171Z  INFO openraft::core::raft_core: received Notification::VoteResponse: openraft::core::raft_core::RaftCore<_, _, _, _>::handle_notification, now: 08:36:41.485170, resp: {<T3-N1:->, last_log:None}
May 09 08:36:41 kiseki-storage-1 kiseki-server[9181]: 2026-05-09T08:36:41.485179Z  INFO openraft::engine::engine_impl: openraft::engine::engine_impl::Engine<_, _>::handle_vote_resp: resp: {<T3-N1:->, last_log:None}, target: 2, my_vote: <T3-N1:->, my_last_log_id: T0-N1.0
May 09 08:36:41 kiseki-storage-1 kiseki-server[9181]: 2026-05-09T08:36:41.485183Z  INFO openraft::proposer::candidate: openraft::proposer::candidate::Candidate<_, _>::grant_by: voting: {<T3-N1:->@08:36:41.482880, last_log_id:T0-N1.0 progress:{1: true, 2: true, 3: false}}
May 09 08:36:41 kiseki-storage-1 kiseki-server[9181]: 2026-05-09T08:36:41.485189Z  INFO openraft::engine::engine_impl: a quorum granted my vote
May 09 08:36:41 kiseki-storage-1 kiseki-server[9181]: 2026-05-09T08:36:41.485192Z  INFO openraft::engine::engine_impl: openraft::engine::engine_impl::Engine<_, _>::establish_leader
May 09 08:36:41 kiseki-storage-1 kiseki-server[9181]: 2026-05-09T08:36:41.485198Z  INFO openraft::engine::handler::vote_handler: vote is changing from <T3-N1:-> to <T3-N1:Q>
May 09 08:36:41 kiseki-storage-1 kiseki-server[9181]: 2026-05-09T08:36:41.485202Z  INFO openraft::engine::handler::server_state_handler: id=1 becomes leader
May 09 08:36:41 kiseki-storage-1 kiseki-server[9181]: 2026-05-09T08:36:41.486383Z  WARN openraft::replication: ReplicationCore recv RPCError: Unreachable node: std::io::error::Error: Connection refused (os error 111), when:(stream-replication); sending error to RaftCore
May 09 08:36:41 kiseki-storage-1 kiseki-server[9181]: 2026-05-09T08:36:41.486409Z  WARN openraft::engine::handler::replication_handler: update progress error: Unreachable node: std::io::error::Error: Connection refused (os error 111)
May 09 08:36:41 kiseki-storage-1 kiseki-server[9181]: 2026-05-09T08:36:41.505205Z  INFO openraft::core::raft_core: election timeout expired, triggering election
May 09 08:36:41 kiseki-storage-1 kiseki-server[9181]: 2026-05-09T08:36:41.505215Z  INFO openraft::core::raft_core: trigger election
May 09 08:36:41 kiseki-storage-1 kiseki-server[9181]: 2026-05-09T08:36:41.505223Z  INFO openraft::engine::engine_impl: openraft::engine::engine_impl::Engine<_, _>::elect: new candidate: {<T3-N1:->@08:36:41.505218, last_log_id:T0-N1.0 progress:{1: false, 2: false, 3: false}}
May 09 08:36:41 kiseki-storage-1 kiseki-server[9181]: 2026-05-09T08:36:41.505240Z  INFO openraft::engine::handler::vote_handler: vote is changing from <T2-N1:-> to <T3-N1:->
May 09 08:36:41 kiseki-storage-1 kiseki-server[9181]: 2026-05-09T08:36:41.505964Z  INFO openraft::core::raft_core: received Notification::VoteResponse: openraft::core::raft_core::RaftCore<_, _, _, _>::handle_notification, now: 08:36:41.505963, resp: {<T3-N1:->, last_log:None}
May 09 08:36:41 kiseki-storage-1 kiseki-server[9181]: 2026-05-09T08:36:41.505975Z  INFO openraft::engine::engine_impl: openraft::engine::engine_impl::Engine<_, _>::handle_vote_resp: resp: {<T3-N1:->, last_log:None}, target: 1, my_vote: <T3-N1:->, my_last_log_id: T0-N1.0
May 09 08:36:41 kiseki-storage-1 kiseki-server[9181]: 2026-05-09T08:36:41.505980Z  INFO openraft::proposer::candidate: openraft::proposer::candidate::Candidate<_, _>::grant_by: voting: {<T3-N1:->@08:36:41.505218, last_log_id:T0-N1.0 progress:{1: true, 2: false, 3: false}}
May 09 08:36:41 kiseki-storage-1 kiseki-server[9181]: 2026-05-09T08:36:41.506110Z ERROR openraft::core::raft_core: while requesting vote, error: Unreachable node: std::io::error::Error: Connection refused (os error 111), target: 3
May 09 08:36:41 kiseki-storage-1 kiseki-server[9181]: 2026-05-09T08:36:41.507096Z  INFO openraft::core::raft_core: received Notification::VoteResponse: openraft::core::raft_core::RaftCore<_, _, _, _>::handle_notification, now: 08:36:41.507094, resp: {<T3-N1:->, last_log:None}
May 09 08:36:41 kiseki-storage-1 kiseki-server[9181]: 2026-05-09T08:36:41.507107Z  INFO openraft::engine::engine_impl: openraft::engine::engine_impl::Engine<_, _>::handle_vote_resp: resp: {<T3-N1:->, last_log:None}, target: 2, my_vote: <T3-N1:->, my_last_log_id: T0-N1.0
May 09 08:36:41 kiseki-storage-1 kiseki-server[9181]: 2026-05-09T08:36:41.507112Z  INFO openraft::proposer::candidate: openraft::proposer::candidate::Candidate<_, _>::grant_by: voting: {<T3-N1:->@08:36:41.505218, last_log_id:T0-N1.0 progress:{1: true, 2: true, 3: false}}
May 09 08:36:41 kiseki-storage-1 kiseki-server[9181]: 2026-05-09T08:36:41.507117Z  INFO openraft::engine::engine_impl: a quorum granted my vote
May 09 08:36:41 kiseki-storage-1 kiseki-server[9181]: 2026-05-09T08:36:41.507119Z  INFO openraft::engine::engine_impl: openraft::engine::engine_impl::Engine<_, _>::establish_leader
May 09 08:36:41 kiseki-storage-1 kiseki-server[9181]: 2026-05-09T08:36:41.507126Z  INFO openraft::engine::handler::vote_handler: vote is changing from <T3-N1:-> to <T3-N1:Q>
May 09 08:36:41 kiseki-storage-1 kiseki-server[9181]: 2026-05-09T08:36:41.507130Z  INFO openraft::engine::handler::server_state_handler: id=1 becomes leader
May 09 08:36:41 kiseki-storage-1 kiseki-server[9181]: 2026-05-09T08:36:41.508237Z  WARN openraft::replication: ReplicationCore recv RPCError: Unreachable node: std::io::error::Error: Connection refused (os error 111), when:(stream-replication); sending error to RaftCore
May 09 08:36:41 kiseki-storage-1 kiseki-server[9181]: 2026-05-09T08:36:41.508252Z  WARN openraft::engine::handler::replication_handler: update progress error: Unreachable node: std::io::error::Error: Connection refused (os error 111)
May 09 08:36:41 kiseki-storage-1 kiseki-server[9181]: 2026-05-09T08:36:41.536256Z  INFO kiseki_server::runtime: control-plane: bootstrap namespace seeded attempts=31
May 09 08:36:41 kiseki-storage-1 kiseki-server[9181]: 2026-05-09T08:36:41.688680Z  WARN openraft::replication: ReplicationCore recv RPCError: Unreachable node: std::io::error::Error: Connection refused (os error 111), when:(stream-replication); sending error to RaftCore
May 09 08:36:41 kiseki-storage-1 kiseki-server[9181]: 2026-05-09T08:36:41.688722Z  WARN openraft::engine::handler::replication_handler: update progress error: Unreachable node: std::io::error::Error: Connection refused (os error 111)
May 09 08:36:41 kiseki-storage-1 kiseki-server[9181]: 2026-05-09T08:36:41.708966Z  WARN openraft::replication: ReplicationCore recv RPCError: Unreachable node: std::io::error::Error: Connection refused (os error 111), when:(stream-replication); sending error to RaftCore
May 09 08:36:41 kiseki-storage-1 kiseki-server[9181]: 2026-05-09T08:36:41.709005Z  WARN openraft::engine::handler::replication_handler: update progress error: Unreachable node: std::io::error::Error: Connection refused (os error 111)
May 09 08:36:41 kiseki-storage-1 kiseki-server[9181]: 2026-05-09T08:36:41.890317Z  WARN openraft::replication: ReplicationCore recv RPCError: Unreachable node: std::io::error::Error: Connection refused (os error 111), when:(stream-replication); sending error to RaftCore
May 09 08:36:41 kiseki-storage-1 kiseki-server[9181]: 2026-05-09T08:36:41.910603Z  WARN openraft::replication: ReplicationCore recv RPCError: Unreachable node: std::io::error::Error: Connection refused (os error 111), when:(stream-replication); sending error to RaftCore
May 09 08:36:42 kiseki-storage-1 kiseki-server[9181]: 2026-05-09T08:36:42.091111Z  WARN openraft::replication: ReplicationCore recv RPCError: Unreachable node: std::io::error::Error: Connection refused (os error 111), when:(stream-replication); sending error to RaftCore
May 09 08:36:42 kiseki-storage-1 kiseki-server[9181]: 2026-05-09T08:36:42.091146Z  WARN openraft::engine::handler::replication_handler: update progress error: Unreachable node: std::io::error::Error: Connection refused (os error 111)
May 09 08:36:42 kiseki-storage-1 kiseki-server[9181]: 2026-05-09T08:36:42.112388Z  WARN openraft::replication: ReplicationCore recv RPCError: Unreachable node: std::io::error::Error: Connection refused (os error 111), when:(stream-replication); sending error to RaftCore
May 09 08:36:42 kiseki-storage-1 kiseki-server[9181]: 2026-05-09T08:36:42.112416Z  WARN openraft::engine::handler::replication_handler: update progress error: Unreachable node: std::io::error::Error: Connection refused (os error 111)
May 09 08:36:42 kiseki-storage-1 kiseki-server[9181]: 2026-05-09T08:36:42.233844Z  WARN openraft::core::heartbeat::worker: HeartbeatWorker(id=1, target=3) failed to send a heartbeat: Ok(Err(Unreachable(Unreachable { source: BoxedErrorSource { inner: std::io::error::Error: Connection refused (os error 111) } })))
May 09 08:36:42 kiseki-storage-1 kiseki-server[9181]: 2026-05-09T08:36:42.256506Z  WARN openraft::core::heartbeat::worker: HeartbeatWorker(id=1, target=3) failed to send a heartbeat: Ok(Err(Unreachable(Unreachable { source: BoxedErrorSource { inner: std::io::error::Error: Connection refused (os error 111) } })))
May 09 08:36:42 kiseki-storage-1 kiseki-server[9181]: 2026-05-09T08:36:42.291987Z  WARN openraft::replication: ReplicationCore recv RPCError: Unreachable node: std::io::error::Error: Connection refused (os error 111), when:(stream-replication); sending error to RaftCore
May 09 08:36:42 kiseki-storage-1 kiseki-server[9181]: 2026-05-09T08:36:42.292013Z  WARN openraft::engine::handler::replication_handler: update progress error: Unreachable node: std::io::error::Error: Connection refused (os error 111)
May 09 08:36:42 kiseki-storage-1 kiseki-server[9181]: 2026-05-09T08:36:42.314323Z  WARN openraft::replication: ReplicationCore recv RPCError: Unreachable node: std::io::error::Error: Connection refused (os error 111), when:(stream-replication); sending error to RaftCore
May 09 08:36:42 kiseki-storage-1 kiseki-server[9181]: 2026-05-09T08:36:42.314351Z  WARN openraft::engine::handler::replication_handler: update progress error: Unreachable node: std::io::error::Error: Connection refused (os error 111)
May 09 08:36:42 kiseki-storage-1 kiseki-server[9181]: 2026-05-09T08:36:42.492840Z  WARN openraft::replication: ReplicationCore recv RPCError: Unreachable node: std::io::error::Error: Connection refused (os error 111), when:(stream-replication); sending error to RaftCore
May 09 08:36:42 kiseki-storage-1 kiseki-server[9181]: 2026-05-09T08:36:42.492877Z  WARN openraft::engine::handler::replication_handler: update progress error: Unreachable node: std::io::error::Error: Connection refused (os error 111)
May 09 08:36:42 kiseki-storage-1 kiseki-server[9181]: 2026-05-09T08:36:42.515242Z  WARN openraft::replication: ReplicationCore recv RPCError: Unreachable node: std::io::error::Error: Connection refused (os error 111), when:(stream-replication); sending error to RaftCore
May 09 08:36:42 kiseki-storage-1 kiseki-server[9181]: 2026-05-09T08:36:42.515276Z  WARN openraft::engine::handler::replication_handler: update progress error: Unreachable node: std::io::error::Error: Connection refused (os error 111)
May 09 08:36:42 kiseki-storage-1 kiseki-server[9181]: 2026-05-09T08:36:42.693787Z  WARN openraft::replication: ReplicationCore recv RPCError: Unreachable node: std::io::error::Error: Connection refused (os error 111), when:(stream-replication); sending error to RaftCore
May 09 08:36:42 kiseki-storage-1 kiseki-server[9181]: 2026-05-09T08:36:42.693833Z  WARN openraft::engine::handler::replication_handler: update progress error: Unreachable node: std::io::error::Error: Connection refused (os error 111)
May 09 08:36:42 kiseki-storage-1 kiseki-server[9181]: 2026-05-09T08:36:42.716113Z  WARN openraft::replication: ReplicationCore recv RPCError: Unreachable node: std::io::error::Error: Connection refused (os error 111), when:(stream-replication); sending error to RaftCore
May 09 08:36:42 kiseki-storage-1 kiseki-server[9181]: 2026-05-09T08:36:42.716138Z  WARN openraft::engine::handler::replication_handler: update progress error: Unreachable node: std::io::error::Error: Connection refused (os error 111)
May 09 08:36:42 kiseki-storage-1 kiseki-server[9181]: 2026-05-09T08:36:42.895597Z  WARN openraft::replication: ReplicationCore recv RPCError: Unreachable node: std::io::error::Error: Connection refused (os error 111), when:(stream-replication); sending error to RaftCore
May 09 08:36:42 kiseki-storage-1 kiseki-server[9181]: 2026-05-09T08:36:42.895632Z  WARN openraft::engine::handler::replication_handler: update progress error: Unreachable node: std::io::error::Error: Connection refused (os error 111)
May 09 08:36:42 kiseki-storage-1 kiseki-server[9181]: 2026-05-09T08:36:42.916885Z  WARN openraft::replication: ReplicationCore recv RPCError: Unreachable node: std::io::error::Error: Connection refused (os error 111), when:(stream-replication); sending error to RaftCore
May 09 08:36:42 kiseki-storage-1 kiseki-server[9181]: 2026-05-09T08:36:42.916914Z  WARN openraft::engine::handler::replication_handler: update progress error: Unreachable node: std::io::error::Error: Connection refused (os error 111)
May 09 08:36:42 kiseki-storage-1 kiseki-server[9181]: 2026-05-09T08:36:42.985259Z  WARN openraft::core::heartbeat::worker: HeartbeatWorker(id=1, target=3) failed to send a heartbeat: Ok(Err(Unreachable(Unreachable { source: BoxedErrorSource { inner: std::io::error::Error: Connection refused (os error 111) } })))
May 09 08:36:43 kiseki-storage-1 kiseki-server[9181]: 2026-05-09T08:36:43.006848Z  WARN openraft::core::heartbeat::worker: HeartbeatWorker(id=1, target=3) failed to send a heartbeat: Ok(Err(Unreachable(Unreachable { source: BoxedErrorSource { inner: std::io::error::Error: Connection refused (os error 111) } })))
May 09 08:36:43 kiseki-storage-1 kiseki-server[9181]: 2026-05-09T08:36:43.097442Z  WARN openraft::replication: ReplicationCore recv RPCError: Unreachable node: std::io::error::Error: Connection refused (os error 111), when:(stream-replication); sending error to RaftCore
May 09 08:36:43 kiseki-storage-1 kiseki-server[9181]: 2026-05-09T08:36:43.097473Z  WARN openraft::engine::handler::replication_handler: update progress error: Unreachable node: std::io::error::Error: Connection refused (os error 111)
May 09 08:36:43 kiseki-storage-1 kiseki-server[9181]: 2026-05-09T08:36:43.117719Z  WARN openraft::replication: ReplicationCore recv RPCError: Unreachable node: std::io::error::Error: Connection refused (os error 111), when:(stream-replication); sending error to RaftCore
May 09 08:36:43 kiseki-storage-1 kiseki-server[9181]: 2026-05-09T08:36:43.117741Z  WARN openraft::engine::handler::replication_handler: update progress error: Unreachable node: std::io::error::Error: Connection refused (os error 111)
May 09 08:36:43 kiseki-storage-1 kiseki-server[9181]: 2026-05-09T08:36:43.299242Z  WARN openraft::replication: ReplicationCore recv RPCError: Unreachable node: std::io::error::Error: Connection refused (os error 111), when:(stream-replication); sending error to RaftCore
May 09 08:36:43 kiseki-storage-1 kiseki-server[9181]: 2026-05-09T08:36:43.299275Z  WARN openraft::engine::handler::replication_handler: update progress error: Unreachable node: std::io::error::Error: Connection refused (os error 111)
May 09 08:36:43 kiseki-storage-1 kiseki-server[9181]: 2026-05-09T08:36:43.319509Z  WARN openraft::replication: ReplicationCore recv RPCError: Unreachable node: std::io::error::Error: Connection refused (os error 111), when:(stream-replication); sending error to RaftCore
May 09 08:36:43 kiseki-storage-1 kiseki-server[9181]: 2026-05-09T08:36:43.319531Z  WARN openraft::engine::handler::replication_handler: update progress error: Unreachable node: std::io::error::Error: Connection refused (os error 111)
May 09 08:36:43 kiseki-storage-1 kiseki-server[9181]: 2026-05-09T08:36:43.499993Z  WARN openraft::replication: ReplicationCore recv RPCError: Unreachable node: std::io::error::Error: Connection refused (os error 111), when:(stream-replication); sending error to RaftCore
May 09 08:36:43 kiseki-storage-1 kiseki-server[9181]: 2026-05-09T08:36:43.500027Z  WARN openraft::engine::handler::replication_handler: update progress error: Unreachable node: std::io::error::Error: Connection refused (os error 111)
May 09 08:36:43 kiseki-storage-1 kiseki-server[9181]: 2026-05-09T08:36:43.521268Z  WARN openraft::replication: ReplicationCore recv RPCError: Unreachable node: std::io::error::Error: Connection refused (os error 111), when:(stream-replication); sending error to RaftCore
May 09 08:36:43 kiseki-storage-1 kiseki-server[9181]: 2026-05-09T08:36:43.521294Z  WARN openraft::engine::handler::replication_handler: update progress error: Unreachable node: std::io::error::Error: Connection refused (os error 111)
May 09 08:36:43 kiseki-storage-1 kiseki-server[9181]: 2026-05-09T08:36:43.700728Z  WARN openraft::replication: ReplicationCore recv RPCError: Unreachable node: std::io::error::Error: Connection refused (os error 111), when:(stream-replication); sending error to RaftCore
May 09 08:36:43 kiseki-storage-1 kiseki-server[9181]: 2026-05-09T08:36:43.700762Z  WARN openraft::engine::handler::replication_handler: update progress error: Unreachable node: std::io::error::Error: Connection refused (os error 111)
May 09 08:36:43 kiseki-storage-1 kiseki-server[9181]: 2026-05-09T08:36:43.722118Z  WARN openraft::replication: ReplicationCore recv RPCError: Unreachable node: std::io::error::Error: Connection refused (os error 111), when:(stream-replication); sending error to RaftCore
May 09 08:36:43 kiseki-storage-1 kiseki-server[9181]: 2026-05-09T08:36:43.722147Z  WARN openraft::engine::handler::replication_handler: update progress error: Unreachable node: std::io::error::Error: Connection refused (os error 111)
May 09 08:36:43 kiseki-storage-1 kiseki-server[9181]: 2026-05-09T08:36:43.736404Z  WARN openraft::core::heartbeat::worker: HeartbeatWorker(id=1, target=3) failed to send a heartbeat: Ok(Err(Unreachable(Unreachable { source: BoxedErrorSource { inner: std::io::error::Error: Connection refused (os error 111) } })))
May 09 08:36:43 kiseki-storage-1 kiseki-server[9181]: 2026-05-09T08:36:43.757974Z  WARN openraft::core::heartbeat::worker: HeartbeatWorker(id=1, target=3) failed to send a heartbeat: Ok(Err(Unreachable(Unreachable { source: BoxedErrorSource { inner: std::io::error::Error: Connection refused (os error 111) } })))
May 09 08:36:43 kiseki-storage-1 kiseki-server[9181]: 2026-05-09T08:36:43.902616Z  WARN openraft::replication: ReplicationCore recv RPCError: Unreachable node: std::io::error::Error: Connection refused (os error 111), when:(stream-replication); sending error to RaftCore
May 09 08:36:43 kiseki-storage-1 kiseki-server[9181]: 2026-05-09T08:36:43.902653Z  WARN openraft::engine::handler::replication_handler: update progress error: Unreachable node: std::io::error::Error: Connection refused (os error 111)
May 09 08:36:43 kiseki-storage-1 kiseki-server[9181]: 2026-05-09T08:36:43.922966Z  WARN openraft::replication: ReplicationCore recv RPCError: Unreachable node: std::io::error::Error: Connection refused (os error 111), when:(stream-replication); sending error to RaftCore
May 09 08:36:43 kiseki-storage-1 kiseki-server[9181]: 2026-05-09T08:36:43.922990Z  WARN openraft::engine::handler::replication_handler: update progress error: Unreachable node: std::io::error::Error: Connection refused (os error 111)
May 09 08:36:44 kiseki-storage-1 kiseki-server[9181]: 2026-05-09T08:36:44.104314Z  WARN openraft::replication: ReplicationCore recv RPCError: Unreachable node: std::io::error::Error: Connection refused (os error 111), when:(stream-replication); sending error to RaftCore
May 09 08:36:44 kiseki-storage-1 kiseki-server[9181]: 2026-05-09T08:36:44.104350Z  WARN openraft::engine::handler::replication_handler: update progress error: Unreachable node: std::io::error::Error: Connection refused (os error 111)
May 09 08:36:44 kiseki-storage-1 kiseki-server[9181]: 2026-05-09T08:36:44.124611Z  WARN openraft::replication: ReplicationCore recv RPCError: Unreachable node: std::io::error::Error: Connection refused (os error 111), when:(stream-replication); sending error to RaftCore
May 09 08:36:44 kiseki-storage-1 kiseki-server[9181]: 2026-05-09T08:36:44.124634Z  WARN openraft::engine::handler::replication_handler: update progress error: Unreachable node: std::io::error::Error: Connection refused (os error 111)
May 09 08:36:44 kiseki-storage-1 kiseki-server[9181]: 2026-05-09T08:36:44.306155Z  WARN openraft::replication: ReplicationCore recv RPCError: Unreachable node: std::io::error::Error: Connection refused (os error 111), when:(stream-replication); sending error to RaftCore
May 09 08:36:44 kiseki-storage-1 kiseki-server[9181]: 2026-05-09T08:36:44.306191Z  WARN openraft::engine::handler::replication_handler: update progress error: Unreachable node: std::io::error::Error: Connection refused (os error 111)
May 09 08:36:44 kiseki-storage-1 kiseki-server[9181]: 2026-05-09T08:36:44.326452Z  WARN openraft::replication: ReplicationCore recv RPCError: Unreachable node: std::io::error::Error: Connection refused (os error 111), when:(stream-replication); sending error to RaftCore
May 09 08:36:44 kiseki-storage-1 kiseki-server[9181]: 2026-05-09T08:36:44.326477Z  WARN openraft::engine::handler::replication_handler: update progress error: Unreachable node: std::io::error::Error: Connection refused (os error 111)
May 09 08:36:44 kiseki-storage-1 kiseki-server[9181]: 2026-05-09T08:36:44.487021Z  WARN openraft::core::heartbeat::worker: HeartbeatWorker(id=1, target=3) failed to send a heartbeat: Ok(Err(Unreachable(Unreachable { source: BoxedErrorSource { inner: std::io::error::Error: Connection refused (os error 111) } })))
May 09 08:36:44 kiseki-storage-1 kiseki-server[9181]: 2026-05-09T08:36:44.507541Z  WARN openraft::replication: ReplicationCore recv RPCError: Unreachable node: std::io::error::Error: Connection refused (os error 111), when:(stream-replication); sending error to RaftCore
May 09 08:36:44 kiseki-storage-1 kiseki-server[9181]: 2026-05-09T08:36:44.507561Z  WARN openraft::engine::handler::replication_handler: update progress error: Unreachable node: std::io::error::Error: Connection refused (os error 111)
May 09 08:36:44 kiseki-storage-1 kiseki-server[9181]: 2026-05-09T08:36:44.508863Z  WARN openraft::core::heartbeat::worker: HeartbeatWorker(id=1, target=3) failed to send a heartbeat: Ok(Err(Unreachable(Unreachable { source: BoxedErrorSource { inner: std::io::error::Error: Connection refused (os error 111) } })))
May 09 08:36:44 kiseki-storage-1 kiseki-server[9181]: 2026-05-09T08:36:44.528337Z  WARN openraft::replication: ReplicationCore recv RPCError: Unreachable node: std::io::error::Error: Connection refused (os error 111), when:(stream-replication); sending error to RaftCore
May 09 08:36:44 kiseki-storage-1 kiseki-server[9181]: 2026-05-09T08:36:44.528360Z  WARN openraft::engine::handler::replication_handler: update progress error: Unreachable node: std::io::error::Error: Connection refused (os error 111)
May 09 08:36:44 kiseki-storage-1 kiseki-server[9181]: 2026-05-09T08:36:44.708867Z  WARN openraft::replication: ReplicationCore recv RPCError: Unreachable node: std::io::error::Error: Connection refused (os error 111), when:(stream-replication); sending error to RaftCore
May 09 08:36:44 kiseki-storage-1 kiseki-server[9181]: 2026-05-09T08:36:44.708910Z  WARN openraft::engine::handler::replication_handler: update progress error: Unreachable node: std::io::error::Error: Connection refused (os error 111)
May 09 08:36:44 kiseki-storage-1 kiseki-server[9181]: 2026-05-09T08:36:44.729196Z  WARN openraft::replication: ReplicationCore recv RPCError: Unreachable node: std::io::error::Error: Connection refused (os error 111), when:(stream-replication); sending error to RaftCore
May 09 08:36:44 kiseki-storage-1 kiseki-server[9181]: 2026-05-09T08:36:44.729224Z  WARN openraft::engine::handler::replication_handler: update progress error: Unreachable node: std::io::error::Error: Connection refused (os error 111)
May 09 08:36:44 kiseki-storage-1 kiseki-server[9181]: 2026-05-09T08:36:44.909707Z  WARN openraft::replication: ReplicationCore recv RPCError: Unreachable node: std::io::error::Error: Connection refused (os error 111), when:(stream-replication); sending error to RaftCore
May 09 08:36:44 kiseki-storage-1 kiseki-server[9181]: 2026-05-09T08:36:44.909744Z  WARN openraft::engine::handler::replication_handler: update progress error: Unreachable node: std::io::error::Error: Connection refused (os error 111)
May 09 08:36:44 kiseki-storage-1 kiseki-server[9181]: 2026-05-09T08:36:44.930046Z  WARN openraft::replication: ReplicationCore recv RPCError: Unreachable node: std::io::error::Error: Connection refused (os error 111), when:(stream-replication); sending error to RaftCore
May 09 08:36:44 kiseki-storage-1 kiseki-server[9181]: 2026-05-09T08:36:44.930076Z  WARN openraft::engine::handler::replication_handler: update progress error: Unreachable node: std::io::error::Error: Connection refused (os error 111)
May 09 08:36:45 kiseki-storage-1 kiseki-server[9181]: 2026-05-09T08:36:45.111561Z  WARN openraft::replication: ReplicationCore recv RPCError: Unreachable node: std::io::error::Error: Connection refused (os error 111), when:(stream-replication); sending error to RaftCore
May 09 08:36:45 kiseki-storage-1 kiseki-server[9181]: 2026-05-09T08:36:45.111597Z  WARN openraft::engine::handler::replication_handler: update progress error: Unreachable node: std::io::error::Error: Connection refused (os error 111)
May 09 08:36:45 kiseki-storage-1 kiseki-server[9181]: 2026-05-09T08:36:45.130918Z  WARN openraft::replication: ReplicationCore recv RPCError: Unreachable node: std::io::error::Error: Connection refused (os error 111), when:(stream-replication); sending error to RaftCore
May 09 08:36:45 kiseki-storage-1 kiseki-server[9181]: 2026-05-09T08:36:45.130944Z  WARN openraft::engine::handler::replication_handler: update progress error: Unreachable node: std::io::error::Error: Connection refused (os error 111)
May 09 08:36:45 kiseki-storage-1 kiseki-server[9181]: 2026-05-09T08:36:45.238425Z  WARN openraft::core::heartbeat::worker: HeartbeatWorker(id=1, target=3) failed to send a heartbeat: Ok(Err(Unreachable(Unreachable { source: BoxedErrorSource { inner: std::io::error::Error: Connection refused (os error 111) } })))
May 09 08:36:45 kiseki-storage-1 kiseki-server[9181]: 2026-05-09T08:36:45.260057Z  WARN openraft::core::heartbeat::worker: HeartbeatWorker(id=1, target=3) failed to send a heartbeat: Ok(Err(Unreachable(Unreachable { source: BoxedErrorSource { inner: std::io::error::Error: Connection refused (os error 111) } })))
May 09 08:36:45 kiseki-storage-1 kiseki-server[9181]: 2026-05-09T08:36:45.313496Z  WARN openraft::replication: ReplicationCore recv RPCError: Unreachable node: std::io::error::Error: Connection refused (os error 111), when:(stream-replication); sending error to RaftCore
May 09 08:36:45 kiseki-storage-1 kiseki-server[9181]: 2026-05-09T08:36:45.313524Z  WARN openraft::engine::handler::replication_handler: update progress error: Unreachable node: std::io::error::Error: Connection refused (os error 111)
May 09 08:36:45 kiseki-storage-1 kiseki-server[9181]: 2026-05-09T08:36:45.331851Z  WARN openraft::replication: ReplicationCore recv RPCError: Unreachable node: std::io::error::Error: Connection refused (os error 111), when:(stream-replication); sending error to RaftCore
May 09 08:36:45 kiseki-storage-1 kiseki-server[9181]: 2026-05-09T08:36:45.331880Z  WARN openraft::engine::handler::replication_handler: update progress error: Unreachable node: std::io::error::Error: Connection refused (os error 111)
May 09 08:36:45 kiseki-storage-1 kiseki-server[9181]: 2026-05-09T08:36:45.515365Z  WARN openraft::replication: ReplicationCore recv RPCError: Unreachable node: std::io::error::Error: Connection refused (os error 111), when:(stream-replication); sending error to RaftCore
May 09 08:36:45 kiseki-storage-1 kiseki-server[9181]: 2026-05-09T08:36:45.515399Z  WARN openraft::engine::handler::replication_handler: update progress error: Unreachable node: std::io::error::Error: Connection refused (os error 111)
May 09 08:36:45 kiseki-storage-1 kiseki-server[9181]: 2026-05-09T08:36:45.532682Z  WARN openraft::replication: ReplicationCore recv RPCError: Unreachable node: std::io::error::Error: Connection refused (os error 111), when:(stream-replication); sending error to RaftCore
May 09 08:36:45 kiseki-storage-1 kiseki-server[9181]: 2026-05-09T08:36:45.532710Z  WARN openraft::engine::handler::replication_handler: update progress error: Unreachable node: std::io::error::Error: Connection refused (os error 111)
May 09 08:36:45 kiseki-storage-1 kiseki-server[9181]: 2026-05-09T08:36:45.717223Z  WARN openraft::replication: ReplicationCore recv RPCError: Unreachable node: std::io::error::Error: Connection refused (os error 111), when:(stream-replication); sending error to RaftCore
May 09 08:36:45 kiseki-storage-1 kiseki-server[9181]: 2026-05-09T08:36:45.717260Z  WARN openraft::engine::handler::replication_handler: update progress error: Unreachable node: std::io::error::Error: Connection refused (os error 111)
May 09 08:36:45 kiseki-storage-1 kiseki-server[9181]: 2026-05-09T08:36:45.734527Z  WARN openraft::replication: ReplicationCore recv RPCError: Unreachable node: std::io::error::Error: Connection refused (os error 111), when:(stream-replication); sending error to RaftCore
May 09 08:36:45 kiseki-storage-1 kiseki-server[9181]: 2026-05-09T08:36:45.734552Z  WARN openraft::engine::handler::replication_handler: update progress error: Unreachable node: std::io::error::Error: Connection refused (os error 111)
May 09 08:36:45 kiseki-storage-1 kiseki-server[9181]: 2026-05-09T08:36:45.918068Z  WARN openraft::replication: ReplicationCore recv RPCError: Unreachable node: std::io::error::Error: Connection refused (os error 111), when:(stream-replication); sending error to RaftCore
May 09 08:36:45 kiseki-storage-1 kiseki-server[9181]: 2026-05-09T08:36:45.918105Z  WARN openraft::engine::handler::replication_handler: update progress error: Unreachable node: std::io::error::Error: Connection refused (os error 111)
May 09 08:36:45 kiseki-storage-1 kiseki-server[9181]: 2026-05-09T08:36:45.936351Z  WARN openraft::replication: ReplicationCore recv RPCError: Unreachable node: std::io::error::Error: Connection refused (os error 111), when:(stream-replication); sending error to RaftCore
May 09 08:36:45 kiseki-storage-1 kiseki-server[9181]: 2026-05-09T08:36:45.936380Z  WARN openraft::engine::handler::replication_handler: update progress error: Unreachable node: std::io::error::Error: Connection refused (os error 111)
May 09 08:36:45 kiseki-storage-1 kiseki-server[9181]: 2026-05-09T08:36:45.988759Z  WARN openraft::core::heartbeat::worker: HeartbeatWorker(id=1, target=3) failed to send a heartbeat: Ok(Err(Unreachable(Unreachable { source: BoxedErrorSource { inner: std::io::error::Error: Connection refused (os error 111) } })))
May 09 08:36:46 kiseki-storage-1 kiseki-server[9181]: 2026-05-09T08:36:46.011357Z  WARN openraft::core::heartbeat::worker: HeartbeatWorker(id=1, target=3) failed to send a heartbeat: Ok(Err(Unreachable(Unreachable { source: BoxedErrorSource { inner: std::io::error::Error: Connection refused (os error 111) } })))
May 09 08:36:46 kiseki-storage-1 kiseki-server[9181]: 2026-05-09T08:36:46.118952Z  WARN openraft::replication: ReplicationCore recv RPCError: Unreachable node: std::io::error::Error: Connection refused (os error 111), when:(stream-replication); sending error to RaftCore
May 09 08:36:46 kiseki-storage-1 kiseki-server[9181]: 2026-05-09T08:36:46.118977Z  WARN openraft::engine::handler::replication_handler: update progress error: Unreachable node: std::io::error::Error: Connection refused (os error 111)
May 09 08:36:46 kiseki-storage-1 kiseki-server[9181]: 2026-05-09T08:36:46.138215Z  WARN openraft::replication: ReplicationCore recv RPCError: Unreachable node: std::io::error::Error: Connection refused (os error 111), when:(stream-replication); sending error to RaftCore
May 09 08:36:46 kiseki-storage-1 kiseki-server[9181]: 2026-05-09T08:36:46.138237Z  WARN openraft::engine::handler::replication_handler: update progress error: Unreachable node: std::io::error::Error: Connection refused (os error 111)
May 09 08:36:46 kiseki-storage-1 kiseki-server[9181]: 2026-05-09T08:36:46.319722Z  WARN openraft::replication: ReplicationCore recv RPCError: Unreachable node: std::io::error::Error: Connection refused (os error 111), when:(stream-replication); sending error to RaftCore
May 09 08:36:46 kiseki-storage-1 kiseki-server[9181]: 2026-05-09T08:36:46.319757Z  WARN openraft::engine::handler::replication_handler: update progress error: Unreachable node: std::io::error::Error: Connection refused (os error 111)
May 09 08:36:46 kiseki-storage-1 kiseki-server[9181]: 2026-05-09T08:36:46.339047Z  WARN openraft::replication: ReplicationCore recv RPCError: Unreachable node: std::io::error::Error: Connection refused (os error 111), when:(stream-replication); sending error to RaftCore
May 09 08:36:46 kiseki-storage-1 kiseki-server[9181]: 2026-05-09T08:36:46.339074Z  WARN openraft::engine::handler::replication_handler: update progress error: Unreachable node: std::io::error::Error: Connection refused (os error 111)
May 09 08:36:46 kiseki-storage-1 kiseki-server[9181]: 2026-05-09T08:36:46.521508Z  WARN openraft::replication: ReplicationCore recv RPCError: Unreachable node: std::io::error::Error: Connection refused (os error 111), when:(stream-replication); sending error to RaftCore
May 09 08:36:46 kiseki-storage-1 kiseki-server[9181]: 2026-05-09T08:36:46.521540Z  WARN openraft::engine::handler::replication_handler: update progress error: Unreachable node: std::io::error::Error: Connection refused (os error 111)
May 09 08:36:46 kiseki-storage-1 kiseki-server[9181]: 2026-05-09T08:36:46.539869Z  WARN openraft::replication: ReplicationCore recv RPCError: Unreachable node: std::io::error::Error: Connection refused (os error 111), when:(stream-replication); sending error to RaftCore
May 09 08:36:46 kiseki-storage-1 kiseki-server[9181]: 2026-05-09T08:36:46.539893Z  WARN openraft::engine::handler::replication_handler: update progress error: Unreachable node: std::io::error::Error: Connection refused (os error 111)
May 09 08:36:46 kiseki-storage-1 kiseki-server[9181]: 2026-05-09T08:36:46.723366Z  WARN openraft::replication: ReplicationCore recv RPCError: Unreachable node: std::io::error::Error: Connection refused (os error 111), when:(stream-replication); sending error to RaftCore
May 09 08:36:46 kiseki-storage-1 kiseki-server[9181]: 2026-05-09T08:36:46.723399Z  WARN openraft::engine::handler::replication_handler: update progress error: Unreachable node: std::io::error::Error: Connection refused (os error 111)
May 09 08:36:46 kiseki-storage-1 kiseki-server[9181]: 2026-05-09T08:36:46.739768Z  WARN openraft::core::heartbeat::worker: HeartbeatWorker(id=1, target=3) failed to send a heartbeat: Ok(Err(Unreachable(Unreachable { source: BoxedErrorSource { inner: std::io::error::Error: Connection refused (os error 111) } })))
May 09 08:36:46 kiseki-storage-1 kiseki-server[9181]: 2026-05-09T08:36:46.741194Z  WARN openraft::replication: ReplicationCore recv RPCError: Unreachable node: std::io::error::Error: Connection refused (os error 111), when:(stream-replication); sending error to RaftCore
May 09 08:36:46 kiseki-storage-1 kiseki-server[9181]: 2026-05-09T08:36:46.741216Z  WARN openraft::engine::handler::replication_handler: update progress error: Unreachable node: std::io::error::Error: Connection refused (os error 111)
May 09 08:36:46 kiseki-storage-1 kiseki-server[9181]: 2026-05-09T08:36:46.762490Z  WARN openraft::core::heartbeat::worker: HeartbeatWorker(id=1, target=3) failed to send a heartbeat: Ok(Err(Unreachable(Unreachable { source: BoxedErrorSource { inner: std::io::error::Error: Connection refused (os error 111) } })))
May 09 08:36:46 kiseki-storage-1 kiseki-server[9181]: 2026-05-09T08:36:46.925256Z  WARN openraft::replication: ReplicationCore recv RPCError: Unreachable node: std::io::error::Error: Connection refused (os error 111), when:(stream-replication); sending error to RaftCore
May 09 08:36:46 kiseki-storage-1 kiseki-server[9181]: 2026-05-09T08:36:46.925291Z  WARN openraft::engine::handler::replication_handler: update progress error: Unreachable node: std::io::error::Error: Connection refused (os error 111)
May 09 08:36:46 kiseki-storage-1 kiseki-server[9181]: 2026-05-09T08:36:46.942558Z  WARN openraft::replication: ReplicationCore recv RPCError: Unreachable node: std::io::error::Error: Connection refused (os error 111), when:(stream-replication); sending error to RaftCore
May 09 08:36:46 kiseki-storage-1 kiseki-server[9181]: 2026-05-09T08:36:46.942583Z  WARN openraft::engine::handler::replication_handler: update progress error: Unreachable node: std::io::error::Error: Connection refused (os error 111)
May 09 08:36:47 kiseki-storage-1 kiseki-server[9181]: 2026-05-09T08:36:47.126089Z  WARN openraft::replication: ReplicationCore recv RPCError: Unreachable node: std::io::error::Error: Connection refused (os error 111), when:(stream-replication); sending error to RaftCore
May 09 08:36:47 kiseki-storage-1 kiseki-server[9181]: 2026-05-09T08:36:47.126128Z  WARN openraft::engine::handler::replication_handler: update progress error: Unreachable node: std::io::error::Error: Connection refused (os error 111)
May 09 08:36:47 kiseki-storage-1 kiseki-server[9181]: 2026-05-09T08:36:47.144411Z  WARN openraft::replication: ReplicationCore recv RPCError: Unreachable node: std::io::error::Error: Connection refused (os error 111), when:(stream-replication); sending error to RaftCore
May 09 08:36:47 kiseki-storage-1 kiseki-server[9181]: 2026-05-09T08:36:47.144437Z  WARN openraft::engine::handler::replication_handler: update progress error: Unreachable node: std::io::error::Error: Connection refused (os error 111)
May 09 08:36:47 kiseki-storage-1 kiseki-server[9181]: 2026-05-09T08:36:47.326973Z  WARN openraft::replication: ReplicationCore recv RPCError: Unreachable node: std::io::error::Error: Connection refused (os error 111), when:(stream-replication); sending error to RaftCore
May 09 08:36:47 kiseki-storage-1 kiseki-server[9181]: 2026-05-09T08:36:47.327002Z  WARN openraft::engine::handler::replication_handler: update progress error: Unreachable node: std::io::error::Error: Connection refused (os error 111)
May 09 08:36:47 kiseki-storage-1 kiseki-server[9181]: 2026-05-09T08:36:47.346235Z  WARN openraft::replication: ReplicationCore recv RPCError: Unreachable node: std::io::error::Error: Connection refused (os error 111), when:(stream-replication); sending error to RaftCore
May 09 08:36:47 kiseki-storage-1 kiseki-server[9181]: 2026-05-09T08:36:47.346266Z  WARN openraft::engine::handler::replication_handler: update progress error: Unreachable node: std::io::error::Error: Connection refused (os error 111)
May 09 08:36:47 kiseki-storage-1 kiseki-server[9181]: 2026-05-09T08:36:47.491744Z  WARN openraft::core::heartbeat::worker: HeartbeatWorker(id=1, target=3) failed to send a heartbeat: Ok(Err(Unreachable(Unreachable { source: BoxedErrorSource { inner: std::io::error::Error: Connection refused (os error 111) } })))
May 09 08:36:47 kiseki-storage-1 kiseki-server[9181]: 2026-05-09T08:36:47.513444Z  WARN openraft::core::heartbeat::worker: HeartbeatWorker(id=1, target=3) failed to send a heartbeat: Ok(Err(Unreachable(Unreachable { source: BoxedErrorSource { inner: std::io::error::Error: Connection refused (os error 111) } })))
May 09 08:36:47 kiseki-storage-1 kiseki-server[9181]: 2026-05-09T08:36:47.527939Z  WARN openraft::replication: ReplicationCore recv RPCError: Unreachable node: std::io::error::Error: Connection refused (os error 111), when:(stream-replication); sending error to RaftCore
May 09 08:36:47 kiseki-storage-1 kiseki-server[9181]: 2026-05-09T08:36:47.527967Z  WARN openraft::engine::handler::replication_handler: update progress error: Unreachable node: std::io::error::Error: Connection refused (os error 111)
May 09 08:36:47 kiseki-storage-1 kiseki-server[9181]: 2026-05-09T08:36:47.547198Z  WARN openraft::replication: ReplicationCore recv RPCError: Unreachable node: std::io::error::Error: Connection refused (os error 111), when:(stream-replication); sending error to RaftCore
May 09 08:36:47 kiseki-storage-1 kiseki-server[9181]: 2026-05-09T08:36:47.547218Z  WARN openraft::engine::handler::replication_handler: update progress error: Unreachable node: std::io::error::Error: Connection refused (os error 111)
May 09 08:36:47 kiseki-storage-1 kiseki-server[9181]: 2026-05-09T08:36:47.729707Z  WARN openraft::replication: ReplicationCore recv RPCError: Unreachable node: std::io::error::Error: Connection refused (os error 111), when:(stream-replication); sending error to RaftCore
May 09 08:36:47 kiseki-storage-1 kiseki-server[9181]: 2026-05-09T08:36:47.729746Z  WARN openraft::engine::handler::replication_handler: update progress error: Unreachable node: std::io::error::Error: Connection refused (os error 111)
May 09 08:36:47 kiseki-storage-1 kiseki-server[9181]: 2026-05-09T08:36:47.748057Z  WARN openraft::replication: ReplicationCore recv RPCError: Unreachable node: std::io::error::Error: Connection refused (os error 111), when:(stream-replication); sending error to RaftCore
May 09 08:36:47 kiseki-storage-1 kiseki-server[9181]: 2026-05-09T08:36:47.748084Z  WARN openraft::engine::handler::replication_handler: update progress error: Unreachable node: std::io::error::Error: Connection refused (os error 111)
May 09 08:36:47 kiseki-storage-1 kiseki-server[9181]: 2026-05-09T08:36:47.931683Z  WARN openraft::replication: ReplicationCore recv RPCError: Unreachable node: std::io::error::Error: Connection refused (os error 111), when:(stream-replication); sending error to RaftCore
May 09 08:36:47 kiseki-storage-1 kiseki-server[9181]: 2026-05-09T08:36:47.931719Z  WARN openraft::engine::handler::replication_handler: update progress error: Unreachable node: std::io::error::Error: Connection refused (os error 111)
May 09 08:36:47 kiseki-storage-1 kiseki-server[9181]: 2026-05-09T08:36:47.949023Z  WARN openraft::replication: ReplicationCore recv RPCError: Unreachable node: std::io::error::Error: Connection refused (os error 111), when:(stream-replication); sending error to RaftCore
May 09 08:36:47 kiseki-storage-1 kiseki-server[9181]: 2026-05-09T08:36:47.949064Z  WARN openraft::engine::handler::replication_handler: update progress error: Unreachable node: std::io::error::Error: Connection refused (os error 111)
May 09 08:36:48 kiseki-storage-1 kiseki-server[9181]: 2026-05-09T08:36:48.133571Z  WARN openraft::replication: ReplicationCore recv RPCError: Unreachable node: std::io::error::Error: Connection refused (os error 111), when:(stream-replication); sending error to RaftCore
May 09 08:36:48 kiseki-storage-1 kiseki-server[9181]: 2026-05-09T08:36:48.133611Z  WARN openraft::engine::handler::replication_handler: update progress error: Unreachable node: std::io::error::Error: Connection refused (os error 111)
May 09 08:36:48 kiseki-storage-1 kiseki-server[9181]: 2026-05-09T08:36:48.149884Z  WARN openraft::replication: ReplicationCore recv RPCError: Unreachable node: std::io::error::Error: Connection refused (os error 111), when:(stream-replication); sending error to RaftCore
May 09 08:36:48 kiseki-storage-1 kiseki-server[9181]: 2026-05-09T08:36:48.149911Z  WARN openraft::engine::handler::replication_handler: update progress error: Unreachable node: std::io::error::Error: Connection refused (os error 111)
May 09 08:36:48 kiseki-storage-1 kiseki-server[9181]: 2026-05-09T08:36:48.243388Z  WARN openraft::core::heartbeat::worker: HeartbeatWorker(id=1, target=3) failed to send a heartbeat: Ok(Err(Unreachable(Unreachable { source: BoxedErrorSource { inner: std::io::error::Error: Connection refused (os error 111) } })))
May 09 08:36:48 kiseki-storage-1 kiseki-server[9181]: 2026-05-09T08:36:48.264077Z  WARN openraft::core::heartbeat::worker: HeartbeatWorker(id=1, target=3) failed to send a heartbeat: Ok(Err(Unreachable(Unreachable { source: BoxedErrorSource { inner: std::io::error::Error: Connection refused (os error 111) } })))
May 09 08:36:48 kiseki-storage-1 kiseki-server[9181]: 2026-05-09T08:36:48.335640Z  WARN openraft::replication: ReplicationCore recv RPCError: Unreachable node: std::io::error::Error: Connection refused (os error 111), when:(stream-replication); sending error to RaftCore
May 09 08:36:48 kiseki-storage-1 kiseki-server[9181]: 2026-05-09T08:36:48.335676Z  WARN openraft::engine::handler::replication_handler: update progress error: Unreachable node: std::io::error::Error: Connection refused (os error 111)
May 09 08:36:48 kiseki-storage-1 kiseki-server[9181]: 2026-05-09T08:36:48.350966Z  WARN openraft::replication: ReplicationCore recv RPCError: Unreachable node: std::io::error::Error: Connection refused (os error 111), when:(stream-replication); sending error to RaftCore
May 09 08:36:48 kiseki-storage-1 kiseki-server[9181]: 2026-05-09T08:36:48.350990Z  WARN openraft::engine::handler::replication_handler: update progress error: Unreachable node: std::io::error::Error: Connection refused (os error 111)
May 09 08:36:48 kiseki-storage-1 kiseki-server[9181]: 2026-05-09T08:36:48.537404Z  WARN openraft::replication: ReplicationCore recv RPCError: Unreachable node: std::io::error::Error: Connection refused (os error 111), when:(stream-replication); sending error to RaftCore
May 09 08:36:48 kiseki-storage-1 kiseki-server[9181]: 2026-05-09T08:36:48.537444Z  WARN openraft::engine::handler::replication_handler: update progress error: Unreachable node: std::io::error::Error: Connection refused (os error 111)
May 09 08:36:48 kiseki-storage-1 kiseki-server[9181]: 2026-05-09T08:36:48.551721Z  WARN openraft::replication: ReplicationCore recv RPCError: Unreachable node: std::io::error::Error: Connection refused (os error 111), when:(stream-replication); sending error to RaftCore
May 09 08:36:48 kiseki-storage-1 kiseki-server[9181]: 2026-05-09T08:36:48.551750Z  WARN openraft::engine::handler::replication_handler: update progress error: Unreachable node: std::io::error::Error: Connection refused (os error 111)
May 09 08:36:48 kiseki-storage-1 kiseki-server[9181]: 2026-05-09T08:36:48.739296Z  WARN openraft::replication: ReplicationCore recv RPCError: Unreachable node: std::io::error::Error: Connection refused (os error 111), when:(stream-replication); sending error to RaftCore
May 09 08:36:48 kiseki-storage-1 kiseki-server[9181]: 2026-05-09T08:36:48.739335Z  WARN openraft::engine::handler::replication_handler: update progress error: Unreachable node: std::io::error::Error: Connection refused (os error 111)
May 09 08:36:48 kiseki-storage-1 kiseki-server[9181]: 2026-05-09T08:36:48.753601Z  WARN openraft::replication: ReplicationCore recv RPCError: Unreachable node: std::io::error::Error: Connection refused (os error 111), when:(stream-replication); sending error to RaftCore
May 09 08:36:48 kiseki-storage-1 kiseki-server[9181]: 2026-05-09T08:36:48.753627Z  WARN openraft::engine::handler::replication_handler: update progress error: Unreachable node: std::io::error::Error: Connection refused (os error 111)
May 09 08:36:48 kiseki-storage-1 kiseki-server[9181]: 2026-05-09T08:36:48.940151Z  WARN openraft::replication: ReplicationCore recv RPCError: Unreachable node: std::io::error::Error: Connection refused (os error 111), when:(stream-replication); sending error to RaftCore
May 09 08:36:48 kiseki-storage-1 kiseki-server[9181]: 2026-05-09T08:36:48.940189Z  WARN openraft::engine::handler::replication_handler: update progress error: Unreachable node: std::io::error::Error: Connection refused (os error 111)
May 09 08:36:48 kiseki-storage-1 kiseki-server[9181]: 2026-05-09T08:36:48.955465Z  WARN openraft::replication: ReplicationCore recv RPCError: Unreachable node: std::io::error::Error: Connection refused (os error 111), when:(stream-replication); sending error to RaftCore
May 09 08:36:48 kiseki-storage-1 kiseki-server[9181]: 2026-05-09T08:36:48.955492Z  WARN openraft::engine::handler::replication_handler: update progress error: Unreachable node: std::io::error::Error: Connection refused (os error 111)
May 09 08:36:48 kiseki-storage-1 kiseki-server[9181]: 2026-05-09T08:36:48.993921Z  WARN openraft::core::heartbeat::worker: HeartbeatWorker(id=1, target=3) failed to send a heartbeat: Ok(Err(Unreachable(Unreachable { source: BoxedErrorSource { inner: std::io::error::Error: Connection refused (os error 111) } })))
May 09 08:36:49 kiseki-storage-1 kiseki-server[9181]: 2026-05-09T08:36:49.015500Z  WARN openraft::core::heartbeat::worker: HeartbeatWorker(id=1, target=3) failed to send a heartbeat: Ok(Err(Unreachable(Unreachable { source: BoxedErrorSource { inner: std::io::error::Error: Connection refused (os error 111) } })))
May 09 08:36:49 kiseki-storage-1 kiseki-server[9181]: 2026-05-09T08:36:49.141102Z  WARN openraft::replication: ReplicationCore recv RPCError: Unreachable node: std::io::error::Error: Connection refused (os error 111), when:(stream-replication); sending error to RaftCore
May 09 08:36:49 kiseki-storage-1 kiseki-server[9181]: 2026-05-09T08:36:49.141141Z  WARN openraft::engine::handler::replication_handler: update progress error: Unreachable node: std::io::error::Error: Connection refused (os error 111)
May 09 08:36:49 kiseki-storage-1 kiseki-server[9181]: 2026-05-09T08:36:49.157378Z  WARN openraft::replication: ReplicationCore recv RPCError: Unreachable node: std::io::error::Error: Connection refused (os error 111), when:(stream-replication); sending error to RaftCore
May 09 08:36:49 kiseki-storage-1 kiseki-server[9181]: 2026-05-09T08:36:49.157406Z  WARN openraft::engine::handler::replication_handler: update progress error: Unreachable node: std::io::error::Error: Connection refused (os error 111)
May 09 08:36:49 kiseki-storage-1 kiseki-server[9181]: 2026-05-09T08:36:49.341927Z  WARN openraft::replication: ReplicationCore recv RPCError: Unreachable node: std::io::error::Error: Connection refused (os error 111), when:(stream-replication); sending error to RaftCore
May 09 08:36:49 kiseki-storage-1 kiseki-server[9181]: 2026-05-09T08:36:49.341967Z  WARN openraft::engine::handler::replication_handler: update progress error: Unreachable node: std::io::error::Error: Connection refused (os error 111)
May 09 08:36:49 kiseki-storage-1 kiseki-server[9181]: 2026-05-09T08:36:49.359290Z  WARN openraft::replication: ReplicationCore recv RPCError: Unreachable node: std::io::error::Error: Connection refused (os error 111), when:(stream-replication); sending error to RaftCore
May 09 08:36:49 kiseki-storage-1 kiseki-server[9181]: 2026-05-09T08:36:49.359319Z  WARN openraft::engine::handler::replication_handler: update progress error: Unreachable node: std::io::error::Error: Connection refused (os error 111)
May 09 08:36:49 kiseki-storage-1 kiseki-server[9181]: 2026-05-09T08:36:49.542860Z  WARN openraft::replication: ReplicationCore recv RPCError: Unreachable node: std::io::error::Error: Connection refused (os error 111), when:(stream-replication); sending error to RaftCore
May 09 08:36:49 kiseki-storage-1 kiseki-server[9181]: 2026-05-09T08:36:49.542900Z  WARN openraft::engine::handler::replication_handler: update progress error: Unreachable node: std::io::error::Error: Connection refused (os error 111)
May 09 08:36:49 kiseki-storage-1 kiseki-server[9181]: 2026-05-09T08:36:49.560200Z  WARN openraft::replication: ReplicationCore recv RPCError: Unreachable node: std::io::error::Error: Connection refused (os error 111), when:(stream-replication); sending error to RaftCore
May 09 08:36:49 kiseki-storage-1 kiseki-server[9181]: 2026-05-09T08:36:49.560226Z  WARN openraft::engine::handler::replication_handler: update progress error: Unreachable node: std::io::error::Error: Connection refused (os error 111)
May 09 08:36:49 kiseki-storage-1 kiseki-server[9181]: 2026-05-09T08:36:49.743782Z  WARN openraft::replication: ReplicationCore recv RPCError: Unreachable node: std::io::error::Error: Connection refused (os error 111), when:(stream-replication); sending error to RaftCore
May 09 08:36:49 kiseki-storage-1 kiseki-server[9181]: 2026-05-09T08:36:49.743819Z  WARN openraft::engine::handler::replication_handler: update progress error: Unreachable node: std::io::error::Error: Connection refused (os error 111)
May 09 08:36:49 kiseki-storage-1 kiseki-server[9181]: 2026-05-09T08:36:49.745119Z  WARN openraft::core::heartbeat::worker: HeartbeatWorker(id=1, target=3) failed to send a heartbeat: Ok(Err(Unreachable(Unreachable { source: BoxedErrorSource { inner: std::io::error::Error: Connection refused (os error 111) } })))
May 09 08:36:49 kiseki-storage-1 kiseki-server[9181]: 2026-05-09T08:36:49.760645Z  WARN openraft::replication: ReplicationCore recv RPCError: Unreachable node: std::io::error::Error: Connection refused (os error 111), when:(stream-replication); sending error to RaftCore
May 09 08:36:49 kiseki-storage-1 kiseki-server[9181]: 2026-05-09T08:36:49.760672Z  WARN openraft::engine::handler::replication_handler: update progress error: Unreachable node: std::io::error::Error: Connection refused (os error 111)
May 09 08:36:49 kiseki-storage-1 kiseki-server[9181]: 2026-05-09T08:36:49.766012Z  WARN openraft::core::heartbeat::worker: HeartbeatWorker(id=1, target=3) failed to send a heartbeat: Ok(Err(Unreachable(Unreachable { source: BoxedErrorSource { inner: std::io::error::Error: Connection refused (os error 111) } })))
May 09 08:36:49 kiseki-storage-1 kiseki-server[9181]: 2026-05-09T08:36:49.944727Z  WARN openraft::replication: ReplicationCore recv RPCError: Unreachable node: std::io::error::Error: Connection refused (os error 111), when:(stream-replication); sending error to RaftCore
May 09 08:36:49 kiseki-storage-1 kiseki-server[9181]: 2026-05-09T08:36:49.944766Z  WARN openraft::engine::handler::replication_handler: update progress error: Unreachable node: std::io::error::Error: Connection refused (os error 111)
May 09 08:36:49 kiseki-storage-1 kiseki-server[9181]: 2026-05-09T08:36:49.962063Z  WARN openraft::replication: ReplicationCore recv RPCError: Unreachable node: std::io::error::Error: Connection refused (os error 111), when:(stream-replication); sending error to RaftCore
May 09 08:36:49 kiseki-storage-1 kiseki-server[9181]: 2026-05-09T08:36:49.962102Z  WARN openraft::engine::handler::replication_handler: update progress error: Unreachable node: std::io::error::Error: Connection refused (os error 111)
May 09 08:36:50 kiseki-storage-1 kiseki-server[9181]: 2026-05-09T08:36:50.146687Z  WARN openraft::replication: ReplicationCore recv RPCError: Unreachable node: std::io::error::Error: Connection refused (os error 111), when:(stream-replication); sending error to RaftCore
May 09 08:36:50 kiseki-storage-1 kiseki-server[9181]: 2026-05-09T08:36:50.146727Z  WARN openraft::engine::handler::replication_handler: update progress error: Unreachable node: std::io::error::Error: Connection refused (os error 111)
May 09 08:36:50 kiseki-storage-1 kiseki-server[9181]: 2026-05-09T08:36:50.163012Z  WARN openraft::replication: ReplicationCore recv RPCError: Unreachable node: std::io::error::Error: Connection refused (os error 111), when:(stream-replication); sending error to RaftCore
May 09 08:36:50 kiseki-storage-1 kiseki-server[9181]: 2026-05-09T08:36:50.163049Z  WARN openraft::engine::handler::replication_handler: update progress error: Unreachable node: std::io::error::Error: Connection refused (os error 111)
May 09 08:36:50 kiseki-storage-1 kiseki-server[9181]: 2026-05-09T08:36:50.348609Z  WARN openraft::replication: ReplicationCore recv RPCError: Unreachable node: std::io::error::Error: Connection refused (os error 111), when:(stream-replication); sending error to RaftCore
May 09 08:36:50 kiseki-storage-1 kiseki-server[9181]: 2026-05-09T08:36:50.348651Z  WARN openraft::engine::handler::replication_handler: update progress error: Unreachable node: std::io::error::Error: Connection refused (os error 111)
May 09 08:36:50 kiseki-storage-1 kiseki-server[9181]: 2026-05-09T08:36:50.363945Z  WARN openraft::replication: ReplicationCore recv RPCError: Unreachable node: std::io::error::Error: Connection refused (os error 111), when:(stream-replication); sending error to RaftCore
May 09 08:36:50 kiseki-storage-1 kiseki-server[9181]: 2026-05-09T08:36:50.363975Z  WARN openraft::engine::handler::replication_handler: update progress error: Unreachable node: std::io::error::Error: Connection refused (os error 111)
May 09 08:36:50 kiseki-storage-1 kiseki-server[9181]: 2026-05-09T08:36:50.496479Z  WARN openraft::core::heartbeat::worker: HeartbeatWorker(id=1, target=3) failed to send a heartbeat: Ok(Err(Unreachable(Unreachable { source: BoxedErrorSource { inner: std::io::error::Error: Connection refused (os error 111) } })))
May 09 08:36:50 kiseki-storage-1 kiseki-server[9181]: 2026-05-09T08:36:50.517169Z  WARN openraft::core::heartbeat::worker: HeartbeatWorker(id=1, target=3) failed to send a heartbeat: Ok(Err(Unreachable(Unreachable { source: BoxedErrorSource { inner: std::io::error::Error: Connection refused (os error 111) } })))
May 09 08:36:50 kiseki-storage-1 kiseki-server[9181]: 2026-05-09T08:36:50.550601Z  WARN openraft::replication: ReplicationCore recv RPCError: Unreachable node: std::io::error::Error: Connection refused (os error 111), when:(stream-replication); sending error to RaftCore
May 09 08:36:50 kiseki-storage-1 kiseki-server[9181]: 2026-05-09T08:36:50.550630Z  WARN openraft::engine::handler::replication_handler: update progress error: Unreachable node: std::io::error::Error: Connection refused (os error 111)
May 09 08:36:50 kiseki-storage-1 kiseki-server[9181]: 2026-05-09T08:36:50.564883Z  WARN openraft::replication: ReplicationCore recv RPCError: Unreachable node: std::io::error::Error: Connection refused (os error 111), when:(stream-replication); sending error to RaftCore
May 09 08:36:50 kiseki-storage-1 kiseki-server[9181]: 2026-05-09T08:36:50.564907Z  WARN openraft::engine::handler::replication_handler: update progress error: Unreachable node: std::io::error::Error: Connection refused (os error 111)
May 09 08:36:50 kiseki-storage-1 kiseki-server[9181]: 2026-05-09T08:36:50.752355Z  WARN openraft::replication: ReplicationCore recv RPCError: Unreachable node: std::io::error::Error: Connection refused (os error 111), when:(stream-replication); sending error to RaftCore
May 09 08:36:50 kiseki-storage-1 kiseki-server[9181]: 2026-05-09T08:36:50.752390Z  WARN openraft::engine::handler::replication_handler: update progress error: Unreachable node: std::io::error::Error: Connection refused (os error 111)
May 09 08:36:50 kiseki-storage-1 kiseki-server[9181]: 2026-05-09T08:36:50.765694Z  WARN openraft::replication: ReplicationCore recv RPCError: Unreachable node: std::io::error::Error: Connection refused (os error 111), when:(stream-replication); sending error to RaftCore
May 09 08:36:50 kiseki-storage-1 kiseki-server[9181]: 2026-05-09T08:36:50.765717Z  WARN openraft::engine::handler::replication_handler: update progress error: Unreachable node: std::io::error::Error: Connection refused (os error 111)
May 09 08:36:50 kiseki-storage-1 kiseki-server[9181]: 2026-05-09T08:36:50.954301Z  WARN openraft::replication: ReplicationCore recv RPCError: Unreachable node: std::io::error::Error: Connection refused (os error 111), when:(stream-replication); sending error to RaftCore
May 09 08:36:50 kiseki-storage-1 kiseki-server[9181]: 2026-05-09T08:36:50.954338Z  WARN openraft::engine::handler::replication_handler: update progress error: Unreachable node: std::io::error::Error: Connection refused (os error 111)
May 09 08:36:50 kiseki-storage-1 kiseki-server[9181]: 2026-05-09T08:36:50.967603Z  WARN openraft::replication: ReplicationCore recv RPCError: Unreachable node: std::io::error::Error: Connection refused (os error 111), when:(stream-replication); sending error to RaftCore
May 09 08:36:50 kiseki-storage-1 kiseki-server[9181]: 2026-05-09T08:36:50.967628Z  WARN openraft::engine::handler::replication_handler: update progress error: Unreachable node: std::io::error::Error: Connection refused (os error 111)
May 09 08:37:35 kiseki-storage-1 kiseki-server[9181]: 2026-05-09T08:37:35.535512Z  INFO kiseki_server::runtime: scrub: periodic check completed
May 09 08:38:35 kiseki-storage-1 kiseki-server[9181]: 2026-05-09T08:38:35.536313Z  INFO kiseki_server::runtime: scrub: periodic check completed
May 09 08:38:40 kiseki-storage-1 kiseki-server[9181]: 2026-05-09T08:38:40.414788Z  INFO kiseki_composition::hydrator: composition hydrator: installed compositions from log applied=2 last_applied=2
May 09 08:38:42 kiseki-storage-1 kiseki-server[9181]: 2026-05-09T08:38:42.942814Z  INFO kiseki_composition::hydrator: composition hydrator: installed compositions from log applied=1 last_applied=3
May 09 08:39:05 kiseki-storage-1 kiseki-server[9181]: 2026-05-09T08:39:05.479603Z  INFO kiseki_composition::hydrator: composition hydrator: installed compositions from log applied=1 last_applied=4
May 09 08:39:07 kiseki-storage-1 kiseki-server[9181]: 2026-05-09T08:39:07.805703Z  INFO kiseki_composition::hydrator: composition hydrator: installed compositions from log applied=1 last_applied=5
May 09 08:39:07 kiseki-storage-1 kiseki-server[9181]: 2026-05-09T08:39:07.907598Z  INFO kiseki_composition::hydrator: composition hydrator: installed compositions from log applied=1 last_applied=6
May 09 08:39:08 kiseki-storage-1 kiseki-server[9181]: 2026-05-09T08:39:08.009655Z  INFO kiseki_composition::hydrator: composition hydrator: installed compositions from log applied=1 last_applied=7
May 09 08:39:08 kiseki-storage-1 kiseki-server[9181]: 2026-05-09T08:39:08.110970Z  INFO kiseki_composition::hydrator: composition hydrator: installed compositions from log applied=1 last_applied=8
May 09 08:39:08 kiseki-storage-1 kiseki-server[9181]: 2026-05-09T08:39:08.212763Z  INFO kiseki_composition::hydrator: composition hydrator: installed compositions from log applied=2 last_applied=10
May 09 08:39:08 kiseki-storage-1 kiseki-server[9181]: 2026-05-09T08:39:08.313953Z  INFO kiseki_composition::hydrator: composition hydrator: installed compositions from log applied=2 last_applied=12
May 09 08:39:08 kiseki-storage-1 kiseki-server[9181]: 2026-05-09T08:39:08.416085Z  INFO kiseki_composition::hydrator: composition hydrator: installed compositions from log applied=4 last_applied=16
May 09 08:39:08 kiseki-storage-1 kiseki-server[9181]: 2026-05-09T08:39:08.518407Z  INFO kiseki_composition::hydrator: composition hydrator: installed compositions from log applied=4 last_applied=20
May 09 08:39:08 kiseki-storage-1 kiseki-server[9181]: 2026-05-09T08:39:08.619974Z  INFO kiseki_composition::hydrator: composition hydrator: installed compositions from log applied=4 last_applied=24
May 09 08:39:08 kiseki-storage-1 kiseki-server[9181]: 2026-05-09T08:39:08.923912Z  INFO kiseki_composition::hydrator: composition hydrator: installed compositions from log applied=6 last_applied=30
May 09 08:39:09 kiseki-storage-1 kiseki-server[9181]: 2026-05-09T08:39:09.026001Z  INFO kiseki_composition::hydrator: composition hydrator: installed compositions from log applied=7 last_applied=37
May 09 08:39:09 kiseki-storage-1 kiseki-server[9181]: 2026-05-09T08:39:09.127954Z  INFO kiseki_composition::hydrator: composition hydrator: installed compositions from log applied=11 last_applied=48
May 09 08:39:09 kiseki-storage-1 kiseki-server[9181]: 2026-05-09T08:39:09.229854Z  INFO kiseki_composition::hydrator: composition hydrator: installed compositions from log applied=6 last_applied=54
May 09 08:39:09 kiseki-storage-1 kiseki-server[9181]: 2026-05-09T08:39:09.332319Z  INFO kiseki_composition::hydrator: composition hydrator: installed compositions from log applied=6 last_applied=60
May 09 08:39:09 kiseki-storage-1 kiseki-server[9181]: 2026-05-09T08:39:09.434089Z  INFO kiseki_composition::hydrator: composition hydrator: installed compositions from log applied=8 last_applied=68
May 09 08:39:09 kiseki-storage-1 kiseki-server[9181]: 2026-05-09T08:39:09.536364Z  INFO kiseki_composition::hydrator: composition hydrator: installed compositions from log applied=11 last_applied=79
May 09 08:39:09 kiseki-storage-1 kiseki-server[9181]: 2026-05-09T08:39:09.638081Z  INFO kiseki_composition::hydrator: composition hydrator: installed compositions from log applied=9 last_applied=88
May 09 08:39:10 kiseki-storage-1 kiseki-server[9181]: 2026-05-09T08:39:10.143815Z  INFO kiseki_composition::hydrator: composition hydrator: installed compositions from log applied=1 last_applied=89
May 09 08:39:10 kiseki-storage-1 kiseki-server[9181]: 2026-05-09T08:39:10.246259Z  INFO kiseki_composition::hydrator: composition hydrator: installed compositions from log applied=5 last_applied=94
May 09 08:39:10 kiseki-storage-1 kiseki-server[9181]: 2026-05-09T08:39:10.361850Z  INFO kiseki_composition::hydrator: composition hydrator: installed compositions from log applied=9 last_applied=103
May 09 08:39:10 kiseki-storage-1 kiseki-server[9181]: 2026-05-09T08:39:10.467740Z  INFO kiseki_composition::hydrator: composition hydrator: installed compositions from log applied=13 last_applied=116
May 09 08:39:10 kiseki-storage-1 kiseki-server[9181]: 2026-05-09T08:39:10.573251Z  INFO kiseki_composition::hydrator: composition hydrator: installed compositions from log applied=8 last_applied=124
May 09 08:39:10 kiseki-storage-1 kiseki-server[9181]: 2026-05-09T08:39:10.675454Z  INFO kiseki_composition::hydrator: composition hydrator: installed compositions from log applied=17 last_applied=141
May 09 08:39:10 kiseki-storage-1 kiseki-server[9181]: 2026-05-09T08:39:10.776929Z  INFO kiseki_composition::hydrator: composition hydrator: installed compositions from log applied=15 last_applied=156
May 09 08:39:10 kiseki-storage-1 kiseki-server[9181]: 2026-05-09T08:39:10.879416Z  INFO kiseki_composition::hydrator: composition hydrator: installed compositions from log applied=6 last_applied=162
May 09 08:39:10 kiseki-storage-1 kiseki-server[9181]: 2026-05-09T08:39:10.981336Z  INFO kiseki_composition::hydrator: composition hydrator: installed compositions from log applied=6 last_applied=168
May 09 08:39:11 kiseki-storage-1 kiseki-server[9181]: 2026-05-09T08:39:11.082882Z  INFO kiseki_composition::hydrator: composition hydrator: installed compositions from log applied=7 last_applied=175
May 09 08:39:11 kiseki-storage-1 kiseki-server[9181]: 2026-05-09T08:39:11.185274Z  INFO kiseki_composition::hydrator: composition hydrator: installed compositions from log applied=7 last_applied=182
May 09 08:39:11 kiseki-storage-1 kiseki-server[9181]: 2026-05-09T08:39:11.287520Z  INFO kiseki_composition::hydrator: composition hydrator: installed compositions from log applied=9 last_applied=191
May 09 08:39:11 kiseki-storage-1 kiseki-server[9181]: 2026-05-09T08:39:11.390012Z  INFO kiseki_composition::hydrator: composition hydrator: installed compositions from log applied=7 last_applied=198
May 09 08:39:11 kiseki-storage-1 kiseki-server[9181]: 2026-05-09T08:39:11.491781Z  INFO kiseki_composition::hydrator: composition hydrator: installed compositions from log applied=11 last_applied=209
May 09 08:39:11 kiseki-storage-1 kiseki-server[9181]: 2026-05-09T08:39:11.593209Z  INFO kiseki_composition::hydrator: composition hydrator: installed compositions from log applied=12 last_applied=221
May 09 08:39:11 kiseki-storage-1 kiseki-server[9181]: 2026-05-09T08:39:11.696103Z  INFO kiseki_composition::hydrator: composition hydrator: installed compositions from log applied=12 last_applied=233
May 09 08:39:11 kiseki-storage-1 kiseki-server[9181]: 2026-05-09T08:39:11.798390Z  INFO kiseki_composition::hydrator: composition hydrator: installed compositions from log applied=4 last_applied=237
May 09 08:39:11 kiseki-storage-1 kiseki-server[9181]: 2026-05-09T08:39:11.900237Z  INFO kiseki_composition::hydrator: composition hydrator: installed compositions from log applied=12 last_applied=249
May 09 08:39:12 kiseki-storage-1 kiseki-server[9181]: 2026-05-09T08:39:12.002230Z  INFO kiseki_composition::hydrator: composition hydrator: installed compositions from log applied=11 last_applied=260
May 09 08:39:12 kiseki-storage-1 kiseki-server[9181]: 2026-05-09T08:39:12.104816Z  INFO kiseki_composition::hydrator: composition hydrator: installed compositions from log applied=7 last_applied=267
May 09 08:39:12 kiseki-storage-1 kiseki-server[9181]: 2026-05-09T08:39:12.207580Z  INFO kiseki_composition::hydrator: composition hydrator: installed compositions from log applied=6 last_applied=273
May 09 08:39:12 kiseki-storage-1 kiseki-server[9181]: 2026-05-09T08:39:12.310558Z  INFO kiseki_composition::hydrator: composition hydrator: installed compositions from log applied=12 last_applied=285
May 09 08:39:12 kiseki-storage-1 kiseki-server[9181]: 2026-05-09T08:39:12.412930Z  INFO kiseki_composition::hydrator: composition hydrator: installed compositions from log applied=8 last_applied=293
May 09 08:39:12 kiseki-storage-1 kiseki-server[9181]: 2026-05-09T08:39:12.515763Z  INFO kiseki_composition::hydrator: composition hydrator: installed compositions from log applied=16 last_applied=309
May 09 08:39:12 kiseki-storage-1 kiseki-server[9181]: 2026-05-09T08:39:12.618505Z  INFO kiseki_composition::hydrator: composition hydrator: installed compositions from log applied=14 last_applied=323
May 09 08:39:12 kiseki-storage-1 kiseki-server[9181]: 2026-05-09T08:39:12.720264Z  INFO kiseki_composition::hydrator: composition hydrator: installed compositions from log applied=21 last_applied=344
May 09 08:39:13 kiseki-storage-1 kiseki-server[9181]: 2026-05-09T08:39:13.326947Z  INFO kiseki_composition::hydrator: composition hydrator: installed compositions from log applied=2 last_applied=346
May 09 08:39:13 kiseki-storage-1 kiseki-server[9181]: 2026-05-09T08:39:13.634460Z  INFO kiseki_composition::hydrator: composition hydrator: installed compositions from log applied=6 last_applied=352
May 09 08:39:13 kiseki-storage-1 kiseki-server[9181]: 2026-05-09T08:39:13.738283Z  INFO kiseki_composition::hydrator: composition hydrator: installed compositions from log applied=1 last_applied=353
May 09 08:39:13 kiseki-storage-1 kiseki-server[9181]: 2026-05-09T08:39:13.841531Z  INFO kiseki_composition::hydrator: composition hydrator: installed compositions from log applied=8 last_applied=361
May 09 08:39:13 kiseki-storage-1 kiseki-server[9181]: 2026-05-09T08:39:13.943861Z  INFO kiseki_composition::hydrator: composition hydrator: installed compositions from log applied=6 last_applied=367
May 09 08:39:14 kiseki-storage-1 kiseki-server[9181]: 2026-05-09T08:39:14.047801Z  INFO kiseki_composition::hydrator: composition hydrator: installed compositions from log applied=8 last_applied=375
May 09 08:39:14 kiseki-storage-1 kiseki-server[9181]: 2026-05-09T08:39:14.153004Z  INFO kiseki_composition::hydrator: composition hydrator: installed compositions from log applied=9 last_applied=384
May 09 08:39:14 kiseki-storage-1 kiseki-server[9181]: 2026-05-09T08:39:14.256184Z  INFO kiseki_composition::hydrator: composition hydrator: installed compositions from log applied=8 last_applied=392
May 09 08:39:14 kiseki-storage-1 kiseki-server[9181]: 2026-05-09T08:39:14.363984Z  INFO kiseki_composition::hydrator: composition hydrator: installed compositions from log applied=13 last_applied=405
May 09 08:39:14 kiseki-storage-1 kiseki-server[9181]: 2026-05-09T08:39:14.470425Z  INFO kiseki_composition::hydrator: composition hydrator: installed compositions from log applied=16 last_applied=421
May 09 08:39:14 kiseki-storage-1 kiseki-server[9181]: 2026-05-09T08:39:14.575105Z  INFO kiseki_composition::hydrator: composition hydrator: installed compositions from log applied=13 last_applied=434
May 09 08:39:14 kiseki-storage-1 kiseki-server[9181]: 2026-05-09T08:39:14.678445Z  INFO kiseki_composition::hydrator: composition hydrator: installed compositions from log applied=19 last_applied=453
May 09 08:39:14 kiseki-storage-1 kiseki-server[9181]: 2026-05-09T08:39:14.780019Z  INFO kiseki_composition::hydrator: composition hydrator: installed compositions from log applied=11 last_applied=464
May 09 08:39:14 kiseki-storage-1 kiseki-server[9181]: 2026-05-09T08:39:14.882277Z  INFO kiseki_composition::hydrator: composition hydrator: installed compositions from log applied=13 last_applied=477
May 09 08:39:14 kiseki-storage-1 kiseki-server[9181]: 2026-05-09T08:39:14.984159Z  INFO kiseki_composition::hydrator: composition hydrator: installed compositions from log applied=6 last_applied=483
May 09 08:39:15 kiseki-storage-1 kiseki-server[9181]: 2026-05-09T08:39:15.085919Z  INFO kiseki_composition::hydrator: composition hydrator: installed compositions from log applied=4 last_applied=487
May 09 08:39:15 kiseki-storage-1 kiseki-server[9181]: 2026-05-09T08:39:15.188024Z  INFO kiseki_composition::hydrator: composition hydrator: installed compositions from log applied=7 last_applied=494
May 09 08:39:15 kiseki-storage-1 kiseki-server[9181]: 2026-05-09T08:39:15.289700Z  INFO kiseki_composition::hydrator: composition hydrator: installed compositions from log applied=3 last_applied=497
May 09 08:39:15 kiseki-storage-1 kiseki-server[9181]: 2026-05-09T08:39:15.391069Z  INFO kiseki_composition::hydrator: composition hydrator: installed compositions from log applied=3 last_applied=500
May 09 08:39:15 kiseki-storage-1 kiseki-server[9181]: 2026-05-09T08:39:15.492684Z  INFO kiseki_composition::hydrator: composition hydrator: installed compositions from log applied=7 last_applied=507
May 09 08:39:15 kiseki-storage-1 kiseki-server[9181]: 2026-05-09T08:39:15.594347Z  INFO kiseki_composition::hydrator: composition hydrator: installed compositions from log applied=7 last_applied=514
May 09 08:39:15 kiseki-storage-1 kiseki-server[9181]: 2026-05-09T08:39:15.696024Z  INFO kiseki_composition::hydrator: composition hydrator: installed compositions from log applied=9 last_applied=523
May 09 08:39:15 kiseki-storage-1 kiseki-server[9181]: 2026-05-09T08:39:15.798299Z  INFO kiseki_composition::hydrator: composition hydrator: installed compositions from log applied=6 last_applied=529
May 09 08:39:15 kiseki-storage-1 kiseki-server[9181]: 2026-05-09T08:39:15.899983Z  INFO kiseki_composition::hydrator: composition hydrator: installed compositions from log applied=8 last_applied=537
May 09 08:39:16 kiseki-storage-1 kiseki-server[9181]: 2026-05-09T08:39:16.002028Z  INFO kiseki_composition::hydrator: composition hydrator: installed compositions from log applied=7 last_applied=544
May 09 08:39:16 kiseki-storage-1 kiseki-server[9181]: 2026-05-09T08:39:16.104493Z  INFO kiseki_composition::hydrator: composition hydrator: installed compositions from log applied=10 last_applied=554
May 09 08:39:16 kiseki-storage-1 kiseki-server[9181]: 2026-05-09T08:39:16.206600Z  INFO kiseki_composition::hydrator: composition hydrator: installed compositions from log applied=8 last_applied=562
May 09 08:39:16 kiseki-storage-1 kiseki-server[9181]: 2026-05-09T08:39:16.308451Z  INFO kiseki_composition::hydrator: composition hydrator: installed compositions from log applied=8 last_applied=570
May 09 08:39:16 kiseki-storage-1 kiseki-server[9181]: 2026-05-09T08:39:16.413679Z  INFO kiseki_composition::hydrator: composition hydrator: installed compositions from log applied=11 last_applied=581
May 09 08:39:16 kiseki-storage-1 kiseki-server[9181]: 2026-05-09T08:39:16.516355Z  INFO kiseki_composition::hydrator: composition hydrator: installed compositions from log applied=13 last_applied=594
May 09 08:39:16 kiseki-storage-1 kiseki-server[9181]: 2026-05-09T08:39:16.619741Z  INFO kiseki_composition::hydrator: composition hydrator: installed compositions from log applied=14 last_applied=608
May 09 08:39:16 kiseki-storage-1 kiseki-server[9181]: 2026-05-09T08:39:16.727330Z  INFO kiseki_composition::hydrator: composition hydrator: installed compositions from log applied=9 last_applied=617
May 09 08:39:16 kiseki-storage-1 kiseki-server[9181]: 2026-05-09T08:39:16.832617Z  INFO kiseki_composition::hydrator: composition hydrator: installed compositions from log applied=11 last_applied=628
May 09 08:39:16 kiseki-storage-1 kiseki-server[9181]: 2026-05-09T08:39:16.934736Z  INFO kiseki_composition::hydrator: composition hydrator: installed compositions from log applied=10 last_applied=638
May 09 08:39:17 kiseki-storage-1 kiseki-server[9181]: 2026-05-09T08:39:17.037140Z  INFO kiseki_composition::hydrator: composition hydrator: installed compositions from log applied=16 last_applied=654
May 09 08:39:17 kiseki-storage-1 kiseki-server[9181]: 2026-05-09T08:39:17.138829Z  INFO kiseki_composition::hydrator: composition hydrator: installed compositions from log applied=12 last_applied=666
May 09 08:39:17 kiseki-storage-1 kiseki-server[9181]: 2026-05-09T08:39:17.241255Z  INFO kiseki_composition::hydrator: composition hydrator: installed compositions from log applied=5 last_applied=671
May 09 08:39:17 kiseki-storage-1 kiseki-server[9181]: 2026-05-09T08:39:17.343486Z  INFO kiseki_composition::hydrator: composition hydrator: installed compositions from log applied=8 last_applied=679
May 09 08:39:17 kiseki-storage-1 kiseki-server[9181]: 2026-05-09T08:39:17.444857Z  INFO kiseki_composition::hydrator: composition hydrator: installed compositions from log applied=5 last_applied=684
May 09 08:39:17 kiseki-storage-1 kiseki-server[9181]: 2026-05-09T08:39:17.547470Z  INFO kiseki_composition::hydrator: composition hydrator: installed compositions from log applied=11 last_applied=695
May 09 08:39:17 kiseki-storage-1 kiseki-server[9181]: 2026-05-09T08:39:17.649507Z  INFO kiseki_composition::hydrator: composition hydrator: installed compositions from log applied=9 last_applied=704
May 09 08:39:17 kiseki-storage-1 kiseki-server[9181]: 2026-05-09T08:39:17.751932Z  INFO kiseki_composition::hydrator: composition hydrator: installed compositions from log applied=10 last_applied=714
May 09 08:39:17 kiseki-storage-1 kiseki-server[9181]: 2026-05-09T08:39:17.854991Z  INFO kiseki_composition::hydrator: composition hydrator: installed compositions from log applied=10 last_applied=724
May 09 08:39:17 kiseki-storage-1 kiseki-server[9181]: 2026-05-09T08:39:17.957525Z  INFO kiseki_composition::hydrator: composition hydrator: installed compositions from log applied=15 last_applied=739
May 09 08:39:18 kiseki-storage-1 kiseki-server[9181]: 2026-05-09T08:39:18.060041Z  INFO kiseki_composition::hydrator: composition hydrator: installed compositions from log applied=10 last_applied=749
May 09 08:39:18 kiseki-storage-1 kiseki-server[9181]: 2026-05-09T08:39:18.163648Z  INFO kiseki_composition::hydrator: composition hydrator: installed compositions from log applied=8 last_applied=757
May 09 08:39:18 kiseki-storage-1 kiseki-server[9181]: 2026-05-09T08:39:18.268926Z  INFO kiseki_composition::hydrator: composition hydrator: installed compositions from log applied=9 last_applied=766
May 09 08:39:18 kiseki-storage-1 kiseki-server[9181]: 2026-05-09T08:39:18.378075Z  INFO kiseki_composition::hydrator: composition hydrator: installed compositions from log applied=13 last_applied=779
May 09 08:39:18 kiseki-storage-1 kiseki-server[9181]: 2026-05-09T08:39:18.483100Z  INFO kiseki_composition::hydrator: composition hydrator: installed compositions from log applied=13 last_applied=792
May 09 08:39:18 kiseki-storage-1 kiseki-server[9181]: 2026-05-09T08:39:18.585538Z  INFO kiseki_composition::hydrator: composition hydrator: installed compositions from log applied=15 last_applied=807
May 09 08:39:18 kiseki-storage-1 kiseki-server[9181]: 2026-05-09T08:39:18.688002Z  INFO kiseki_composition::hydrator: composition hydrator: installed compositions from log applied=14 last_applied=821
May 09 08:39:18 kiseki-storage-1 kiseki-server[9181]: 2026-05-09T08:39:18.790417Z  INFO kiseki_composition::hydrator: composition hydrator: installed compositions from log applied=20 last_applied=841
May 09 08:39:18 kiseki-storage-1 kiseki-server[9181]: 2026-05-09T08:39:18.892047Z  INFO kiseki_composition::hydrator: composition hydrator: installed compositions from log applied=15 last_applied=856
May 09 08:39:20 kiseki-storage-1 kiseki-server[9181]: 2026-05-09T08:39:20.208854Z  INFO kiseki_composition::hydrator: composition hydrator: installed compositions from log applied=4 last_applied=860
May 09 08:39:20 kiseki-storage-1 kiseki-server[9181]: 2026-05-09T08:39:20.615378Z  INFO kiseki_composition::hydrator: composition hydrator: installed compositions from log applied=2 last_applied=862
May 09 08:39:20 kiseki-storage-1 kiseki-server[9181]: 2026-05-09T08:39:20.846348Z  INFO kiseki_composition::hydrator: composition hydrator: installed compositions from log applied=2 last_applied=864
May 09 08:39:20 kiseki-storage-1 kiseki-server[9181]: 2026-05-09T08:39:20.948266Z  INFO kiseki_composition::hydrator: composition hydrator: installed compositions from log applied=2 last_applied=866
May 09 08:39:21 kiseki-storage-1 kiseki-server[9181]: 2026-05-09T08:39:21.058441Z  INFO kiseki_composition::hydrator: composition hydrator: installed compositions from log applied=4 last_applied=870
May 09 08:39:21 kiseki-storage-1 kiseki-server[9181]: 2026-05-09T08:39:21.227995Z  INFO kiseki_composition::hydrator: composition hydrator: installed compositions from log applied=11 last_applied=881
May 09 08:39:21 kiseki-storage-1 kiseki-server[9181]: 2026-05-09T08:39:21.349761Z  INFO kiseki_composition::hydrator: composition hydrator: installed compositions from log applied=10 last_applied=891
May 09 08:39:21 kiseki-storage-1 kiseki-server[9181]: 2026-05-09T08:39:21.454684Z  INFO kiseki_composition::hydrator: composition hydrator: installed compositions from log applied=9 last_applied=900
May 09 08:39:21 kiseki-storage-1 kiseki-server[9181]: 2026-05-09T08:39:21.559648Z  INFO kiseki_composition::hydrator: composition hydrator: installed compositions from log applied=9 last_applied=909
May 09 08:39:21 kiseki-storage-1 kiseki-server[9181]: 2026-05-09T08:39:21.671403Z  INFO kiseki_composition::hydrator: composition hydrator: installed compositions from log applied=12 last_applied=921
May 09 08:39:21 kiseki-storage-1 kiseki-server[9181]: 2026-05-09T08:39:21.779758Z  INFO kiseki_composition::hydrator: composition hydrator: installed compositions from log applied=10 last_applied=931
May 09 08:39:21 kiseki-storage-1 kiseki-server[9181]: 2026-05-09T08:39:21.905549Z  INFO kiseki_composition::hydrator: composition hydrator: installed compositions from log applied=10 last_applied=941
May 09 08:39:22 kiseki-storage-1 kiseki-server[9181]: 2026-05-09T08:39:22.015572Z  INFO kiseki_composition::hydrator: composition hydrator: installed compositions from log applied=15 last_applied=956
May 09 08:39:22 kiseki-storage-1 kiseki-server[9181]: 2026-05-09T08:39:22.119945Z  INFO kiseki_composition::hydrator: composition hydrator: installed compositions from log applied=19 last_applied=975
May 09 08:39:22 kiseki-storage-1 kiseki-server[9181]: 2026-05-09T08:39:22.230775Z  INFO kiseki_composition::hydrator: composition hydrator: installed compositions from log applied=10 last_applied=985
May 09 08:39:22 kiseki-storage-1 kiseki-server[9181]: 2026-05-09T08:39:22.330873Z  INFO openraft::engine::handler::snapshot_handler: push snapshot building command
May 09 08:39:22 kiseki-storage-1 kiseki-server[9181]: 2026-05-09T08:39:22.331045Z  INFO openraft::core::sm::worker: openraft::core::sm::worker::Worker<_, _, _>::worker_loop: build snapshot
May 09 08:39:22 kiseki-storage-1 kiseki-server[9181]: 2026-05-09T08:39:22.331106Z  INFO build_snapshot: openraft::core::sm::worker: openraft::core::sm::worker::Worker<_, _, _>::build_snapshot: returning; spawned building snapshot task
May 09 08:39:22 kiseki-storage-1 kiseki-server[9181]: 2026-05-09T08:39:22.338831Z  INFO openraft::core::raft_core: sm::StateMachine command done: BuildSnapshotDone: {snapshot_id: snap-999, last_log:T3-N1.999, last_membership: {log_id:T0-N1.0, {voters:[{1:KisekiNode { addr: "10.0.0.10:9300", topology: None },2:KisekiNode { addr: "10.0.0.11:9300", topology: None },3:KisekiNode { addr: "10.0.0.12:9300", topology: None }}], learners:[]}}}: openraft::core::raft_core::RaftCore<_, _, _, _>::handle_notification
May 09 08:39:22 kiseki-storage-1 kiseki-server[9181]: 2026-05-09T08:39:22.339189Z  INFO openraft::engine::engine_impl: openraft::engine::engine_impl::Engine<_, _>::on_building_snapshot_done: snapshot_meta: {snapshot_id: snap-999, last_log:T3-N1.999, last_membership: {log_id:T0-N1.0, {voters:[{1:KisekiNode { addr: "10.0.0.10:9300", topology: None },2:KisekiNode { addr: "10.0.0.11:9300", topology: None },3:KisekiNode { addr: "10.0.0.12:9300", topology: None }}], learners:[]}}}
May 09 08:39:22 kiseki-storage-1 kiseki-server[9181]: 2026-05-09T08:39:22.339210Z  INFO openraft::engine::handler::snapshot_handler: update_snapshot: SnapshotMeta { last_log_id: Some(LogId { leader_id: LeaderId { term: 3, node_id: 1 }, index: 999 }), last_membership: StoredMembership { log_id: Some(LogId { leader_id: LeaderId { term: 0, node_id: 1 }, index: 0 }), membership: Membership { configs: [{1, 2, 3}], nodes: {1: KisekiNode { addr: "10.0.0.10:9300", topology: None }, 2: KisekiNode { addr: "10.0.0.11:9300", topology: None }, 3: KisekiNode { addr: "10.0.0.12:9300", topology: None }} } }, snapshot_id: "snap-999" }
May 09 08:39:22 kiseki-storage-1 kiseki-server[9181]: 2026-05-09T08:39:22.341222Z  INFO kiseki_composition::hydrator: composition hydrator: installed compositions from log applied=15 last_applied=1000
May 09 08:39:22 kiseki-storage-1 kiseki-server[9181]: 2026-05-09T08:39:22.446452Z  INFO kiseki_composition::hydrator: composition hydrator: installed compositions from log applied=15 last_applied=1015
May 09 08:39:22 kiseki-storage-1 kiseki-server[9181]: 2026-05-09T08:39:22.553106Z  INFO kiseki_composition::hydrator: composition hydrator: installed compositions from log applied=12 last_applied=1027
May 09 08:39:22 kiseki-storage-1 kiseki-server[9181]: 2026-05-09T08:39:22.658071Z  INFO kiseki_composition::hydrator: composition hydrator: installed compositions from log applied=8 last_applied=1035
May 09 08:39:22 kiseki-storage-1 kiseki-server[9181]: 2026-05-09T08:39:22.764881Z  INFO kiseki_composition::hydrator: composition hydrator: installed compositions from log applied=19 last_applied=1054
May 09 08:39:22 kiseki-storage-1 kiseki-server[9181]: 2026-05-09T08:39:22.874140Z  INFO kiseki_composition::hydrator: composition hydrator: installed compositions from log applied=8 last_applied=1062
May 09 08:39:22 kiseki-storage-1 kiseki-server[9181]: 2026-05-09T08:39:22.986265Z  INFO kiseki_composition::hydrator: composition hydrator: installed compositions from log applied=10 last_applied=1072
May 09 08:39:23 kiseki-storage-1 kiseki-server[9181]: 2026-05-09T08:39:23.089866Z  INFO kiseki_composition::hydrator: composition hydrator: installed compositions from log applied=19 last_applied=1091
May 09 08:39:23 kiseki-storage-1 kiseki-server[9181]: 2026-05-09T08:39:23.192556Z  INFO kiseki_composition::hydrator: composition hydrator: installed compositions from log applied=9 last_applied=1100
May 09 08:39:23 kiseki-storage-1 kiseki-server[9181]: 2026-05-09T08:39:23.294382Z  INFO kiseki_composition::hydrator: composition hydrator: installed compositions from log applied=15 last_applied=1115
May 09 08:39:23 kiseki-storage-1 kiseki-server[9181]: 2026-05-09T08:39:23.396413Z  INFO kiseki_composition::hydrator: composition hydrator: installed compositions from log applied=8 last_applied=1123
May 09 08:39:23 kiseki-storage-1 kiseki-server[9181]: 2026-05-09T08:39:23.498160Z  INFO kiseki_composition::hydrator: composition hydrator: installed compositions from log applied=6 last_applied=1129
May 09 08:39:23 kiseki-storage-1 kiseki-server[9181]: 2026-05-09T08:39:23.600364Z  INFO kiseki_composition::hydrator: composition hydrator: installed compositions from log applied=7 last_applied=1136
May 09 08:39:23 kiseki-storage-1 kiseki-server[9181]: 2026-05-09T08:39:23.702042Z  INFO kiseki_composition::hydrator: composition hydrator: installed compositions from log applied=2 last_applied=1138
May 09 08:39:23 kiseki-storage-1 kiseki-server[9181]: 2026-05-09T08:39:23.803862Z  INFO kiseki_composition::hydrator: composition hydrator: installed compositions from log applied=3 last_applied=1141
May 09 08:39:23 kiseki-storage-1 kiseki-server[9181]: 2026-05-09T08:39:23.906367Z  INFO kiseki_composition::hydrator: composition hydrator: installed compositions from log applied=3 last_applied=1144
May 09 08:39:24 kiseki-storage-1 kiseki-server[9181]: 2026-05-09T08:39:24.007842Z  INFO kiseki_composition::hydrator: composition hydrator: installed compositions from log applied=4 last_applied=1148
May 09 08:39:24 kiseki-storage-1 kiseki-server[9181]: 2026-05-09T08:39:24.109946Z  INFO kiseki_composition::hydrator: composition hydrator: installed compositions from log applied=2 last_applied=1150
May 09 08:39:24 kiseki-storage-1 kiseki-server[9181]: 2026-05-09T08:39:24.212000Z  INFO kiseki_composition::hydrator: composition hydrator: installed compositions from log applied=3 last_applied=1153
May 09 08:39:24 kiseki-storage-1 kiseki-server[9181]: 2026-05-09T08:39:24.314776Z  INFO kiseki_composition::hydrator: composition hydrator: installed compositions from log applied=4 last_applied=1157
May 09 08:39:24 kiseki-storage-1 kiseki-server[9181]: 2026-05-09T08:39:24.416240Z  INFO kiseki_composition::hydrator: composition hydrator: installed compositions from log applied=7 last_applied=1164
May 09 08:39:24 kiseki-storage-1 kiseki-server[9181]: 2026-05-09T08:39:24.518130Z  INFO kiseki_composition::hydrator: composition hydrator: installed compositions from log applied=8 last_applied=1172
May 09 08:39:24 kiseki-storage-1 kiseki-server[9181]: 2026-05-09T08:39:24.621093Z  INFO kiseki_composition::hydrator: composition hydrator: installed compositions from log applied=7 last_applied=1179
May 09 08:39:24 kiseki-storage-1 kiseki-server[9181]: 2026-05-09T08:39:24.722997Z  INFO kiseki_composition::hydrator: composition hydrator: installed compositions from log applied=7 last_applied=1186
May 09 08:39:24 kiseki-storage-1 kiseki-server[9181]: 2026-05-09T08:39:24.825481Z  INFO kiseki_composition::hydrator: composition hydrator: installed compositions from log applied=15 last_applied=1201
May 09 08:39:24 kiseki-storage-1 kiseki-server[9181]: 2026-05-09T08:39:24.927997Z  INFO kiseki_composition::hydrator: composition hydrator: installed compositions from log applied=5 last_applied=1206
May 09 08:39:25 kiseki-storage-1 kiseki-server[9181]: 2026-05-09T08:39:25.031010Z  INFO kiseki_composition::hydrator: composition hydrator: installed compositions from log applied=10 last_applied=1216
May 09 08:39:25 kiseki-storage-1 kiseki-server[9181]: 2026-05-09T08:39:25.135094Z  INFO kiseki_composition::hydrator: composition hydrator: installed compositions from log applied=10 last_applied=1226
May 09 08:39:25 kiseki-storage-1 kiseki-server[9181]: 2026-05-09T08:39:25.237749Z  INFO kiseki_composition::hydrator: composition hydrator: installed compositions from log applied=13 last_applied=1239
May 09 08:39:25 kiseki-storage-1 kiseki-server[9181]: 2026-05-09T08:39:25.340091Z  INFO kiseki_composition::hydrator: composition hydrator: installed compositions from log applied=8 last_applied=1247
May 09 08:39:25 kiseki-storage-1 kiseki-server[9181]: 2026-05-09T08:39:25.443604Z  INFO kiseki_composition::hydrator: composition hydrator: installed compositions from log applied=14 last_applied=1261
May 09 08:39:25 kiseki-storage-1 kiseki-server[9181]: 2026-05-09T08:39:25.549023Z  INFO kiseki_composition::hydrator: composition hydrator: installed compositions from log applied=9 last_applied=1270
May 09 08:39:25 kiseki-storage-1 kiseki-server[9181]: 2026-05-09T08:39:25.655142Z  INFO kiseki_composition::hydrator: composition hydrator: installed compositions from log applied=9 last_applied=1279
May 09 08:39:25 kiseki-storage-1 kiseki-server[9181]: 2026-05-09T08:39:25.761795Z  INFO kiseki_composition::hydrator: composition hydrator: installed compositions from log applied=14 last_applied=1293
May 09 08:39:25 kiseki-storage-1 kiseki-server[9181]: 2026-05-09T08:39:25.864801Z  INFO kiseki_composition::hydrator: composition hydrator: installed compositions from log applied=13 last_applied=1306
May 09 08:39:25 kiseki-storage-1 kiseki-server[9181]: 2026-05-09T08:39:25.975602Z  INFO kiseki_composition::hydrator: composition hydrator: installed compositions from log applied=14 last_applied=1320
May 09 08:39:26 kiseki-storage-1 kiseki-server[9181]: 2026-05-09T08:39:26.082725Z  INFO kiseki_composition::hydrator: composition hydrator: installed compositions from log applied=13 last_applied=1333
May 09 08:39:26 kiseki-storage-1 kiseki-server[9181]: 2026-05-09T08:39:26.194658Z  INFO kiseki_composition::hydrator: composition hydrator: installed compositions from log applied=11 last_applied=1344
May 09 08:39:26 kiseki-storage-1 kiseki-server[9181]: 2026-05-09T08:39:26.302201Z  INFO kiseki_composition::hydrator: composition hydrator: installed compositions from log applied=12 last_applied=1356
May 09 08:39:26 kiseki-storage-1 kiseki-server[9181]: 2026-05-09T08:39:26.405971Z  INFO kiseki_composition::hydrator: composition hydrator: installed compositions from log applied=8 last_applied=1364
May 09 08:39:26 kiseki-storage-1 kiseki-server[9181]: 2026-05-09T08:39:26.511236Z  INFO kiseki_composition::hydrator: composition hydrator: installed compositions from log applied=12 last_applied=1376
May 09 08:39:26 kiseki-storage-1 kiseki-server[9181]: 2026-05-09T08:39:26.618502Z  INFO kiseki_composition::hydrator: composition hydrator: installed compositions from log applied=13 last_applied=1389
May 09 08:39:26 kiseki-storage-1 kiseki-server[9181]: 2026-05-09T08:39:26.720656Z  INFO kiseki_composition::hydrator: composition hydrator: installed compositions from log applied=6 last_applied=1395
May 09 08:39:26 kiseki-storage-1 kiseki-server[9181]: 2026-05-09T08:39:26.823791Z  INFO kiseki_composition::hydrator: composition hydrator: installed compositions from log applied=19 last_applied=1414
May 09 08:39:26 kiseki-storage-1 kiseki-server[9181]: 2026-05-09T08:39:26.926520Z  INFO kiseki_composition::hydrator: composition hydrator: installed compositions from log applied=8 last_applied=1422
May 09 08:39:27 kiseki-storage-1 kiseki-server[9181]: 2026-05-09T08:39:27.028240Z  INFO kiseki_composition::hydrator: composition hydrator: installed compositions from log applied=13 last_applied=1435
May 09 08:39:27 kiseki-storage-1 kiseki-server[9181]: 2026-05-09T08:39:27.130173Z  INFO kiseki_composition::hydrator: composition hydrator: installed compositions from log applied=5 last_applied=1440
May 09 08:39:27 kiseki-storage-1 kiseki-server[9181]: 2026-05-09T08:39:27.232427Z  INFO kiseki_composition::hydrator: composition hydrator: installed compositions from log applied=8 last_applied=1448
May 09 08:39:27 kiseki-storage-1 kiseki-server[9181]: 2026-05-09T08:39:27.334235Z  INFO kiseki_composition::hydrator: composition hydrator: installed compositions from log applied=10 last_applied=1458
May 09 08:39:27 kiseki-storage-1 kiseki-server[9181]: 2026-05-09T08:39:27.436330Z  INFO kiseki_composition::hydrator: composition hydrator: installed compositions from log applied=8 last_applied=1466
May 09 08:39:27 kiseki-storage-1 kiseki-server[9181]: 2026-05-09T08:39:27.538322Z  INFO kiseki_composition::hydrator: composition hydrator: installed compositions from log applied=3 last_applied=1469
May 09 08:39:27 kiseki-storage-1 kiseki-server[9181]: 2026-05-09T08:39:27.640536Z  INFO kiseki_composition::hydrator: composition hydrator: installed compositions from log applied=9 last_applied=1478
May 09 08:39:27 kiseki-storage-1 kiseki-server[9181]: 2026-05-09T08:39:27.742157Z  INFO kiseki_composition::hydrator: composition hydrator: installed compositions from log applied=5 last_applied=1483
May 09 08:39:27 kiseki-storage-1 kiseki-server[9181]: 2026-05-09T08:39:27.843984Z  INFO kiseki_composition::hydrator: composition hydrator: installed compositions from log applied=3 last_applied=1486
May 09 08:39:27 kiseki-storage-1 kiseki-server[9181]: 2026-05-09T08:39:27.946284Z  INFO kiseki_composition::hydrator: composition hydrator: installed compositions from log applied=7 last_applied=1493
May 09 08:39:28 kiseki-storage-1 kiseki-server[9181]: 2026-05-09T08:39:28.048498Z  INFO kiseki_composition::hydrator: composition hydrator: installed compositions from log applied=5 last_applied=1498
May 09 08:39:28 kiseki-storage-1 kiseki-server[9181]: 2026-05-09T08:39:28.150077Z  INFO kiseki_composition::hydrator: composition hydrator: installed compositions from log applied=6 last_applied=1504
May 09 08:39:28 kiseki-storage-1 kiseki-server[9181]: 2026-05-09T08:39:28.252090Z  INFO kiseki_composition::hydrator: composition hydrator: installed compositions from log applied=5 last_applied=1509
May 09 08:39:28 kiseki-storage-1 kiseki-server[9181]: 2026-05-09T08:39:28.356404Z  INFO kiseki_composition::hydrator: composition hydrator: installed compositions from log applied=8 last_applied=1517
May 09 08:39:28 kiseki-storage-1 kiseki-server[9181]: 2026-05-09T08:39:28.458878Z  INFO kiseki_composition::hydrator: composition hydrator: installed compositions from log applied=13 last_applied=1530
May 09 08:39:28 kiseki-storage-1 kiseki-server[9181]: 2026-05-09T08:39:28.563139Z  INFO kiseki_composition::hydrator: composition hydrator: installed compositions from log applied=11 last_applied=1541
May 09 08:39:28 kiseki-storage-1 kiseki-server[9181]: 2026-05-09T08:39:28.666481Z  INFO kiseki_composition::hydrator: composition hydrator: installed compositions from log applied=10 last_applied=1551
May 09 08:39:28 kiseki-storage-1 kiseki-server[9181]: 2026-05-09T08:39:28.783078Z  INFO kiseki_composition::hydrator: composition hydrator: installed compositions from log applied=11 last_applied=1562
May 09 08:39:28 kiseki-storage-1 kiseki-server[9181]: 2026-05-09T08:39:28.893366Z  INFO kiseki_composition::hydrator: composition hydrator: installed compositions from log applied=14 last_applied=1576
May 09 08:39:28 kiseki-storage-1 kiseki-server[9181]: 2026-05-09T08:39:28.997089Z  INFO kiseki_composition::hydrator: composition hydrator: installed compositions from log applied=16 last_applied=1592
May 09 08:39:29 kiseki-storage-1 kiseki-server[9181]: 2026-05-09T08:39:29.102787Z  INFO kiseki_composition::hydrator: composition hydrator: installed compositions from log applied=7 last_applied=1599
May 09 08:39:29 kiseki-storage-1 kiseki-server[9181]: 2026-05-09T08:39:29.211374Z  INFO kiseki_composition::hydrator: composition hydrator: installed compositions from log applied=11 last_applied=1610
May 09 08:39:29 kiseki-storage-1 kiseki-server[9181]: 2026-05-09T08:39:29.320652Z  INFO kiseki_composition::hydrator: composition hydrator: installed compositions from log applied=18 last_applied=1628
May 09 08:39:29 kiseki-storage-1 kiseki-server[9181]: 2026-05-09T08:39:29.427500Z  INFO kiseki_composition::hydrator: composition hydrator: installed compositions from log applied=6 last_applied=1634
May 09 08:39:29 kiseki-storage-1 kiseki-server[9181]: 2026-05-09T08:39:29.532699Z  INFO kiseki_composition::hydrator: composition hydrator: installed compositions from log applied=8 last_applied=1642
May 09 08:39:29 kiseki-storage-1 kiseki-server[9181]: 2026-05-09T08:39:29.637228Z  INFO kiseki_composition::hydrator: composition hydrator: installed compositions from log applied=19 last_applied=1661
May 09 08:39:29 kiseki-storage-1 kiseki-server[9181]: 2026-05-09T08:39:29.746604Z  INFO kiseki_composition::hydrator: composition hydrator: installed compositions from log applied=11 last_applied=1672
May 09 08:39:29 kiseki-storage-1 kiseki-server[9181]: 2026-05-09T08:39:29.859003Z  INFO kiseki_composition::hydrator: composition hydrator: installed compositions from log applied=15 last_applied=1687
May 09 08:39:29 kiseki-storage-1 kiseki-server[9181]: 2026-05-09T08:39:29.964445Z  INFO kiseki_composition::hydrator: composition hydrator: installed compositions from log applied=11 last_applied=1698
May 09 08:39:30 kiseki-storage-1 kiseki-server[9181]: 2026-05-09T08:39:30.074091Z  INFO kiseki_composition::hydrator: composition hydrator: installed compositions from log applied=12 last_applied=1710
May 09 08:39:30 kiseki-storage-1 kiseki-server[9181]: 2026-05-09T08:39:30.179594Z  INFO kiseki_composition::hydrator: composition hydrator: installed compositions from log applied=16 last_applied=1726
May 09 08:39:30 kiseki-storage-1 kiseki-server[9181]: 2026-05-09T08:39:30.285886Z  INFO kiseki_composition::hydrator: composition hydrator: installed compositions from log applied=15 last_applied=1741
May 09 08:39:30 kiseki-storage-1 kiseki-server[9181]: 2026-05-09T08:39:30.403236Z  INFO kiseki_composition::hydrator: composition hydrator: installed compositions from log applied=16 last_applied=1757
May 09 08:39:30 kiseki-storage-1 kiseki-server[9181]: 2026-05-09T08:39:30.507938Z  INFO kiseki_composition::hydrator: composition hydrator: installed compositions from log applied=8 last_applied=1765
May 09 08:39:30 kiseki-storage-1 kiseki-server[9181]: 2026-05-09T08:39:30.612932Z  INFO kiseki_composition::hydrator: composition hydrator: installed compositions from log applied=15 last_applied=1780
May 09 08:39:30 kiseki-storage-1 kiseki-server[9181]: 2026-05-09T08:39:30.728786Z  INFO kiseki_composition::hydrator: composition hydrator: installed compositions from log applied=13 last_applied=1793
May 09 08:39:30 kiseki-storage-1 kiseki-server[9181]: 2026-05-09T08:39:30.847138Z  INFO kiseki_composition::hydrator: composition hydrator: installed compositions from log applied=12 last_applied=1805
May 09 08:39:30 kiseki-storage-1 kiseki-server[9181]: 2026-05-09T08:39:30.951749Z  INFO kiseki_composition::hydrator: composition hydrator: installed compositions from log applied=22 last_applied=1827
May 09 08:39:31 kiseki-storage-1 kiseki-server[9181]: 2026-05-09T08:39:31.054423Z  INFO kiseki_composition::hydrator: composition hydrator: installed compositions from log applied=17 last_applied=1844
May 09 08:39:31 kiseki-storage-1 kiseki-server[9181]: 2026-05-09T08:39:31.156988Z  INFO kiseki_composition::hydrator: composition hydrator: installed compositions from log applied=17 last_applied=1861
May 09 08:39:31 kiseki-storage-1 kiseki-server[9181]: 2026-05-09T08:39:31.259895Z  INFO kiseki_composition::hydrator: composition hydrator: installed compositions from log applied=17 last_applied=1878
May 09 08:39:31 kiseki-storage-1 kiseki-server[9181]: 2026-05-09T08:39:31.361672Z  INFO kiseki_composition::hydrator: composition hydrator: installed compositions from log applied=2 last_applied=1880
May 09 08:39:35 kiseki-storage-1 kiseki-server[9181]: 2026-05-09T08:39:35.698078Z  INFO kiseki_server::runtime: scrub: periodic check completed
May 09 08:40:35 kiseki-storage-1 kiseki-server[9181]: 2026-05-09T08:40:35.699823Z  INFO kiseki_server::runtime: scrub: periodic check completed
May 09 08:41:03 kiseki-storage-1 kiseki-server[9181]: 2026-05-09T08:41:03.818277Z  INFO kiseki_composition::hydrator: composition hydrator: installed compositions from log applied=1 last_applied=1881
May 09 08:41:05 kiseki-storage-1 kiseki-server[9181]: 2026-05-09T08:41:05.534804Z  INFO kiseki_composition::hydrator: composition hydrator: installed compositions from log applied=1 last_applied=1882
May 09 08:41:08 kiseki-storage-1 kiseki-server[9181]: 2026-05-09T08:41:08.115142Z  INFO kiseki_composition::hydrator: composition hydrator: installed compositions from log applied=1 last_applied=1883
May 09 08:41:14 kiseki-storage-1 kiseki-server[9181]: 2026-05-09T08:41:14.018961Z  INFO kiseki_composition::hydrator: composition hydrator: installed compositions from log applied=1 last_applied=1884
May 09 08:41:35 kiseki-storage-1 kiseki-server[9181]: 2026-05-09T08:41:35.701499Z  INFO kiseki_server::runtime: scrub: periodic check completed
May 09 08:42:35 kiseki-storage-1 kiseki-server[9181]: 2026-05-09T08:42:35.702617Z  INFO kiseki_server::runtime: scrub: periodic check completed
May 09 08:43:35 kiseki-storage-1 kiseki-server[9181]: 2026-05-09T08:43:35.702929Z  INFO kiseki_server::runtime: scrub: periodic check completed
May 09 08:44:35 kiseki-storage-1 kiseki-server[9181]: 2026-05-09T08:44:35.704596Z  INFO kiseki_server::runtime: scrub: periodic check completed
May 09 08:45:35 kiseki-storage-1 kiseki-server[9181]: 2026-05-09T08:45:35.705719Z  INFO kiseki_server::runtime: scrub: periodic check completed
May 09 08:46:27 kiseki-storage-1 kiseki-server[9181]: 2026-05-09T08:46:27.108028Z  WARN kiseki_gateway::native::tcp_framed::listener: rejecting TCP-framed connection — per-peer cap exceeded peer=10.0.0.30 active=17 cap=16
May 09 08:46:27 kiseki-storage-1 kiseki-server[9181]: 2026-05-09T08:46:27.108248Z  WARN kiseki_gateway::native::tcp_framed::listener: rejecting TCP-framed connection — per-peer cap exceeded peer=10.0.0.30 active=17 cap=16
May 09 08:46:27 kiseki-storage-1 kiseki-server[9181]: 2026-05-09T08:46:27.108414Z  WARN kiseki_gateway::native::tcp_framed::listener: rejecting TCP-framed connection — per-peer cap exceeded peer=10.0.0.30 active=17 cap=16
May 09 08:46:27 kiseki-storage-1 kiseki-server[9181]: 2026-05-09T08:46:27.108538Z  WARN kiseki_gateway::native::tcp_framed::listener: rejecting TCP-framed connection — per-peer cap exceeded peer=10.0.0.30 active=17 cap=16
May 09 08:46:27 kiseki-storage-1 kiseki-server[9181]: 2026-05-09T08:46:27.108655Z  WARN kiseki_gateway::native::tcp_framed::listener: rejecting TCP-framed connection — per-peer cap exceeded peer=10.0.0.30 active=17 cap=16
May 09 08:46:27 kiseki-storage-1 kiseki-server[9181]: 2026-05-09T08:46:27.108812Z  WARN kiseki_gateway::native::tcp_framed::listener: rejecting TCP-framed connection — per-peer cap exceeded peer=10.0.0.30 active=17 cap=16
May 09 08:46:27 kiseki-storage-1 kiseki-server[9181]: 2026-05-09T08:46:27.108922Z  WARN kiseki_gateway::native::tcp_framed::listener: rejecting TCP-framed connection — per-peer cap exceeded peer=10.0.0.30 active=17 cap=16
May 09 08:46:27 kiseki-storage-1 kiseki-server[9181]: 2026-05-09T08:46:27.109055Z  WARN kiseki_gateway::native::tcp_framed::listener: rejecting TCP-framed connection — per-peer cap exceeded peer=10.0.0.30 active=17 cap=16
May 09 08:46:27 kiseki-storage-1 kiseki-server[9181]: 2026-05-09T08:46:27.109163Z  WARN kiseki_gateway::native::tcp_framed::listener: rejecting TCP-framed connection — per-peer cap exceeded peer=10.0.0.30 active=17 cap=16
May 09 08:46:27 kiseki-storage-1 kiseki-server[9181]: 2026-05-09T08:46:27.109271Z  WARN kiseki_gateway::native::tcp_framed::listener: rejecting TCP-framed connection — per-peer cap exceeded peer=10.0.0.30 active=17 cap=16
May 09 08:46:27 kiseki-storage-1 kiseki-server[9181]: 2026-05-09T08:46:27.109442Z  WARN kiseki_gateway::native::tcp_framed::listener: rejecting TCP-framed connection — per-peer cap exceeded peer=10.0.0.30 active=17 cap=16
May 09 08:46:27 kiseki-storage-1 kiseki-server[9181]: 2026-05-09T08:46:27.109579Z  WARN kiseki_gateway::native::tcp_framed::listener: rejecting TCP-framed connection — per-peer cap exceeded peer=10.0.0.30 active=17 cap=16
May 09 08:46:27 kiseki-storage-1 kiseki-server[9181]: 2026-05-09T08:46:27.109660Z  WARN kiseki_gateway::native::tcp_framed::listener: rejecting TCP-framed connection — per-peer cap exceeded peer=10.0.0.30 active=17 cap=16
May 09 08:46:27 kiseki-storage-1 kiseki-server[9181]: 2026-05-09T08:46:27.109750Z  WARN kiseki_gateway::native::tcp_framed::listener: rejecting TCP-framed connection — per-peer cap exceeded peer=10.0.0.30 active=17 cap=16
May 09 08:46:27 kiseki-storage-1 kiseki-server[9181]: 2026-05-09T08:46:27.109906Z  WARN kiseki_gateway::native::tcp_framed::listener: rejecting TCP-framed connection — per-peer cap exceeded peer=10.0.0.30 active=17 cap=16
May 09 08:46:27 kiseki-storage-1 kiseki-server[9181]: 2026-05-09T08:46:27.110000Z  WARN kiseki_gateway::native::tcp_framed::listener: rejecting TCP-framed connection — per-peer cap exceeded peer=10.0.0.30 active=17 cap=16
May 09 08:46:35 kiseki-storage-1 kiseki-server[9181]: 2026-05-09T08:46:35.705915Z  INFO kiseki_server::runtime: scrub: periodic check completed
May 09 08:47:35 kiseki-storage-1 kiseki-server[9181]: 2026-05-09T08:47:35.707448Z  INFO kiseki_server::runtime: scrub: periodic check completed
May 09 08:48:09 kiseki-storage-1 kiseki-server[9181]: 2026-05-09T08:48:09.449392Z  WARN kiseki_gateway::native::tcp_framed::listener: rejecting TCP-framed connection — per-peer cap exceeded peer=10.0.0.30 active=17 cap=16
May 09 08:48:09 kiseki-storage-1 kiseki-server[9181]: 2026-05-09T08:48:09.449563Z  WARN kiseki_gateway::native::tcp_framed::listener: rejecting TCP-framed connection — per-peer cap exceeded peer=10.0.0.30 active=17 cap=16
May 09 08:48:09 kiseki-storage-1 kiseki-server[9181]: 2026-05-09T08:48:09.449708Z  WARN kiseki_gateway::native::tcp_framed::listener: rejecting TCP-framed connection — per-peer cap exceeded peer=10.0.0.30 active=17 cap=16
May 09 08:48:09 kiseki-storage-1 kiseki-server[9181]: 2026-05-09T08:48:09.449817Z  WARN kiseki_gateway::native::tcp_framed::listener: rejecting TCP-framed connection — per-peer cap exceeded peer=10.0.0.30 active=17 cap=16
May 09 08:48:09 kiseki-storage-1 kiseki-server[9181]: 2026-05-09T08:48:09.449959Z  WARN kiseki_gateway::native::tcp_framed::listener: rejecting TCP-framed connection — per-peer cap exceeded peer=10.0.0.30 active=17 cap=16
May 09 08:48:09 kiseki-storage-1 kiseki-server[9181]: 2026-05-09T08:48:09.450082Z  WARN kiseki_gateway::native::tcp_framed::listener: rejecting TCP-framed connection — per-peer cap exceeded peer=10.0.0.30 active=17 cap=16
May 09 08:48:09 kiseki-storage-1 kiseki-server[9181]: 2026-05-09T08:48:09.450182Z  WARN kiseki_gateway::native::tcp_framed::listener: rejecting TCP-framed connection — per-peer cap exceeded peer=10.0.0.30 active=17 cap=16
May 09 08:48:09 kiseki-storage-1 kiseki-server[9181]: 2026-05-09T08:48:09.450283Z  WARN kiseki_gateway::native::tcp_framed::listener: rejecting TCP-framed connection — per-peer cap exceeded peer=10.0.0.30 active=17 cap=16
May 09 08:48:09 kiseki-storage-1 kiseki-server[9181]: 2026-05-09T08:48:09.450374Z  WARN kiseki_gateway::native::tcp_framed::listener: rejecting TCP-framed connection — per-peer cap exceeded peer=10.0.0.30 active=17 cap=16
May 09 08:48:09 kiseki-storage-1 kiseki-server[9181]: 2026-05-09T08:48:09.450512Z  WARN kiseki_gateway::native::tcp_framed::listener: rejecting TCP-framed connection — per-peer cap exceeded peer=10.0.0.30 active=17 cap=16
May 09 08:48:09 kiseki-storage-1 kiseki-server[9181]: 2026-05-09T08:48:09.450665Z  WARN kiseki_gateway::native::tcp_framed::listener: rejecting TCP-framed connection — per-peer cap exceeded peer=10.0.0.30 active=17 cap=16
May 09 08:48:09 kiseki-storage-1 kiseki-server[9181]: 2026-05-09T08:48:09.450791Z  WARN kiseki_gateway::native::tcp_framed::listener: rejecting TCP-framed connection — per-peer cap exceeded peer=10.0.0.30 active=17 cap=16
May 09 08:48:09 kiseki-storage-1 kiseki-server[9181]: 2026-05-09T08:48:09.450948Z  WARN kiseki_gateway::native::tcp_framed::listener: rejecting TCP-framed connection — per-peer cap exceeded peer=10.0.0.30 active=17 cap=16
May 09 08:48:09 kiseki-storage-1 kiseki-server[9181]: 2026-05-09T08:48:09.451009Z  WARN kiseki_gateway::native::tcp_framed::listener: rejecting TCP-framed connection — per-peer cap exceeded peer=10.0.0.30 active=17 cap=16
May 09 08:48:09 kiseki-storage-1 kiseki-server[9181]: 2026-05-09T08:48:09.451160Z  WARN kiseki_gateway::native::tcp_framed::listener: rejecting TCP-framed connection — per-peer cap exceeded peer=10.0.0.30 active=17 cap=16
May 09 08:48:09 kiseki-storage-1 kiseki-server[9181]: 2026-05-09T08:48:09.451233Z  WARN kiseki_gateway::native::tcp_framed::listener: rejecting TCP-framed connection — per-peer cap exceeded peer=10.0.0.30 active=17 cap=16
May 09 08:48:35 kiseki-storage-1 kiseki-server[9181]: 2026-05-09T08:48:35.707924Z  INFO kiseki_server::runtime: scrub: periodic check completed
May 09 08:49:35 kiseki-storage-1 kiseki-server[9181]: 2026-05-09T08:49:35.709136Z  INFO kiseki_server::runtime: scrub: periodic check completed
May 09 08:49:55 kiseki-storage-1 kiseki-server[9181]: 2026-05-09T08:49:55.297132Z  WARN kiseki_gateway::native::tcp_framed::listener: rejecting TCP-framed connection — per-peer cap exceeded peer=10.0.0.30 active=17 cap=16
May 09 08:50:35 kiseki-storage-1 kiseki-server[9181]: 2026-05-09T08:50:35.710191Z  INFO kiseki_server::runtime: scrub: periodic check completed
May 09 08:51:35 kiseki-storage-1 kiseki-server[9181]: 2026-05-09T08:51:35.710966Z  INFO kiseki_server::runtime: scrub: periodic check completed
May 09 08:52:35 kiseki-storage-1 kiseki-server[9181]: 2026-05-09T08:52:35.712025Z  INFO kiseki_server::runtime: scrub: periodic check completed
May 09 08:53:35 kiseki-storage-1 kiseki-server[9181]: 2026-05-09T08:53:35.713843Z  INFO kiseki_server::runtime: scrub: periodic check completed
May 09 08:54:35 kiseki-storage-1 kiseki-server[9181]: 2026-05-09T08:54:35.715020Z  INFO kiseki_server::runtime: scrub: periodic check completed
May 09 08:55:35 kiseki-storage-1 kiseki-server[9181]: 2026-05-09T08:55:35.716862Z  INFO kiseki_server::runtime: scrub: periodic check completed
May 09 08:56:35 kiseki-storage-1 kiseki-server[9181]: 2026-05-09T08:56:35.718541Z  INFO kiseki_server::runtime: scrub: periodic check completed
May 09 08:57:35 kiseki-storage-1 kiseki-server[9181]: 2026-05-09T08:57:35.719154Z  INFO kiseki_server::runtime: scrub: periodic check completed
